进程号42372,更改输出流完毕
mssql## hyperbase184
sqlserver 172.20.72.117 链接耗时:375.870毫秒
sqlserver 172.20.72.117 链接耗时:166.348毫秒
sqlserver 172.20.72.117 链接耗时:172.479毫秒
sqlserver 172.20.72.117 链接耗时:177.620毫秒
sqlserver 172.20.72.117 链接耗时:177.439毫秒
no jvm exsist,starting...
未启用kerberos认证
start建立连接...
HBase 无认证连接成功: hconnection-0x5e7cd6cc
stablish conn done
hyperbase184链接耗时:2101.383000毫秒
['info_binary_dml_batch1_pk', 'info_binary_dml_batch1_pk_drp1', 'info_binary_dml_batch1_pk_drp2', 'info_binary_dml_batch1_pk_irp1', 'info_binary_dml_batch1_pk_irp2', 'info_binary_dml_batch1_pk_urp1', 'info_binary_dml_batch1_pk_urp2', 'info_binary_dml_batch2_pk_irp1', 'info_binary_dml_batch2_pk_irp2', 'info_binary_dml_single_nopk', 'info_binary_dml_single_nopk_drp', 'info_binary_dml_single_nopk_irp', 'info_binary_dml_single_nopk_urp', 'info_binary_dml_single_pk', 'info_binary_dml_single_pk_drp', 'info_binary_dml_single_pk_irp', 'info_binary_dml_single_pk_urp', 'info_char_dml_batch1_pk', 'info_char_dml_batch1_pk_drp1', 'info_char_dml_batch1_pk_drp2', 'info_char_dml_batch1_pk_irp1', 'info_char_dml_batch1_pk_irp2', 'info_char_dml_batch1_pk_urp1', 'info_char_dml_batch1_pk_urp2', 'info_char_dml_batch2_pk_irp1', 'info_char_dml_batch2_pk_irp2', 'info_char_dml_single_nopk', 'info_char_dml_single_nopk_drp', 'info_char_dml_single_nopk_irp', 'info_char_dml_single_nopk_urp', 'info_char_dml_single_pk', 'info_char_dml_single_pk_drp', 'info_char_dml_single_pk_irp', 'info_char_dml_single_pk_urp', 'info_date_dml_batch1_pk', 'info_date_dml_batch1_pk_drp1', 'info_date_dml_batch1_pk_drp2', 'info_date_dml_batch1_pk_irp1', 'info_date_dml_batch1_pk_irp2', 'info_date_dml_batch1_pk_urp1', 'info_date_dml_batch1_pk_urp2', 'info_date_dml_batch2_pk_irp1', 'info_date_dml_batch2_pk_irp2', 'info_date_dml_single_nopk', 'info_date_dml_single_nopk_drp', 'info_date_dml_single_nopk_irp', 'info_date_dml_single_nopk_urp', 'info_date_dml_single_pk', 'info_date_dml_single_pk_drp', 'info_date_dml_single_pk_irp', 'info_date_dml_single_pk_urp', 'info_datetime2_dml_batch1_pk', 'info_datetime2_dml_batch1_pk_drp1', 'info_datetime2_dml_batch1_pk_drp2', 'info_datetime2_dml_batch1_pk_irp1', 'info_datetime2_dml_batch1_pk_irp2', 'info_datetime2_dml_batch1_pk_urp1', 'info_datetime2_dml_batch1_pk_urp2', 'info_datetime2_dml_batch2_pk_irp1', 'info_datetime2_dml_batch2_pk_irp2', 'info_datetime2_dml_single_nopk', 'info_datetime2_dml_single_nopk_drp', 'info_datetime2_dml_single_nopk_irp', 'info_datetime2_dml_single_nopk_urp', 'info_datetime2_dml_single_pk', 'info_datetime2_dml_single_pk_drp', 'info_datetime2_dml_single_pk_irp', 'info_datetime2_dml_single_pk_urp', 'info_datetime_dml_batch1_pk', 'info_datetime_dml_batch1_pk_drp1', 'info_datetime_dml_batch1_pk_drp2', 'info_datetime_dml_batch1_pk_irp1', 'info_datetime_dml_batch1_pk_irp2', 'info_datetime_dml_batch1_pk_urp1', 'info_datetime_dml_batch1_pk_urp2', 'info_datetime_dml_batch2_pk_irp1', 'info_datetime_dml_batch2_pk_irp2', 'info_datetime_dml_single_nopk', 'info_datetime_dml_single_nopk_drp', 'info_datetime_dml_single_nopk_irp', 'info_datetime_dml_single_nopk_urp', 'info_datetime_dml_single_pk', 'info_datetime_dml_single_pk_drp', 'info_datetime_dml_single_pk_irp', 'info_datetime_dml_single_pk_urp', 'info_datetimeoffset_dml_batch1_pk', 'info_datetimeoffset_dml_batch1_pk_drp1', 'info_datetimeoffset_dml_batch1_pk_drp2', 'info_datetimeoffset_dml_batch1_pk_irp1', 'info_datetimeoffset_dml_batch1_pk_irp2', 'info_datetimeoffset_dml_batch1_pk_urp1', 'info_datetimeoffset_dml_batch1_pk_urp2', 'info_datetimeoffset_dml_batch2_pk_irp1', 'info_datetimeoffset_dml_batch2_pk_irp2', 'info_datetimeoffset_dml_single_nopk', 'info_datetimeoffset_dml_single_nopk_drp', 'info_datetimeoffset_dml_single_nopk_irp', 'info_datetimeoffset_dml_single_nopk_urp', 'info_datetimeoffset_dml_single_pk', 'info_datetimeoffset_dml_single_pk_drp', 'info_datetimeoffset_dml_single_pk_irp', 'info_datetimeoffset_dml_single_pk_urp', 'info_geography_dml_single_nopk', 'info_geography_dml_single_nopk_drp', 'info_geography_dml_single_nopk_irp', 'info_geography_dml_single_nopk_urp', 'info_geography_dml_single_pk', 'info_geography_dml_single_pk_drp', 'info_geography_dml_single_pk_irp', 'info_geography_dml_single_pk_urp', 'info_geometry_dml_single_nopk', 'info_geometry_dml_single_nopk_drp', 'info_geometry_dml_single_nopk_irp', 'info_geometry_dml_single_nopk_urp', 'info_geometry_dml_single_pk', 'info_geometry_dml_single_pk_drp', 'info_geometry_dml_single_pk_irp', 'info_geometry_dml_single_pk_urp', 'info_hierarchyid_dml_single_nopk', 'info_hierarchyid_dml_single_nopk_drp', 'info_hierarchyid_dml_single_nopk_irp', 'info_hierarchyid_dml_single_nopk_urp', 'info_hierarchyid_dml_single_pk', 'info_hierarchyid_dml_single_pk_drp', 'info_hierarchyid_dml_single_pk_irp', 'info_hierarchyid_dml_single_pk_urp', 'info_int_dml_batch1_pk', 'info_int_dml_batch1_pk_drp1', 'info_int_dml_batch1_pk_drp2', 'info_int_dml_batch1_pk_irp1', 'info_int_dml_batch1_pk_irp2', 'info_int_dml_batch1_pk_urp1', 'info_int_dml_batch1_pk_urp2', 'info_int_dml_batch2_pk_irp1', 'info_int_dml_batch2_pk_irp2', 'info_int_dml_single_nopk', 'info_int_dml_single_nopk_drp', 'info_int_dml_single_nopk_irp', 'info_int_dml_single_nopk_urp', 'info_int_dml_single_pk', 'info_int_dml_single_pk_drp', 'info_int_dml_single_pk_irp', 'info_int_dml_single_pk_urp', 'info_nchar_dml_batch1_pk', 'info_nchar_dml_batch1_pk_drp1', 'info_nchar_dml_batch1_pk_drp2', 'info_nchar_dml_batch1_pk_irp1', 'info_nchar_dml_batch1_pk_irp2', 'info_nchar_dml_batch1_pk_urp1', 'info_nchar_dml_batch2_pk_irp1', 'info_nchar_dml_batch2_pk_irp2', 'info_nchar_dml_batch2_pk_urp2', 'info_nchar_dml_single_nopk', 'info_nchar_dml_single_nopk_drp', 'info_nchar_dml_single_nopk_irp', 'info_nchar_dml_single_nopk_urp', 'info_nchar_dml_single_pk', 'info_nchar_dml_single_pk_drp', 'info_nchar_dml_single_pk_irp', 'info_nchar_dml_single_pk_urp', 'info_nvarchar_dml_batch1_pk', 'info_nvarchar_dml_batch1_pk_drp1', 'info_nvarchar_dml_batch1_pk_drp2', 'info_nvarchar_dml_batch1_pk_irp1', 'info_nvarchar_dml_batch1_pk_irp2', 'info_nvarchar_dml_batch1_pk_urp1', 'info_nvarchar_dml_batch2_pk_irp1', 'info_nvarchar_dml_batch2_pk_irp2', 'info_nvarchar_dml_batch2_pk_urp2', 'info_nvarchar_dml_single_nopk', 'info_nvarchar_dml_single_nopk_drp', 'info_nvarchar_dml_single_nopk_irp', 'info_nvarchar_dml_single_nopk_urp', 'info_nvarchar_dml_single_pk', 'info_nvarchar_dml_single_pk_drp', 'info_nvarchar_dml_single_pk_irp', 'info_nvarchar_dml_single_pk_urp', 'info_sdt_dml_batch1_pk', 'info_sdt_dml_batch1_pk_drp1', 'info_sdt_dml_batch1_pk_drp2', 'info_sdt_dml_batch1_pk_irp1', 'info_sdt_dml_batch1_pk_irp2', 'info_sdt_dml_batch1_pk_urp1', 'info_sdt_dml_batch1_pk_urp2', 'info_sdt_dml_batch2_pk_irp1', 'info_sdt_dml_batch2_pk_irp2', 'info_sdt_dml_single_nopk', 'info_sdt_dml_single_nopk_drp', 'info_sdt_dml_single_nopk_irp', 'info_sdt_dml_single_nopk_urp', 'info_sdt_dml_single_pk', 'info_sdt_dml_single_pk_drp', 'info_sdt_dml_single_pk_irp', 'info_sdt_dml_single_pk_urp', 'info_sql_variant_dml_single_nopk', 'info_sql_variant_dml_single_nopk_drp', 'info_sql_variant_dml_single_nopk_irp', 'info_sql_variant_dml_single_nopk_urp', 'info_sql_variant_dml_single_pk', 'info_sql_variant_dml_single_pk_drp', 'info_sql_variant_dml_single_pk_irp', 'info_sql_variant_dml_single_pk_urp', 'info_text_dml_single_nopk', 'info_text_dml_single_nopk_drp', 'info_text_dml_single_nopk_irp', 'info_text_dml_single_nopk_urp', 'info_text_dml_single_pk', 'info_text_dml_single_pk_drp', 'info_text_dml_single_pk_irp', 'info_text_dml_single_pk_urp', 'info_time_dml_batch1_pk', 'info_time_dml_batch1_pk_drp1', 'info_time_dml_batch1_pk_drp2', 'info_time_dml_batch1_pk_irp1', 'info_time_dml_batch1_pk_irp2', 'info_time_dml_batch1_pk_urp1', 'info_time_dml_batch1_pk_urp2', 'info_time_dml_batch2_pk_irp1', 'info_time_dml_batch2_pk_irp2', 'info_time_dml_single_nopk', 'info_time_dml_single_nopk_drp', 'info_time_dml_single_nopk_irp', 'info_time_dml_single_nopk_urp', 'info_time_dml_single_pk', 'info_time_dml_single_pk_drp', 'info_time_dml_single_pk_irp', 'info_time_dml_single_pk_urp', 'info_timestamp_dml_single_nopk_drp', 'info_timestamp_dml_single_nopk_irp', 'info_timestamp_dml_single_pk_drp', 'info_timestamp_dml_single_pk_irp', 'info_uniqueidentifier_dml_single_nopk', 'info_uniqueidentifier_dml_single_nopk_drp', 'info_uniqueidentifier_dml_single_nopk_irp', 'info_uniqueidentifier_dml_single_nopk_urp', 'info_uniqueidentifier_dml_single_pk', 'info_uniqueidentifier_dml_single_pk_drp', 'info_uniqueidentifier_dml_single_pk_irp', 'info_uniqueidentifier_dml_single_pk_urp', 'info_varbinary_dml_batch1_pk_irp1', 'info_varbinary_dml_batch1_pk_irp2', 'info_varbinary_dml_batch1_pk_urp1', 'info_varbinary_dml_batch1_pk_urp2', 'info_varbinary_dml_batch2_pk_irp1', 'info_varbinary_dml_batch2_pk_irp2', 'info_varbinary_dml_single_nopk', 'info_varbinary_dml_single_nopk_drp', 'info_varbinary_dml_single_nopk_irp', 'info_varbinary_dml_single_nopk_urp', 'info_varbinary_dml_single_pk', 'info_varbinary_dml_single_pk_drp', 'info_varbinary_dml_single_pk_irp', 'info_varbinary_dml_single_pk_urp', 'info_varbinary_max_dml_single_nopk', 'info_varbinary_max_dml_single_nopk_drp', 'info_varbinary_max_dml_single_nopk_irp', 'info_varbinary_max_dml_single_nopk_urp', 'info_varbinary_max_dml_single_pk', 'info_varbinary_max_dml_single_pk_drp', 'info_varbinary_max_dml_single_pk_irp', 'info_varbinary_max_dml_single_pk_urp', 'info_varchar_dml_batch1_pk', 'info_varchar_dml_batch1_pk_drp1', 'info_varchar_dml_batch1_pk_drp2', 'info_varchar_dml_batch1_pk_irp1', 'info_varchar_dml_batch1_pk_irp2', 'info_varchar_dml_batch1_pk_urp1', 'info_varchar_dml_batch1_pk_urp2', 'info_varchar_dml_batch2_pk_irp1', 'info_varchar_dml_batch2_pk_irp2', 'info_varchar_dml_single_nopk', 'info_varchar_dml_single_nopk_drp', 'info_varchar_dml_single_nopk_irp', 'info_varchar_dml_single_nopk_urp', 'info_varchar_dml_single_pk', 'info_varchar_dml_single_pk_drp', 'info_varchar_dml_single_pk_irp', 'info_varchar_dml_single_pk_urp', 'info_varcharmax_dml_batch1_pk', 'info_varcharmax_dml_batch1_pk_drp1', 'info_varcharmax_dml_batch1_pk_drp2', 'info_varcharmax_dml_batch1_pk_irp1', 'info_varcharmax_dml_batch1_pk_irp2', 'info_varcharmax_dml_batch1_pk_urp1', 'info_varcharmax_dml_batch1_pk_urp2', 'info_varcharmax_dml_batch2_pk_irp1', 'info_varcharmax_dml_batch2_pk_irp2', 'info_varcharmax_dml_single_nopk', 'info_varcharmax_dml_single_nopk_drp', 'info_varcharmax_dml_single_nopk_irp', 'info_varcharmax_dml_single_nopk_urp', 'info_varcharmax_dml_single_pk', 'info_varcharmax_dml_single_pk_drp', 'info_varcharmax_dml_single_pk_irp', 'info_varcharmax_dml_single_pk_urp', 'info_xml_dml_single_nopk', 'info_xml_dml_single_nopk_drp', 'info_xml_dml_single_nopk_irp', 'info_xml_dml_single_nopk_urp', 'info_xml_dml_single_pk', 'info_xml_dml_single_pk_drp', 'info_xml_dml_single_pk_irp', 'info_xml_dml_single_pk_urp']
源端共计 303个表，备端共计 303个表
表 info_sql_variant_dml_single_pk_irp 开始比对
[0;34m info_sql_variant_dml_single_pk_irp [0m源备字段数相同，源端字段：25 	备端字段25
[0;31m NO! [0m 	 id列源备映射错误，源端为int None位	期望更改为text	实际备端为int None位
[0;31m NO! [0m 	 c_date列源备映射错误，源端为sql_variant 0位	期望更改为text	实际备端为sql_variant 0位
[0;31m NO! [0m 	 c_time列源备映射错误，源端为sql_variant 0位	期望更改为text	实际备端为sql_variant 0位
[0;31m NO! [0m 	 c_datetime2列源备映射错误，源端为sql_variant 0位	期望更改为text	实际备端为sql_variant 0位
[0;31m NO! [0m 	 c_datetimeoffset列源备映射错误，源端为sql_variant 0位	期望更改为text	实际备端为sql_variant 0位
[0;31m NO! [0m 	 c_tinyint列源备映射错误，源端为sql_variant 0位	期望更改为text	实际备端为sql_variant 0位
[0;31m NO! [0m 	 c_smallint列源备映射错误，源端为sql_variant 0位	期望更改为text	实际备端为sql_variant 0位
[0;31m NO! [0m 	 c_int列源备映射错误，源端为sql_variant 0位	期望更改为text	实际备端为sql_variant 0位
[0;31m NO! [0m 	 c_sdt列源备映射错误，源端为sql_variant 0位	期望更改为text	实际备端为sql_variant 0位
[0;31m NO! [0m 	 c_real列源备映射错误，源端为sql_variant 0位	期望更改为text	实际备端为sql_variant 0位
[0;31m NO! [0m 	 c_money列源备映射错误，源端为sql_variant 0位	期望更改为text	实际备端为sql_variant 0位
[0;31m NO! [0m 	 c_datetime列源备映射错误，源端为sql_variant 0位	期望更改为text	实际备端为sql_variant 0位
[0;31m NO! [0m 	 c_float列源备映射错误，源端为sql_variant 0位	期望更改为text	实际备端为sql_variant 0位
[0;31m NO! [0m 	 c_bit列源备映射错误，源端为sql_variant 0位	期望更改为text	实际备端为sql_variant 0位
[0;31m NO! [0m 	 c_decimal列源备映射错误，源端为sql_variant 0位	期望更改为text	实际备端为sql_variant 0位
[0;31m NO! [0m 	 c_uniqueidentifier列源备映射错误，源端为sql_variant 0位	期望更改为text	实际备端为sql_variant 0位
[0;31m NO! [0m 	 c_smallmoney列源备映射错误，源端为sql_variant 0位	期望更改为text	实际备端为sql_variant 0位
[0;31m NO! [0m 	 c_bigint列源备映射错误，源端为sql_variant 0位	期望更改为text	实际备端为sql_variant 0位
[0;31m NO! [0m 	 c_varbinary_20列源备映射错误，源端为sql_variant 0位	期望更改为text	实际备端为sql_variant 0位
[0;31m NO! [0m 	 c_varchar_20列源备映射错误，源端为sql_variant 0位	期望更改为text	实际备端为sql_variant 0位
[0;31m NO! [0m 	 c_binary_20列源备映射错误，源端为sql_variant 0位	期望更改为text	实际备端为sql_variant 0位
[0;31m NO! [0m 	 c_char_20列源备映射错误，源端为sql_variant 0位	期望更改为text	实际备端为sql_variant 0位
[0;31m NO! [0m 	 c_nvarchar_20列源备映射错误，源端为sql_variant 0位	期望更改为text	实际备端为sql_variant 0位
[0;31m NO! [0m 	 c_nchar_20列源备映射错误，源端为sql_variant 0位	期望更改为text	实际备端为sql_variant 0位
[0;31m NO! [0m 	 c_timestamp列源备映射错误，源端为timestamp None位	期望更改为text	实际备端为timestamp None位
当前线程： ThreadPoolExecutor-9_0 正在获取： info_sql_variant_dml_single_pk_irp 端内容
表 info_xml_dml_single_nopk_urp 开始比对
[0;34m info_xml_dml_single_nopk_urp [0m源备字段数相同，源端字段：2 	备端字段2
[0;31m NO! [0m 	 id列源备映射错误，源端为int None位	期望更改为text	实际备端为int None位
[0;31m NO! [0m 	 c_xml列源备映射错误，源端为xml -1位	期望更改为text	实际备端为xml -1位
当前线程： ThreadPoolExecutor-9_1 正在获取： info_xml_dml_single_nopk_urp 端内容
表 info_nchar_dml_single_nopk_irp 开始比对
[0;34m info_nchar_dml_single_nopk_irp [0m源备字段数相同，源端字段：4 	备端字段4
[0;31m NO! [0m 	 id列源备映射错误，源端为int None位	期望更改为text	实际备端为int None位
[0;31m NO! [0m 	 c_nchar列源备映射错误，源端为nchar 2位	期望更改为text	实际备端为nchar 2位
[0;31m NO! [0m 	 c_nchar20列源备映射错误，源端为nchar 40位	期望更改为text	实际备端为nchar 40位
[0;31m NO! [0m 	 c_nchar4000列源备映射错误，源端为nchar 8000位	期望更改为text	实际备端为nchar 8000位
当前线程： 
ThreadPoolExecutor-9_2 正在获取： info_nchar_dml_single_nopk_irp 端内容
表 info_sdt_dml_single_pk_urp 开始比对
[0;34m info_sdt_dml_single_pk_urp [0m源备字段数相同，源端字段：2 	备端字段2
[0;31m NO! [0m 	 id列源备映射错误，源端为int None位	期望更改为text	实际备端为int None位
[0;31m NO! [0m 	 c_sdt列源备映射错误，源端为smalldatetime None位	期望更改为text	实际备端为smalldatetime None位
当前线程： ThreadPoolExecutor-9_3 正在获取： info_sdt_dml_single_pk_urp 端内容
sqlserver 172.20.72.117 链接耗时:32.100毫秒
sqlserver 172.20.72.117 链接耗时:33.285毫秒
sqlserver 172.20.72.117 链接耗时:31.780毫秒
src:info_xml_dml_single_nopk_urp列信息获取耗时: 78.00毫秒
select * from [info_xml_dml_single_nopk_urp]
src:info_sql_variant_dml_single_pk_irp列信息获取耗时: 78.00毫秒
select "id",cast("c_date" as nvarchar(max)),cast("c_time" as nvarchar(max)),cast("c_datetime2" as nvarchar(max)),cast("c_datetimeoffset" as nvarchar(max)),cast("c_tinyint" as nvarchar(max)),cast("c_smallint" as nvarchar(max)),cast("c_int" as nvarchar(max)),cast("c_sdt" as nvarchar(max)),cast("c_real" as nvarchar(max)),cast("c_money" as nvarchar(max)),cast("c_datetime" as nvarchar(max)),cast("c_float" as nvarchar(max)),cast("c_bit" as nvarchar(max)),cast("c_decimal" as nvarchar(max)),cast("c_uniqueidentifier" as nvarchar(max)),cast("c_smallmoney" as nvarchar(max)),cast("c_bigint" as nvarchar(max)),convert(varchar(max),c_varbinary_20,1),cast("c_varchar_20" as nvarchar(max)),convert(varchar(max),c_binary_20,1),cast("c_char_20" as nvarchar(max)),cast("c_nvarchar_20" as nvarchar(max)),cast("c_nchar_20" as nvarchar(max)),'timestamp不参与比较' from [info_sql_variant_dml_single_pk_irp]  order by  "id"
src:info_sdt_dml_single_pk_urp列信息获取耗时: 78.00毫秒
select * from [info_sdt_dml_single_pk_urp]  order by  "id"
sqlserver 172.20.72.117 链接耗时:168.755毫秒
src:info_nchar_dml_single_nopk_irp列信息获取耗时: 203.00毫秒
select * from [info_nchar_dml_single_nopk_irp]
Y 行数相同,源5行,备5行

无主键表
YES! hash比对通过
[]
表 info_xml_dml_single_nopk_urp 比对完成，耗时360.00毫秒
表 info_nchar_dml_single_nopk_urp 开始比对
[0;34m info_nchar_dml_single_nopk_urp [0m源备字段数相同，源端字段：4 	备端字段4
[0;31m NO! [0m 	 id列源备映射错误，源端为int None位	期望更改为text	实际备端为int None位
[0;31m NO! [0m 	 c_nchar列源备映射错误，源端为nchar 2位	期望更改为text	实际备端为nchar 2位
[0;31m NO! [0m 	 c_nchar20列源备映射错误，源端为nchar 40位	期望更改为text	实际备端为nchar 40位
[0;31m NO! [0m 	 c_nchar3500列源备映射错误，源端为nchar 7000位	期望更改为text	实际备端为nchar 7000位
当前线程： ThreadPoolExecutor-9_1 正在获取： info_nchar_dml_single_nopk_urp 端内容
Y 行数相同,源2行,备2行
无主键表
NO! hash比对存在2行差异
[(('tgt', ['2', '2020-02-29 00:00', '2026-04-22 23:59', '2046-05-11 14:30', '1971-05-11 00:00+14:00', '0', '-32768', '-2147483648', '2023-10-01 14:30', '-3.4e+38', '-922337203685477.5808', '9999-12-30 23:59', '-1.79e+308', '0', '-1000000000000000', 'A7B0C3D4-E8F9-4A5B-6C7D-8E9F0A1B2C3D', '2026-04-22 21:47', '-9223372036854775808', '0x3132333435363738393031323334353637383930', '$TooLong英255Val方&', '0xBAA3D3A2B7BDC8EDBCFEB9C9B7DDB9ABCBBE', '$TooLong英255Val方& ', '$TooLong英255Val方&', '$TooLong英255Val方&   ']), None, 'ed8109c95ebb468c096b13732b83465d'), (('src', ['2', '2020-02-29 00:00', '2026-04-22 23:59', '2046-05-11 14:30', '1971-05-11 00:00+14:00', '0', '-32768', '-2147483648', '2023-10-01 14:30', '-3.4e+038', '-922337203685477.58', '9999-12-30 23:59', '-1.79e+308', '0', '-1000000000000000', 'A7B0C3D4-E8F9-4A5B-6C7D-8E9F0A1B2C3D', '2026-04-22 21:47', '-9223372036854775808', '0x3132333435363738393031323334353637383930', '$TooLong英255Val方&', '0xC9CFBAA3D3A2B7BDC8EDBCFEB9C9B7DDB9ABCBBE', '$TooLong英255Val方& ', '$TooLong英255Val方&', '$TooLong英255Val方&   ']), '27b20e44261df9b6922689e254dc5607', None)]
表 info_sql_variant_dml_single_pk_irp 比对完成，耗时500.00毫秒
表 info_varcharmax_dml_batch1_pk 开始比对
[0;34m info_varcharmax_dml_batch1_pk [0m源备字段数相同，源端字段：3 	备端字段3
[0;31m NO! [0m 	 id列源备映射错误，源端为int None位	期望更改为text	实际备端为int None位
[0;31m NO! [0m 	 c_varchar_max列源备映射错误，源端为varchar -1位	期望更改为text	实际备端为varchar -1位
[0;31m NO! [0m 	 c_nvarchar_max列源备映射错误，源端为nvarchar -1位	期望更改为text	实际备端为nvarchar -1位

当前线程： ThreadPoolExecutor-9_0 正在获取： info_varcharmax_dml_batch1_pk 端内容
Y 行数相同,源6行,备6行
无主键表
YES! hash比对通过
[]
表 info_sdt_dml_single_pk_urp 比对完成，耗时485.00毫秒
表 info_date_dml_batch1_pk_drp2 开始比对
[0;34m info_date_dml_batch1_pk_drp2 [0m源备字段数相同，源端字段：2 	备端字段2
[0;31m NO! [0m 	 id列源备映射错误，源端为int None位	期望更改为text	实际备端为int None位
[0;31m NO! [0m 	 c_date列源备映射错误，源端为date None位	期望更改为text	实际备端为date None位
当前线程： ThreadPoolExecutor-9_3 正在获取： info_date_dml_batch1_pk_drp2 端内容
src:info_nchar_dml_single_nopk_urp列信息获取耗时: 125.00毫秒
select * from [info_nchar_dml_single_nopk_urp]
src:info_varcharmax_dml_batch1_pk列信息获取耗时: 47.00毫秒
select "id",CONVERT(nvarchar(max),"c_varchar_max"),"c_nvarchar_max" from [info_varcharmax_dml_batch1_pk]  order by  "id"
src:info_date_dml_batch1_pk_drp2列信息获取耗时: 47.00毫秒
select * from [info_date_dml_batch1_pk_drp2]  order by  "id"

Y 行数相同,源16行,备16行
无主键表
YES! hash比对通过
[]
表 info_nchar_dml_single_nopk_irp 比对完成，耗时672.00毫秒
表 info_uniqueidentifier_dml_single_pk_irp 开始比对
[0;34m info_uniqueidentifier_dml_single_pk_irp [0m源备字段数相同，源端字段：2 	备端字段2
[0;31m NO! [0m 	 id列源备映射错误，源端为int None位	期望更改为text	实际备端为int None位
[0;31m NO! [0m 	 c_uniqueidentifier列源备映射错误，源端为uniqueidentifier None位	期望更改为text	实际备端为uniqueidentifier None位
当前线程： ThreadPoolExecutor-9_2 正在获取： info_uniqueidentifier_dml_single_pk_irp 端内容
Y 行数相同,源10行,备10行
无主键表
YES! hash比对通过
[]
表 info_nchar_dml_single_nopk_urp 比对完成，耗时312.00毫秒
表 info_sdt_dml_single_pk_drp 开始比对

[0;34m info_sdt_dml_single_pk_drp [0m源备字段数相同，源端字段：2 	备端字段2
[0;31m NO! [0m 	 id列源备映射错误，源端为int None位	期望更改为text	实际备端为int None位
[0;31m NO! [0m 	 c_sdt列源备映射错误，源端为smalldatetime None位	期望更改为text	实际备端为smalldatetime None位
当前线程： ThreadPoolExecutor-9_1 正在获取： info_sdt_dml_single_pk_drp 端内容
src:info_uniqueidentifier_dml_single_pk_irp列信息获取耗时: 47.00毫秒
select * from [info_uniqueidentifier_dml_single_pk_irp]  order by  "id"
src:info_sdt_dml_single_pk_drp列信息获取耗时: 47.00毫秒
select * from [info_sdt_dml_single_pk_drp]  order by  "id"
~ 空表
[]
表 info_varcharmax_dml_batch1_pk 比对完成，耗时250.00毫秒
表 info_sdt_dml_single_nopk_drp 开始比对
[0;34m info_sdt_dml_single_nopk_drp [0m源备字段数相同，源端字段：2 	备端字段2
[0;31m NO! [0m 	 id列源备映射错误，源端为int None位	期望更改为text	实际备端为int None位
[0;31m NO! [0m 	 c_sdt列源备映射错误，源端为smalldatetime None位	期望更改为text	实际备端为smalldatetime None位
当前线程： ThreadPoolExecutor-9_0 正在获取： info_sdt_dml_single_nopk_drp 端内容
Y 行数相同,源3行,备3行

无主键表
YES! hash比对通过
[]
表 info_date_dml_batch1_pk_drp2 比对完成，耗时297.00毫秒
表 info_hierarchyid_dml_single_nopk 开始比对
[0;34m info_hierarchyid_dml_single_nopk [0m源备字段数相同，源端字段：2 	备端字段2
[0;31m NO! [0m 	 id列源备映射错误，源端为int None位	期望更改为text	实际备端为int None位
[0;31m NO! [0m 	 c_hierarchyid列源备映射错误，源端为hierarchyid 892位	期望更改为text	实际备端为hierarchyid 892位
当前线程： ThreadPoolExecutor-9_3 正在获取： info_hierarchyid_dml_single_nopk 端内容
src:info_sdt_dml_single_nopk_drp列信息获取耗时: 47.00毫秒
select * from [info_sdt_dml_single_nopk_drp]
Y 行数相同,源4行,备4行
无主键表
YES! hash比对通过
[]
表 info_uniqueidentifier_dml_single_pk_irp 比对完成，耗时141.00毫秒
表 info_varbinary_dml_batch1_pk_irp1 开始比对
[0;34m info_varbinary_dml_batch1_pk_irp1 [0m源备字段数相同，源端字段：4 	备端字段4
[0;31m NO! [0m 	 id列源备映射错误，源端为int None位	期望更改为text	实际备端为int None位
[0;31m NO! [0m 	 c_varbinary列源备映射错误，源端为varbinary 1位	期望更改为text	实际备端为varbinary 1位
[0;31m NO! [0m 	 c_varbinary_100列源备映射错误，源端为varbinary 100位	期望更改为text	实际备端为varbinary 100位

[0;31m NO! [0m 	 c_varbinary_8000列源备映射错误，源端为varbinary 8000位	期望更改为text	实际备端为varbinary 8000位
当前线程： ThreadPoolExecutor-9_2 正在获取： info_varbinary_dml_batch1_pk_irp1 端内容
src:info_hierarchyid_dml_single_nopk列信息获取耗时: 31.00毫秒
select "id",cast("c_hierarchyid" as nvarchar(max)) from [info_hierarchyid_dml_single_nopk]
Y 行数相同,源6行,备6行
无主键表
YES! hash比对通过
[]
表 info_sdt_dml_single_pk_drp 比对完成，耗时188.00毫秒
表 info_geography_dml_single_pk_irp 开始比对
[0;34m info_geography_dml_single_pk_irp [0m源备字段数相同，源端字段：2 	备端字段2
[0;31m NO! [0m 	 id列源备映射错误，源端为int None位	期望更改为text	实际备端为int None位
[0;31m NO! [0m 	 c_geography列源备映射错误，源端为geography -1位	期望更改为text	实际备端为geography -1位
当前线程： ThreadPoolExecutor-9_1 正在获取： info_geography_dml_single_pk_irp 端内容
src:info_varbinary_dml_batch1_pk_irp1列信息获取耗时: 47.00毫秒
select * from [info_varbinary_dml_batch1_pk_irp1]  order by  "id"
Y 行数相同,源6行,备6行

无主键表
YES! hash比对通过
[]
表 info_sdt_dml_single_nopk_drp 比对完成，耗时156.00毫秒
表 info_sdt_dml_batch1_pk_drp1 开始比对
[0;34m info_sdt_dml_batch1_pk_drp1 [0m源备字段数相同，源端字段：2 	备端字段2
[0;31m NO! [0m 	 id列源备映射错误，源端为int None位	期望更改为text	实际备端为int None位
[0;31m NO! [0m 	 c_sdt列源备映射错误，源端为smalldatetime None位	期望更改为text	实际备端为smalldatetime None位
当前线程： ThreadPoolExecutor-9_0 正在获取： info_sdt_dml_batch1_pk_drp1 端内容
src:info_geography_dml_single_pk_irp列信息获取耗时: 47.00毫秒
select "id","c_geography".STAsText() from [info_geography_dml_single_pk_irp]  order by  "id"
Y 行数相同,源1行,备1行
无主键表
YES! hash比对通过
[]
表 info_hierarchyid_dml_single_nopk 比对完成，耗时140.00毫秒
表 info_date_dml_batch1_pk 开始比对
[0;34m info_date_dml_batch1_pk [0m源备字段数相同，源端字段：2 	备端字段2
[0;31m NO! [0m 	 id列源备映射错误，源端为int None位	期望更改为text	实际备端为int None位
[0;31m NO! [0m 	 c_date列源备映射错误，源端为date None位	期望更改为text	实际备端为date None位
当前线程：
 ThreadPoolExecutor-9_3 正在获取： info_date_dml_batch1_pk 端内容
src:info_sdt_dml_batch1_pk_drp1列信息获取耗时: 31.00毫秒
select * from [info_sdt_dml_batch1_pk_drp1]  order by  "id"
src:info_date_dml_batch1_pk列信息获取耗时: 47.00毫秒
select * from [info_date_dml_batch1_pk]  order by  "id"
Y 行数相同,源10行,备10行
无主键表
YES! hash比对通过
[]
表 info_varbinary_dml_batch1_pk_irp1 比对完成，耗时187.00毫秒
表 info_xml_dml_single_nopk_drp 开始比对
[0;34m info_xml_dml_single_nopk_drp [0m源备字段数相同，源端字段：2 	备端字段2
[0;31m NO! [0m 	 id列源备映射错误，源端为int None位	期望更改为text	实际备端为int None位
[0;31m NO! [0m 	 c_xml列源备映射错误，源端为xml -1位	期望更改为text	实际备端为xml -1位
当前线程： ThreadPoolExecutor-9_2 正在获取： info_xml_dml_single_nopk_drp 端内容
Y 行数相同,源7行,备7行
无主键表
~ 空表

[]
表 info_sdt_dml_batch1_pk_drp1 比对完成，耗时203.00毫秒
YES! hash比对通过
[]
表 info_geography_dml_single_pk_irp 比对完成，耗时250.00毫秒
表 info_varchar_dml_batch2_pk_irp1 开始比对
[0;34m info_varchar_dml_batch2_pk_irp1 [0m源备字段数相同，源端字段：4 	备端字段4
[0;31m NO! [0m 	 id列源备映射错误，源端为int None位	期望更改为text	实际备端为int None位
[0;31m NO! [0m 	 c_varchar列源备映射错误，源端为varchar 1位	期望更改为text	实际备端为varchar 1位
[0;31m NO! [0m 	 c_varchar20列源备映射错误，源端为varchar 20位	期望更改为text	实际备端为varchar 20位
[0;31m NO! [0m 	 c_varchar8000列源备映射错误，源端为varchar 8000位	期望更改为text	实际备端为varchar 8000位
当前线程： ThreadPoolExecutor-9_0 正在获取： info_varchar_dml_batch2_pk_irp1 端内容
表 info_sql_variant_dml_single_pk_urp 开始比对
[0;34m info_sql_variant_dml_single_pk_urp [0m源备字段数相同，源端字段：25 	备端字段25
[0;31m NO! [0m 	 id列源备映射错误，源端为int None位	期望更改为text	实际备端为int None位
[0;31m NO! [0m 	 c_date列源备映射错误，源端为sql_variant 0位	期望更改为text	实际备端为sql_variant 0位
[0;31m NO! [0m 	 c_time列源备映射错误，源端为sql_variant 0位	期望更改为text	实际备端为sql_variant 0位
[0;31m NO! [0m 	 c_datetime2列源备映射错误，源端为sql_variant 0位	期望更改为text	实际备端为sql_variant 0位
[0;31m NO! [0m 	 c_datetimeoffset列源备映射错误，源端为sql_variant 0位	期望更改为text	实际备端为sql_variant 0位
[0;31m NO! [0m 	 c_tinyint列源备映射错误，源端为sql_variant 0位	期望更改为text	实际备端为sql_variant 0位
[0;31m NO! [0m 	 c_smallint列源备映射错误，源端为sql_variant 0位	期望更改为text	实际备端为sql_variant 0位

[0;31m NO! [0m 	 c_int列源备映射错误，源端为sql_variant 0位	期望更改为text	实际备端为sql_variant 0位
[0;31m NO! [0m 	 c_sdt列源备映射错误，源端为sql_variant 0位	期望更改为text	实际备端为sql_variant 0位
[0;31m NO! [0m 	 c_real列源备映射错误，源端为sql_variant 0位	期望更改为text	实际备端为sql_variant 0位
[0;31m NO! [0m 	 c_money列源备映射错误，源端为sql_variant 0位	期望更改为text	实际备端为sql_variant 0位
[0;31m NO! [0m 	 c_datetime列源备映射错误，源端为sql_variant 0位	期望更改为text	实际备端为sql_variant 0位
[0;31m NO! [0m 	 c_float列源备映射错误，源端为sql_variant 0位	期望更改为text	实际备端为sql_variant 0位
[0;31m NO! [0m 	 c_bit列源备映射错误，源端为sql_variant 0位	期望更改为text	实际备端为sql_variant 0位
[0;31m NO! [0m 	 c_decimal列源备映射错误，源端为sql_variant 0位	期望更改为text	实际备端为sql_variant 0位
[0;31m NO! [0m 	 c_uniqueidentifier列源备映射错误，源端为sql_variant 0位	期望更改为text	实际备端为sql_variant 0位
[0;31m NO! [0m 	 c_smallmoney列源备映射错误，源端为sql_variant 0位	期望更改为text	实际备端为sql_variant 0位
[0;31m NO! [0m 	 c_bigint列源备映射错误，源端为sql_variant 0位	期望更改为text	实际备端为sql_variant 0位
[0;31m NO! [0m 	 c_varbinary_20列源备映射错误，源端为sql_variant 0位	期望更改为text	实际备端为sql_variant 0位
[0;31m NO! [0m 	 c_varchar_20列源备映射错误，源端为sql_variant 0位	期望更改为text	实际备端为sql_variant 0位
[0;31m NO! [0m 	 c_binary_20列源备映射错误，源端为sql_variant 0位	期望更改为text	实际备端为sql_variant 0位
[0;31m NO! [0m 	 c_char_20列源备映射错误，源端为sql_variant 0位	期望更改为text	实际备端为sql_variant 0位
[0;31m NO! [0m 	 c_nvarchar_20列源备映射错误，源端为sql_variant 0位	期望更改为text	实际备端为sql_variant 0位
[0;31m NO! [0m 	 c_nchar_20列源备映射错误，源端为sql_variant 0位	期望更改为text	实际备端为sql_variant 0位
[0;31m NO! [0m 	 c_timestamp列源备映射错误，源端为timestamp None位	期望更改为text	实际备端为timestamp None位
当前线程： ThreadPoolExecutor-9_1 正在获取： info_sql_variant_dml_single_pk_urp 端内容
src:info_xml_dml_single_nopk_drp列信息获取耗时: 125.00毫秒
select * from [info_xml_dml_single_nopk_drp]

Y 行数相同,源6行,备6行
无主键表
YES! hash比对通过
[]
表 info_date_dml_batch1_pk 比对完成，耗时203.00毫秒
表 info_datetime2_dml_batch1_pk_urp2 开始比对
[0;34m info_datetime2_dml_batch1_pk_urp2 [0m源备字段数相同，源端字段：9 	备端字段9
[0;31m NO! [0m 	 id列源备映射错误，源端为int None位	期望更改为text	实际备端为int None位
[0;31m NO! [0m 	 c_dt2_0列源备映射错误，源端为datetime2 None位	期望更改为text	实际备端为datetime2 None位
[0;31m NO! [0m 	 c_dt2_1列源备映射错误，源端为datetime2 None位	期望更改为text	实际备端为datetime2 None位
[0;31m NO! [0m 	 c_dt2_2列源备映射错误，源端为datetime2 None位	期望更改为text	实际备端为datetime2 None位
[0;31m NO! [0m 	 c_dt2_3列源备映射错误，源端为datetime2 None位	期望更改为text	实际备端为datetime2 None位
[0;31m NO! [0m 	 c_dt2_4列源备映射错误，源端为datetime2 None位	期望更改为text	实际备端为datetime2 None位
[0;31m NO! [0m 	 c_dt2_5列源备映射错误，源端为datetime2 None位	期望更改为text	实际备端为datetime2 None位
[0;31m NO! [0m 	 c_dt2_6列源备映射错误，源端为datetime2 None位	期望更改为text	实际备端为datetime2 None位
[0;31m NO! [0m 	 c_dt2列源备映射错误，源端为datetime2 None位	期望更改为text	实际备端为datetime2 None位
当前线程： ThreadPoolExecutor-9_3 正在获取： info_datetime2_dml_batch1_pk_urp2 端内容
src:info_varchar_dml_batch2_pk_irp1列信息获取耗时: 31.00毫秒
select "id",CONVERT(nvarchar(max),"c_varchar"),CONVERT(nvarchar(max),"c_varchar20"),CONVERT(nvarchar(max),"c_varchar8000") from [info_varchar_dml_batch2_pk_irp1]  order by  "id"
src:info_sql_variant_dml_single_pk_urp列信息获取耗时: 47.00毫秒
select "id",cast("c_date" as nvarchar(max)),cast("c_time" as nvarchar(max)),cast("c_datetime2" as nvarchar(max)),cast("c_datetimeoffset" as nvarchar(max)),cast("c_tinyint" as nvarchar(max)),cast("c_smallint" as nvarchar(max)),cast("c_int" as nvarchar(max)),cast("c_sdt" as nvarchar(max)),cast("c_real" as nvarchar(max)),cast("c_money" as nvarchar(max)),cast("c_datetime" as nvarchar(max)),cast("c_float" as nvarchar(max)),cast("c_bit" as nvarchar(max)),cast("c_decimal" as nvarchar(max)),cast("c_uniqueidentifier" as nvarchar(max)),cast("c_smallmoney" as nvarchar(max)),cast("c_bigint" as nvarchar(max)),convert(varchar(max),c_varbinary_20,1),cast("c_varchar_20" as nvarchar(max)),convert(varchar(max),c_binary_20,1),cast("c_char_20" as nvarchar(max)),cast("c_nvarchar_20" as nvarchar(max)),cast("c_nchar_20" as nvarchar(max)),'timestamp不参与比较' from [info_sql_variant_dml_single_pk_urp]  order by  "id"

src:info_datetime2_dml_batch1_pk_urp2列信息获取耗时: 31.00毫秒
select * from [info_datetime2_dml_batch1_pk_urp2]  order by  "id"
Y 行数相同,源2行,备2行
无主键表
YES! hash比对通过
[]
表 info_xml_dml_single_nopk_drp 比对完成，耗时219.00毫秒
表 info_sdt_dml_batch1_pk_drp2 开始比对
[0;34m info_sdt_dml_batch1_pk_drp2 [0m源备字段数相同，源端字段：2 	备端字段2
[0;31m NO! [0m 	 id列源备映射错误，源端为int None位	期望更改为text	实际备端为int None位
[0;31m NO! [0m 	 c_sdt列源备映射错误，源端为smalldatetime None位	期望更改为text	实际备端为smalldatetime None位
当前线程： ThreadPoolExecutor-9_2 正在获取： info_sdt_dml_batch1_pk_drp2 端内容
Y 行数相同,源9行,备9行
无主键表
YES! hash比对通过
[]
表 info_varchar_dml_batch2_pk_irp1 比对完成，耗时156.00毫秒
表 info_nchar_dml_single_nopk_drp 开始比对
[0;34m info_nchar_dml_single_nopk_drp [0m源备字段数相同，源端字段：4 	备端字段4
[0;31m NO! [0m 	 id列源备映射错误，源端为int None位	期望更改为text	实际备端为int None位
[0;31m NO! [0m 	 c_nchar列源备映射错误，源端为nchar 2位	期望更改为text	实际备端为nchar 2位

[0;31m NO! [0m 	 c_nchar20列源备映射错误，源端为nchar 40位	期望更改为text	实际备端为nchar 40位
[0;31m NO! [0m 	 c_nchar3500列源备映射错误，源端为nchar 7000位	期望更改为text	实际备端为nchar 7000位
当前线程： ThreadPoolExecutor-9_0 正在获取： info_nchar_dml_single_nopk_drp 端内容
src:info_sdt_dml_batch1_pk_drp2列信息获取耗时: 47.00毫秒
select * from [info_sdt_dml_batch1_pk_drp2]  order by  "id"
Y 行数相同,源2行,备2行
无主键表
NO! hash比对存在2行差异
[(('tgt', ['1', '2046-05-11 00:00', '2026-04-22 18:10', '2012-05-11 14:30', '1999-05-11 15:30+01:00', '255', '32767', '2147483647', '2012-10-01 14:30', '0', '922337203685477.5807', '2000-05-01 23:59', '6.62607e-34', '1', '123456789012.1234', 'B6B0C3D4-E8F9-4A5B-6C7D-8E9F0A1B2C3E', '1234.5678', '1234567890123', '0x7661726961626C65206C656E6774682062696E61', '这是一个中文字符串', '0xBAA32324255E262A2D3D0000000000000000', '*TEST英255Val方&    ', '*TEST英255Val方&', '&TooLong英255Val方!   ']), None, '4a92ded194c1055b1bf6aa99b95465af'), (('src', ['1', '2046-05-11 00:00', '2026-04-22 18:10', '2012-05-11 14:30', '1999-05-11 15:30+01:00', '255', '32767', '2147483647', '2012-10-01 14:30', '0', '922337203685477.5807', '2000-05-01 23:59', '6.62607e-034', '1', '123456789012.1234', 'B6B0C3D4-E8F9-4A5B-6C7D-8E9F0A1B2C3E', '1234.5678', '1234567890123', '0x7661726961626C65206C656E6774682062696E61', '这是一个中文字符串', '0xC9CFBAA32324255E262A2D3D0000000000000000', '*TEST英255Val方&    ', '*TEST英255Val方&', '&TooLong英255Val方!   ']), '960368e8f0b2f95e45691726c6b1bfc7', None)]
表 info_sql_variant_dml_single_pk_urp 比对完成，耗时187.00毫秒
表 info_nvarchar_dml_batch1_pk_irp2 开始比对
[0;34m info_nvarchar_dml_batch1_pk_irp2 [0m源备字段数相同，源端字段：4 	备端字段4
[0;31m NO! [0m 	 id列源备映射错误，源端为int None位	期望更改为text	实际备端为int None位
[0;31m NO! [0m 	 c_nvarchar列源备映射错误，源端为nvarchar 2位	期望更改为text	实际备端为nvarchar 2位
[0;31m NO! [0m 	 c_nvarchar20列源备映射错误，源端为nvarchar 40位	期望更改为text	实际备端为nvarchar 40位
[0;31m NO! [0m 	 c_nvarchar3500列源备映射错误，源端为nvarchar 7000位	期望更改为text	实际备端为nvarchar 7000位
当前线程： ThreadPoolExecutor-9_1 正在获取： info_nvarchar_dml_batch1_pk_irp2 端内容

src:info_nchar_dml_single_nopk_drp列信息获取耗时: 31.00毫秒
select * from [info_nchar_dml_single_nopk_drp]
Y 行数相同,源7行,备7行
无主键表
YES! hash比对通过
[]
表 info_datetime2_dml_batch1_pk_urp2 比对完成，耗时203.00毫秒
表 info_sdt_dml_single_nopk 开始比对
[0;34m info_sdt_dml_single_nopk [0m源备字段数相同，源端字段：2 	备端字段2
[0;31m NO! [0m 	 id列源备映射错误，源端为int None位	期望更改为text	实际备端为int None位
[0;31m NO! [0m 	 c_sdt列源备映射错误，源端为smalldatetime None位	期望更改为text	实际备端为smalldatetime None位
当前线程： ThreadPoolExecutor-9_3 正在获取： info_sdt_dml_single_nopk 端内容
src:info_nvarchar_dml_batch1_pk_irp2列信息获取耗时: 47.00毫秒
select * from [info_nvarchar_dml_batch1_pk_irp2]  order by  "id"
Y 行数相同,源5行,备5行
无主键表
YES! hash比对通过
[]
表 info_sdt_dml_batch1_pk_drp2 比对完成，耗时141.00毫秒
表 info_int_dml_batch1_pk_irp1 开始比对
[0;34m info_int_dml_batch1_pk_irp1 [0m源备字段数相同，源端字段：20 	备端字段20

[0;31m NO! [0m 	 id列源备映射错误，源端为int None位	期望更改为text	实际备端为int None位
[0;31m NO! [0m 	 c_tinyint列源备映射错误，源端为tinyint None位	期望更改为text	实际备端为tinyint None位
[0;31m NO! [0m 	 c_smallint列源备映射错误，源端为smallint None位	期望更改为text	实际备端为smallint None位
[0;31m NO! [0m 	 c_int列源备映射错误，源端为int None位	期望更改为text	实际备端为int None位
[0;31m NO! [0m 	 c_bigint列源备映射错误，源端为bigint None位	期望更改为text	实际备端为bigint None位
[0;31m NO! [0m 	 c_decimal列源备映射错误，源端为decimal None位	期望更改为text	实际备端为decimal None位
[0;31m NO! [0m 	 c_decimal38列源备映射错误，源端为decimal None位	期望更改为text	实际备端为decimal None位
[0;31m NO! [0m 	 c_decimal38_38列源备映射错误，源端为decimal None位	期望更改为text	实际备端为decimal None位
[0;31m NO! [0m 	 c_decimal38_10列源备映射错误，源端为decimal None位	期望更改为text	实际备端为decimal None位
[0;31m NO! [0m 	 c_decimal19_4列源备映射错误，源端为decimal None位	期望更改为text	实际备端为decimal None位
[0;31m NO! [0m 	 c_numeric列源备映射错误，源端为numeric None位	期望更改为text	实际备端为numeric None位
[0;31m NO! [0m 	 c_numeric38列源备映射错误，源端为numeric None位	期望更改为text	实际备端为numeric None位
[0;31m NO! [0m 	 c_numeric38_38列源备映射错误，源端为numeric None位	期望更改为text	实际备端为numeric None位
[0;31m NO! [0m 	 c_numeric38_10列源备映射错误，源端为numeric None位	期望更改为text	实际备端为numeric None位
[0;31m NO! [0m 	 c_numeric18_2列源备映射错误，源端为numeric None位	期望更改为text	实际备端为numeric None位
[0;31m NO! [0m 	 c_float列源备映射错误，源端为float None位	期望更改为text	实际备端为float None位
[0;31m NO! [0m 	 c_real列源备映射错误，源端为real None位	期望更改为text	实际备端为real None位
[0;31m NO! [0m 	 c_money列源备映射错误，源端为money None位	期望更改为text	实际备端为money None位
[0;31m NO! [0m 	 c_smallmoney列源备映射错误，源端为smallmoney None位	期望更改为text	实际备端为smallmoney None位
[0;31m NO! [0m 	 c_bit列源备映射错误，源端为bit None位	期望更改为text	实际备端为bit None位
当前线程： ThreadPoolExecutor-9_2 正在获取： info_int_dml_batch1_pk_irp1 端内容

src:info_sdt_dml_single_nopk列信息获取耗时: 47.00毫秒
select * from [info_sdt_dml_single_nopk]
Y 行数相同,源2行,备2行
无主键表
YES! hash比对通过
[]
表 info_nchar_dml_single_nopk_drp 比对完成，耗时141.00毫秒
表 info_int_dml_single_nopk_irp 开始比对
[0;34m info_int_dml_single_nopk_irp [0m源备字段数相同，源端字段：20 	备端字段20
[0;31m NO! [0m 	 id列源备映射错误，源端为int None位	期望更改为text	实际备端为int None位
[0;31m NO! [0m 	 c_tinyint列源备映射错误，源端为tinyint None位	期望更改为text	实际备端为tinyint None位
[0;31m NO! [0m 	 c_smallint列源备映射错误，源端为smallint None位	期望更改为text	实际备端为smallint None位
[0;31m NO! [0m 	 c_int列源备映射错误，源端为int None位	期望更改为text	实际备端为int None位
[0;31m NO! [0m 	 c_bigint列源备映射错误，源端为bigint None位	期望更改为text	实际备端为bigint None位
[0;31m NO! [0m 	 c_decimal列源备映射错误，源端为decimal None位	期望更改为text	实际备端为decimal None位
[0;31m NO! [0m 	 c_decimal38列源备映射错误，源端为decimal None位	期望更改为text	实际备端为decimal None位
[0;31m NO! [0m 	 c_decimal38_38列源备映射错误，源端为decimal None位	期望更改为text	实际备端为decimal None位
[0;31m NO! [0m 	 c_decimal38_10列源备映射错误，源端为decimal None位	期望更改为text	实际备端为decimal None位
[0;31m NO! [0m 	 c_decimal19_4列源备映射错误，源端为decimal None位	期望更改为text	实际备端为decimal None位
[0;31m NO! [0m 	 c_numeric列源备映射错误，源端为numeric None位	期望更改为text	实际备端为numeric None位
[0;31m NO! [0m 	 c_numeric38列源备映射错误，源端为numeric None位	期望更改为text	实际备端为numeric None位
[0;31m NO! [0m 	 c_numeric38_38列源备映射错误，源端为numeric None位	期望更改为text	实际备端为numeric None位
[0;31m NO! [0m 	 c_numeric38_10列源备映射错误，源端为numeric None位	期望更改为text	实际备端为numeric None位
[0;31m NO! [0m 	 c_numeric18_2列源备映射错误，源端为numeric None位	期望更改为text	实际备端为numeric None位
[0;31m NO! [0m 	 c_float列源备映射错误，源端为float None位	期望更改为text	实际备端为float None位

[0;31m NO! [0m 	 c_real列源备映射错误，源端为real None位	期望更改为text	实际备端为real None位
[0;31m NO! [0m 	 c_money列源备映射错误，源端为money None位	期望更改为text	实际备端为money None位
[0;31m NO! [0m 	 c_smallmoney列源备映射错误，源端为smallmoney None位	期望更改为text	实际备端为smallmoney None位
[0;31m NO! [0m 	 c_bit列源备映射错误，源端为bit None位	期望更改为text	实际备端为bit None位
当前线程： ThreadPoolExecutor-9_0 正在获取： info_int_dml_single_nopk_irp 端内容
src:info_int_dml_batch1_pk_irp1列信息获取耗时: 47.00毫秒
select "id","c_tinyint","c_smallint","c_int",convert(decimal(38,0),c_bigint),"c_decimal","c_decimal38","c_decimal38_38","c_decimal38_10","c_decimal19_4","c_numeric","c_numeric38","c_numeric38_38","c_numeric38_10","c_numeric18_2",CONVERT(nvarchar(max),"c_float"),CONVERT(nvarchar(max),"c_real"),"c_money","c_smallmoney","c_bit" from [info_int_dml_batch1_pk_irp1]  order by  "id"
Y 行数相同,源30行,备30行
无主键表
YES! hash比对通过
[]
表 info_nvarchar_dml_batch1_pk_irp2 比对完成，耗时156.00毫秒
表 info_varchar_dml_single_pk_irp 开始比对
[0;34m info_varchar_dml_single_pk_irp [0m源备字段数相同，源端字段：4 	备端字段4
[0;31m NO! [0m 	 id列源备映射错误，源端为int None位	期望更改为text	实际备端为int None位
[0;31m NO! [0m 	 c_varchar列源备映射错误，源端为varchar 1位	期望更改为text	实际备端为varchar 1位
[0;31m NO! [0m 	 c_varchar50列源备映射错误，源端为varchar 50位	期望更改为text	实际备端为varchar 50位
[0;31m NO! [0m 	 c_varchar8000列源备映射错误，源端为varchar 8000位	期望更改为text	实际备端为varchar 8000位
当前线程： ThreadPoolExecutor-9_1 正在获取：
 info_varchar_dml_single_pk_irp 端内容
src:info_int_dml_single_nopk_irp列信息获取耗时: 47.00毫秒
select "id","c_tinyint","c_smallint","c_int",convert(decimal(38,0),c_bigint),"c_decimal","c_decimal38","c_decimal38_38","c_decimal38_10","c_decimal19_4","c_numeric","c_numeric38","c_numeric38_38","c_numeric38_10","c_numeric18_2",CONVERT(nvarchar(max),"c_float"),CONVERT(nvarchar(max),"c_real"),"c_money","c_smallmoney","c_bit" from [info_int_dml_single_nopk_irp]
Y 行数相同,源1行,备1行
无主键表
YES! hash比对通过
[]
表 info_sdt_dml_single_nopk 比对完成，耗时157.00毫秒
表 info_uniqueidentifier_dml_single_pk_urp 开始比对
[0;34m info_uniqueidentifier_dml_single_pk_urp [0m源备字段数相同，源端字段：2 	备端字段2
[0;31m NO! [0m 	 id列源备映射错误，源端为int None位	期望更改为text	实际备端为int None位
[0;31m NO! [0m 	 c_uniqueidentifier列源备映射错误，源端为uniqueidentifier None位	期望更改为text	实际备端为uniqueidentifier None位
当前线程： ThreadPoolExecutor-9_3 正在获取： info_uniqueidentifier_dml_single_pk_urp 端内容
src:info_varchar_dml_single_pk_irp列信息获取耗时: 47.00毫秒
select "id",CONVERT(nvarchar(max),"c_varchar"),CONVERT(nvarchar(max),"c_varchar50"),CONVERT(nvarchar(max),"c_varchar8000") from [info_varchar_dml_single_pk_irp]  order by  "id"
src:info_uniqueidentifier_dml_single_pk_urp列信息获取耗时: 31.00毫秒
select * from [info_uniqueidentifier_dml_single_pk_urp]  order by  "id"
Y 行数相同,源20行,备20行
无主键表
YES! hash比对通过

[]
表 info_int_dml_batch1_pk_irp1 比对完成，耗时203.00毫秒
表 info_sdt_dml_single_pk 开始比对
[0;34m info_sdt_dml_single_pk [0m源备字段数相同，源端字段：2 	备端字段2
[0;31m NO! [0m 	 id列源备映射错误，源端为int None位	期望更改为text	实际备端为int None位
[0;31m NO! [0m 	 c_sdt列源备映射错误，源端为smalldatetime None位	期望更改为text	实际备端为smalldatetime None位
当前线程： ThreadPoolExecutor-9_2 正在获取： info_sdt_dml_single_pk 端内容
Y 行数相同,源28行,备28行
无主键表
YES! hash比对通过
[]
表 info_int_dml_single_nopk_irp 比对完成，耗时203.00毫秒
表 info_varbinary_dml_batch1_pk_irp2 开始比对
[0;34m info_varbinary_dml_batch1_pk_irp2 [0m源备字段数相同，源端字段：4 	备端字段4
[0;31m NO! [0m 	 id列源备映射错误，源端为int None位	期望更改为text	实际备端为int None位
[0;31m NO! [0m 	 c_varbinary列源备映射错误，源端为varbinary 1位	期望更改为text	实际备端为varbinary 1位
[0;31m NO! [0m 	 c_varbinary_100列源备映射错误，源端为varbinary 100位	期望更改为text	实际备端为varbinary 100位
[0;31m NO! [0m 	 c_varbinary_8000列源备映射错误，源端为varbinary 8000位	期望更改为text	实际备端为varbinary 8000位
当前线程： ThreadPoolExecutor-9_0 正在获取：
 info_varbinary_dml_batch1_pk_irp2 端内容
src:info_sdt_dml_single_pk列信息获取耗时: 47.00毫秒
select * from [info_sdt_dml_single_pk]  order by  "id"
Y 行数相同,源4行,备4行
无主键表
YES! hash比对通过
[]
表 info_uniqueidentifier_dml_single_pk_urp 比对完成，耗时156.00毫秒
表 info_xml_dml_single_nopk 开始比对
[0;34m info_xml_dml_single_nopk [0m源备字段数相同，源端字段：2 	备端字段2
[0;31m NO! [0m 	 id列源备映射错误，源端为int None位	期望更改为text	实际备端为int None位
[0;31m NO! [0m 	 c_xml列源备映射错误，源端为xml -1位	期望更改为text	实际备端为xml -1位
当前线程： ThreadPoolExecutor-9_3 正在获取： info_xml_dml_single_nopk 端内容
src:info_varbinary_dml_batch1_pk_irp2列信息获取耗时: 47.00毫秒
select * from [info_varbinary_dml_batch1_pk_irp2]  order by  "id"
src:info_xml_dml_single_nopk列信息获取耗时: 31.00毫秒
select * from [info_xml_dml_single_nopk]
Y 行数相同,源15行,备15行
无主键表
YES! hash比对通过

[]
表 info_varchar_dml_single_pk_irp 比对完成，耗时266.00毫秒
表 info_uniqueidentifier_dml_single_pk_drp 开始比对
[0;34m info_uniqueidentifier_dml_single_pk_drp [0m源备字段数相同，源端字段：2 	备端字段2
[0;31m NO! [0m 	 id列源备映射错误，源端为int None位	期望更改为text	实际备端为int None位
[0;31m NO! [0m 	 c_uniqueidentifier列源备映射错误，源端为uniqueidentifier None位	期望更改为text	实际备端为uniqueidentifier None位
当前线程： ThreadPoolExecutor-9_1 正在获取： info_uniqueidentifier_dml_single_pk_drp 端内容
Y 行数相同,源1行,备1行
无主键表
YES! hash比对通过
[]
表 info_sdt_dml_single_pk 比对完成，耗时187.00毫秒
表 info_geography_dml_single_pk_urp 开始比对
[0;34m info_geography_dml_single_pk_urp [0m源备字段数相同，源端字段：2 	备端字段2
[0;31m NO! [0m 	 id列源备映射错误，源端为int None位	期望更改为text	实际备端为int None位
[0;31m NO! [0m 	 c_geography列源备映射错误，源端为geography -1位	期望更改为text	实际备端为geography -1位
当前线程： ThreadPoolExecutor-9_2 正在获取： info_geography_dml_single_pk_urp 端内容

src:info_uniqueidentifier_dml_single_pk_drp列信息获取耗时: 47.00毫秒
select * from [info_uniqueidentifier_dml_single_pk_drp]  order by  "id"
Y 行数相同,源1行,备1行
无主键表
YES! hash比对通过
[]
表 info_xml_dml_single_nopk 比对完成，耗时141.00毫秒
表 info_nchar_dml_single_nopk 开始比对
[0;34m info_nchar_dml_single_nopk [0m源备字段数相同，源端字段：4 	备端字段4
[0;31m NO! [0m 	 id列源备映射错误，源端为int None位	期望更改为text	实际备端为int None位
[0;31m NO! [0m 	 c_nchar列源备映射错误，源端为nchar 2位	期望更改为text	实际备端为nchar 2位
[0;31m NO! [0m 	 c_nchar20列源备映射错误，源端为nchar 40位	期望更改为text	实际备端为nchar 40位
[0;31m NO! [0m 	 c_nchar3500列源备映射错误，源端为nchar 7000位	期望更改为text	实际备端为nchar 7000位
当前线程： ThreadPoolExecutor-9_3 正在获取： info_nchar_dml_single_nopk 端内容
src:info_geography_dml_single_pk_urp列信息获取耗时: 32.00毫秒
select "id","c_geography".STAsText() from [info_geography_dml_single_pk_urp]  order by  "id"
src:info_nchar_dml_single_nopk列信息获取耗时: 31.00毫秒
select * from [info_nchar_dml_single_nopk]
Y 行数相同,源1行,备1行
无主键表
YES! hash比对通过
[]
表 info_uniqueidentifier_dml_single_pk_drp 比对完成，耗时234.00毫秒
表 info_varchar_dml_batch2_pk_irp2 开始比对
[0;34m info_varchar_dml_batch2_pk_irp2 [0m源备字段数相同，源端字段：4 	备端字段4
[0;31m NO! [0m 	 id列源备映射错误，源端为int None位	期望更改为text	实际备端为int None位
[0;31m NO! [0m 	 c_varchar列源备映射错误，源端为varchar 1位	期望更改为text	实际备端为varchar 1位
[0;31m NO! [0m 	 c_varchar20列源备映射错误，源端为varchar 20位	期望更改为text	实际备端为varchar 20位
[0;31m NO! [0m 	 c_varchar8000列源备映射错误，源端为varchar 8000位	期望更改为text	实际备端为varchar 8000位
当前线程： ThreadPoolExecutor-9_1 正在获取： info_varchar_dml_batch2_pk_irp2 端内容
Y 行数相同,源34行,备34行
无主键表
YES! hash比对通过
[]
表 info_varbinary_dml_batch1_pk_irp2 比对完成，耗时375.00毫秒
表 info_sql_variant_dml_single_pk_drp 开始比对
[0;34m info_sql_variant_dml_single_pk_drp [0m源备字段数相同，源端字段：25 	备端字段25
[0;31m NO! [0m 	 id列源备映射错误，源端为int None位	期望更改为text	实际备端为int None位
[0;31m NO! [0m 	 c_date列源备映射错误，源端为sql_variant 0位	期望更改为text	实际备端为sql_variant 0位
[0;31m NO! [0m 	 c_time列源备映射错误，源端为sql_variant 0位	期望更改为text	实际备端为sql_variant 0位
[0;31m NO! [0m 	 c_datetime2列源备映射错误，源端为sql_variant 0位	期望更改为text	实际备端为sql_variant 0位
[0;31m NO! [0m 	 c_datetimeoffset列源备映射错误，源端为sql_variant 0位	期望更改为text	实际备端为sql_variant 0位
[0;31m NO! [0m 	 c_tinyint列源备映射错误，源端为sql_variant 0位	期望更改为text	实际备端为sql_variant 0位
[0;31m NO! [0m 	 c_smallint列源备映射错误，源端为sql_variant 0位	期望更改为text	实际备端为sql_variant 0位
[0;31m NO! [0m 	 c_int列源备映射错误，源端为sql_variant 0位	期望更改为text	实际备端为sql_variant 0位
[0;31m NO! [0m 	 c_sdt列源备映射错误，源端为sql_variant 0位	期望更改为text	实际备端为sql_variant 0位
[0;31m NO! [0m 	 c_real列源备映射错误，源端为sql_variant 0位	期望更改为text	实际备端为sql_variant 0位
[0;31m NO! [0m 	 c_money列源备映射错误，源端为sql_variant 0位	期望更改为text	实际备端为sql_variant 0位
[0;31m NO! [0m 	 c_datetime列源备映射错误，源端为sql_variant 0位	期望更改为text	实际备端为sql_variant 0位
[0;31m NO! [0m 	 c_float列源备映射错误，源端为sql_variant 0位	期望更改为text	实际备端为sql_variant 0位
[0;31m NO! [0m 	 c_bit列源备映射错误，源端为sql_variant 0位	期望更改为text	实际备端为sql_variant 0位
[0;31m NO! [0m 	 c_decimal列源备映射错误，源端为sql_variant 0位	期望更改为text	实际备端为sql_variant 0位
[0;31m NO! [0m 	 c_uniqueidentifier列源备映射错误，源端为sql_variant 0位	期望更改为text	实际备端为sql_variant 0位
[0;31m NO! [0m 	 c_smallmoney列源备映射错误，源端为sql_variant 0位	期望更改为text	实际备端为sql_variant 0位
[0;31m NO! [0m 	 c_bigint列源备映射错误，源端为sql_variant 0位	期望更改为text	实际备端为sql_variant 0位
[0;31m NO! [0m 	 c_varbinary_20列源备映射错误，源端为sql_variant 0位	期望更改为text	实际备端为sql_variant 0位
[0;31m NO! [0m 	 c_varchar_20列源备映射错误，源端为sql_variant 0位	期望更改为text	实际备端为sql_variant 0位
[0;31m NO! [0m 	 c_binary_20列源备映射错误，源端为sql_variant 0位	期望更改为text	实际备端为sql_variant 0位
[0;31m NO! [0m 	 c_char_20列源备映射错误，源端为sql_variant 0位	期望更改为text	实际备端为sql_variant 0位
[0;31m NO! [0m 	 c_nvarchar_20列源备映射错误，源端为sql_variant 0位	期望更改为text	实际备端为sql_variant 0位
[0;31m NO! [0m 	 c_nchar_20列源备映射错误，源端为sql_variant 0位	期望更改为text	实际备端为sql_variant 0位
[0;31m NO! [0m 	 c_timestamp列源备映射错误，源端为timestamp None位	期望更改为text	实际备端为timestamp None位
当前线程： ThreadPoolExecutor-9_0 
正在获取： info_sql_variant_dml_single_pk_drp 端内容
Y 行数相同,源4行,备4行
无主键表
YES! hash比对通过
[]
表 info_geography_dml_single_pk_urp 比对完成，耗时266.00毫秒
表 info_datetime2_dml_batch1_pk_drp1 开始比对
[0;34m info_datetime2_dml_batch1_pk_drp1 [0m源备字段数相同，源端字段：9 	备端字段9
[0;31m NO! [0m 	 id列源备映射错误，源端为int None位	期望更改为text	实际备端为int None位
[0;31m NO! [0m 	 c_dt2_0列源备映射错误，源端为datetime2 None位	期望更改为text	实际备端为datetime2 None位
[0;31m NO! [0m 	 c_dt2_1列源备映射错误，源端为datetime2 None位	期望更改为text	实际备端为datetime2 None位
[0;31m NO! [0m 	 c_dt2_2列源备映射错误，源端为datetime2 None位	期望更改为text	实际备端为datetime2 None位
[0;31m NO! [0m 	 c_dt2_3列源备映射错误，源端为datetime2 None位	期望更改为text	实际备端为datetime2 None位
[0;31m NO! [0m 	 c_dt2_4列源备映射错误，源端为datetime2 None位	期望更改为text	实际备端为datetime2 None位
[0;31m NO! [0m 	 c_dt2_5列源备映射错误，源端为datetime2 None位	期望更改为text	实际备端为datetime2 None位
[0;31m NO! [0m 	 c_dt2_6列源备映射错误，源端为datetime2 None位	期望更改为text	实际备端为datetime2 None位
[0;31m NO! [0m 	 c_dt2列源备映射错误，源端为datetime2 None位	期望更改为text	实际备端为datetime2 None位
当前线程： ThreadPoolExecutor-9_2 正在获取： info_datetime2_dml_batch1_pk_drp1 端内容
Y 行数相同,源2行,备2行
无主键表
YES! hash比对通过
[]
表 info_nchar_dml_single_nopk 比对完成，耗时250.00毫秒
表 info_nvarchar_dml_batch2_pk_irp1 开始比对
[0;34m info_nvarchar_dml_batch2_pk_irp1 [0m源备字段数相同，源端字段：4 	备端字段4
[0;31m NO! [0m 	 id列源备映射错误，源端为int None位	期望更改为text	实际备端为int None位
[0;31m NO! [0m 	 c_nvarchar列源备映射错误，源端为nvarchar 2位	期望更改为text	实际备端为nvarchar 2位
[0;31m NO! [0m 	 c_nvarchar20列源备映射错误，源端为nvarchar 40位	期望更改为text	实际备端为nvarchar 40位
[0;31m NO! [0m 	 c_nvarchar3500列源备映射错误，源端为nvarchar 7000位	期望更改为text	实际备端为nvarchar 7000位
当前线程： ThreadPoolExecutor-9_3 正在获取： info_nvarchar_dml_batch2_pk_irp1 端内容
src:info_varchar_dml_batch2_pk_irp2列信息获取耗时: 79.00毫秒
select "id",CONVERT(nvarchar(max),"c_varchar"),CONVERT(nvarchar(max),"c_varchar20"),CONVERT(nvarchar(max),"c_varchar8000") from [info_varchar_dml_batch2_pk_irp2]  order by  "id"
src:info_sql_variant_dml_single_pk_drp列信息获取耗时: 32.00毫秒
select "id",cast("c_date" as nvarchar(max)),cast("c_time" as nvarchar(max)),cast("c_datetime2" as nvarchar(max)),cast("c_datetimeoffset" as nvarchar(max)),cast("c_tinyint" as nvarchar(max)),cast("c_smallint" as nvarchar(max)),cast("c_int" as nvarchar(max)),cast("c_sdt" as nvarchar(max)),cast("c_real" as nvarchar(max)),cast("c_money" as nvarchar(max)),cast("c_datetime" as nvarchar(max)),cast("c_float" as nvarchar(max)),cast("c_bit" as nvarchar(max)),cast("c_decimal" as nvarchar(max)),cast("c_uniqueidentifier" as nvarchar(max)),cast("c_smallmoney" as nvarchar(max)),cast("c_bigint" as nvarchar(max)),convert(varchar(max),c_varbinary_20,1),cast("c_varchar_20" as nvarchar(max)),convert(varchar(max),c_binary_20,1),cast("c_char_20" as nvarchar(max)),cast("c_nvarchar_20" as nvarchar(max)),cast("c_nchar_20" as nvarchar(max)),'timestamp不参与比较' from [info_sql_variant_dml_single_pk_drp]  order by  "id"
src:info_datetime2_dml_batch1_pk_drp1列信息获取耗时: 46.00毫秒
select * from [info_datetime2_dml_batch1_pk_drp1]  order by  "id"
src:info_nvarchar_dml_batch2_pk_irp1列信息获取耗时: 46.00毫秒
select * from [info_nvarchar_dml_batch2_pk_irp1]  order by  "id"
Y 行数相同,源14行,备14行
无主键表
YES! hash比对通过
[]
表 info_varchar_dml_batch2_pk_irp2 比对完成，耗时219.00毫秒
表 info_int_dml_single_nopk_urp 开始比对
[0;34m info_int_dml_single_nopk_urp [0m源备字段数相同，源端字段：20 	备端字段20
[0;31m NO! [0m 	 id列源备映射错误，源端为int None位	期望更改为text	实际备端为int None位
[0;31m NO! [0m 	 c_tinyint列源备映射错误，源端为tinyint None位	期望更改为text	实际备端为tinyint None位
[0;31m NO! [0m 	 c_smallint列源备映射错误，源端为smallint None位	期望更改为text	实际备端为smallint None位
[0;31m NO! [0m 	 c_int列源备映射错误，源端为int None位	期望更改为text	实际备端为int None位
[0;31m NO! [0m 	 c_bigint列源备映射错误，源端为bigint None位	期望更改为text	实际备端为bigint None位
[0;31m NO! [0m 	 c_decimal列源备映射错误，源端为decimal None位	期望更改为text	实际备端为decimal None位
[0;31m NO! [0m 	 c_decimal38列源备映射错误，源端为decimal None位	期望更改为text	实际备端为decimal None位
[0;31m NO! [0m 	 c_decimal38_38列源备映射错误，源端为decimal None位	期望更改为text	实际备端为decimal None位
[0;31m NO! [0m 	 c_decimal38_10列源备映射错误，源端为decimal None位	期望更改为text	实际备端为decimal None位
[0;31m NO! [0m 	 c_decimal19_4列源备映射错误，源端为decimal None位	期望更改为text	实际备端为decimal None位
[0;31m NO! [0m 	 c_numeric列源备映射错误，源端为numeric None位	期望更改为text	实际备端为numeric None位
[0;31m NO! [0m 	 c_numeric38列源备映射错误，源端为numeric None位	期望更改为text	实际备端为numeric None位
[0;31m NO! [0m 	 c_numeric38_38列源备映射错误，源端为numeric None位	期望更改为text	实际备端为numeric None位
[0;31m NO! [0m 	 c_numeric38_10列源备映射错误，源端为numeric None位	期望更改为text	实际备端为numeric None位
[0;31m NO! [0m 	 c_numeric18_2列源备映射错误，源端为numeric None位	期望更改为text	实际备端为numeric None位
[0;31m NO! [0m 	 c_float列源备映射错误，源端为float None位	期望更改为text	实际备端为float None位
[0;31m NO! [0m 	 c_real列源备映射错误，源端为real None位	期望更改为text	实际备端为real None位
[0;31m NO! [0m 	 c_money列源备映射错误，源端为money None位	期望更改为text	实际备端为money None位
[0;31m NO! [0m 	 c_smallmoney列源备映射错误，源端为smallmoney None位	期望更改为text	实际备端为smallmoney None位
[0;31m NO! [0m 	 c_bit列源备映射错误，源端为bit None位	期望更改为text	实际备端为bit None位
当前线程： ThreadPoolExecutor-9_1 正在获取： info_int_dml_single_nopk_urp 端内容
Y 行数相同,源1行,备1行
无主键表
NO! hash比对存在2行差异
[(('tgt', ['3', '2034-02-21 00:00', '2026-04-22 03:59', '2012-05-11 14:30', '1991-05-11 00:00+14:00', '10', '-12768', '-147483648', '2013-10-01 14:30', '-1.4e+38', '-122337203685477.5808', '1999-12-30 23:59', '-1.79e+30', '1', '-2000000000000', 'C1B0C3D4-E8F9-4A5B-6C7D-8E9F0A1B2C3D', '2026-04-22 11:47', '-1223372036854775808', '0x31313131313031323334353637383930', '!TooLong英255Val方&', '0xD3A2B7BDC8EDBCFEB9C9B7DDB9ABCBBE0000', '*TooLong英255Val方& ', '~Long英255Val方&', '`Long英255Val方&      ']), None, 'b91f2dd45e7579bb7f6d3972d9f2a6f6'), (('src', ['3', '2034-02-21 00:00', '2026-04-22 03:59', '2012-05-11 14:30', '1991-05-11 00:00+14:00', '10', '-12768', '-147483648', '2013-10-01 14:30', '-1.4e+038', '-122337203685477.58', '1999-12-30 23:59', '-1.79e+030', '1', '-2000000000000', 'C1B0C3D4-E8F9-4A5B-6C7D-8E9F0A1B2C3D', '2026-04-22 11:47', '-1223372036854775808', '0x31313131313031323334353637383930', '!TooLong英255Val方&', '0x4023D3A2B7BDC8EDBCFEB9C9B7DDB9ABCBBE0000', '*TooLong英255Val方& ', '~Long英255Val方&', '`Long英255Val方&      ']), 'aea0d99598f046f86faeece4987b463a', None)]
表 info_sql_variant_dml_single_pk_drp 比对完成，耗时218.00毫秒
表 info_varchar_dml_batch1_pk_urp1 开始比对
[0;34m info_varchar_dml_batch1_pk_urp1 [0m源备字段数相同，源端字段：4 	备端字段4
[0;31m NO! [0m 	 id列源备映射错误，源端为int None位	期望更改为text	实际备端为int None位
[0;31m NO! [0m 	 c_varchar列源备映射错误，源端为varchar 1位	期望更改为text	实际备端为varchar 1位
[0;31m NO! [0m 	 c_varchar20列源备映射错误，源端为varchar 20位	期望更改为text	实际备端为varchar 20位
[0;31m NO! [0m 	 c_varchar7000列源备映射错误，源端为varchar 7000位	期望更改为text	实际备端为varchar 7000位
当前线程： ThreadPoolExecutor-9_0 正在获取： info_varchar_dml_batch1_pk_urp1 端内容
src:info_int_dml_single_nopk_urp列信息获取耗时: 47.00毫秒
select "id","c_tinyint","c_smallint","c_int",convert(decimal(38,0),c_bigint),"c_decimal","c_decimal38","c_decimal38_38","c_decimal38_10","c_decimal19_4","c_numeric","c_numeric38","c_numeric38_38","c_numeric38_10","c_numeric18_2",CONVERT(nvarchar(max),"c_float"),CONVERT(nvarchar(max),"c_real"),"c_money","c_smallmoney","c_bit" from [info_int_dml_single_nopk_urp]
~ 空表
[]
表 info_datetime2_dml_batch1_pk_drp1 比对完成，耗时203.00毫秒
表 info_sql_variant_dml_single_pk 开始比对
[0;34m info_sql_variant_dml_single_pk [0m源备字段数相同，源端字段：25 	备端字段25
[0;31m NO! [0m 	 id列源备映射错误，源端为int None位	期望更改为text	实际备端为int None位
[0;31m NO! [0m 	 c_date列源备映射错误，源端为sql_variant 0位	期望更改为text	实际备端为sql_variant 0位
[0;31m NO! [0m 	 c_time列源备映射错误，源端为sql_variant 0位	期望更改为text	实际备端为sql_variant 0位
[0;31m NO! [0m 	 c_datetime2列源备映射错误，源端为sql_variant 0位	期望更改为text	实际备端为sql_variant 0位
[0;31m NO! [0m 	 c_datetimeoffset列源备映射错误，源端为sql_variant 0位	期望更改为text	实际备端为sql_variant 0位
[0;31m NO! [0m 	 c_tinyint列源备映射错误，源端为sql_variant 0位	期望更改为text	实际备端为sql_variant 0位
[0;31m NO! [0m 	 c_smallint列源备映射错误，源端为sql_variant 0位	期望更改为text	实际备端为sql_variant 0位
[0;31m NO! [0m 	 c_int列源备映射错误，源端为sql_variant 0位	期望更改为text	实际备端为sql_variant 0位
[0;31m NO! [0m 	 c_sdt列源备映射错误，源端为sql_variant 0位	期望更改为text	实际备端为sql_variant 0位
[0;31m NO! [0m 	 c_real列源备映射错误，源端为sql_variant 0位	期望更改为text	实际备端为sql_variant 0位
[0;31m NO! [0m 	 c_money列源备映射错误，源端为sql_variant 0位	期望更改为text	实际备端为sql_variant 0位
[0;31m NO! [0m 	 c_datetime列源备映射错误，源端为sql_variant 0位	期望更改为text	实际备端为sql_variant 0位
[0;31m NO! [0m 	 c_float列源备映射错误，源端为sql_variant 0位	期望更改为text	实际备端为sql_variant 0位
[0;31m NO! [0m 	 c_bit列源备映射错误，源端为sql_variant 0位	期望更改为text	实际备端为sql_variant 0位
[0;31m NO! [0m 	 c_decimal列源备映射错误，源端为sql_variant 0位	期望更改为text	实际备端为sql_variant 0位
[0;31m NO! [0m 	 c_uniqueidentifier列源备映射错误，源端为sql_variant 0位	期望更改为text	实际备端为sql_variant 0位
[0;31m NO! [0m 	 c_smallmoney列源备映射错误，源端为sql_variant 0位	期望更改为text	实际备端为sql_variant 0位
[0;31m NO! [0m 	 c_bigint列源备映射错误，源端为sql_variant 0位	期望更改为text	实际备端为sql_variant 0位
[0;31m NO! [0m 	 c_varbinary_20列源备映射错误，源端为sql_variant 0位	期望更改为text	实际备端为sql_variant 0位
[0;31m NO! [0m 	 c_varchar_20列源备映射错误，源端为sql_variant 0位	期望更改为text	实际备端为sql_variant 0位
[0;31m NO! [0m 	 c_binary_20列源备映射错误，源端为sql_variant 0位	期望更改为text	实际备端为sql_variant 0位
[0;31m NO! [0m 	 c_char_20列源备映射错误，源端为sql_variant 0位	期望更改为text	实际备端为sql_variant 0位
[0;31m NO! [0m 	 c_nvarchar_20列源备映射错误，源端为sql_variant 0位	期望更改为text	实际备端为sql_variant 0位
[0;31m NO! [0m 	 c_nchar_20列源备映射错误，源端为sql_variant 0位	期望更改为text	实际备端为sql_variant 0位
[0;31m NO! [0m 	 c_timestamp列源备映射错误，源端为timestamp None位	期望更改为text	实际备端为timestamp None位
当前线程： ThreadPoolExecutor-9_2 正在获取： info_sql_variant_dml_single_pk 端内容
src:info_varchar_dml_batch1_pk_urp1列信息获取耗时: 47.00毫秒
select "id",CONVERT(nvarchar(max),"c_varchar"),CONVERT(nvarchar(max),"c_varchar20"),CONVERT(nvarchar(max),"c_varchar7000") from [info_varchar_dml_batch1_pk_urp1]  order by  "id"
Y 行数相同,源8行,备8行
无主键表
YES! hash比对通过
[]
表 info_nvarchar_dml_batch2_pk_irp1 比对完成，耗时234.00毫秒
表 info_datetime2_dml_batch1_pk_drp2 开始比对
[0;34m info_datetime2_dml_batch1_pk_drp2 [0m源备字段数相同，源端字段：9 	备端字段9
[0;31m NO! [0m 	 id列源备映射错误，源端为int None位	期望更改为text	实际备端为int None位
[0;31m NO! [0m 	 c_dt2_0列源备映射错误，源端为datetime2 None位	期望更改为text	实际备端为datetime2 None位
[0;31m NO! [0m 	 c_dt2_1列源备映射错误，源端为datetime2 None位	期望更改为text	实际备端为datetime2 None位
[0;31m NO! [0m 	 c_dt2_2列源备映射错误，源端为datetime2 None位	期望更改为text	实际备端为datetime2 None位
[0;31m NO! [0m 	 c_dt2_3列源备映射错误，源端为datetime2 None位	期望更改为text	实际备端为datetime2 None位
[0;31m NO! [0m 	 c_dt2_4列源备映射错误，源端为datetime2 None位	期望更改为text	实际备端为datetime2 None位
[0;31m NO! [0m 	 c_dt2_5列源备映射错误，源端为datetime2 None位	期望更改为text	实际备端为datetime2 None位
[0;31m NO! [0m 	 c_dt2_6列源备映射错误，源端为datetime2 None位	期望更改为text	实际备端为datetime2 None位
[0;31m NO! [0m 	 c_dt2列源备映射错误，源端为datetime2 None位	期望更改为text	实际备端为datetime2 None位
当前线程： ThreadPoolExecutor-9_3 正在获取： info_datetime2_dml_batch1_pk_drp2 端内容
src:info_sql_variant_dml_single_pk列信息获取耗时: 32.00毫秒
select "id",cast("c_date" as nvarchar(max)),cast("c_time" as nvarchar(max)),cast("c_datetime2" as nvarchar(max)),cast("c_datetimeoffset" as nvarchar(max)),cast("c_tinyint" as nvarchar(max)),cast("c_smallint" as nvarchar(max)),cast("c_int" as nvarchar(max)),cast("c_sdt" as nvarchar(max)),cast("c_real" as nvarchar(max)),cast("c_money" as nvarchar(max)),cast("c_datetime" as nvarchar(max)),cast("c_float" as nvarchar(max)),cast("c_bit" as nvarchar(max)),cast("c_decimal" as nvarchar(max)),cast("c_uniqueidentifier" as nvarchar(max)),cast("c_smallmoney" as nvarchar(max)),cast("c_bigint" as nvarchar(max)),convert(varchar(max),c_varbinary_20,1),cast("c_varchar_20" as nvarchar(max)),convert(varchar(max),c_binary_20,1),cast("c_char_20" as nvarchar(max)),cast("c_nvarchar_20" as nvarchar(max)),cast("c_nchar_20" as nvarchar(max)),'timestamp不参与比较' from [info_sql_variant_dml_single_pk]  order by  "id"
src:info_datetime2_dml_batch1_pk_drp2列信息获取耗时: 47.00毫秒
select * from [info_datetime2_dml_batch1_pk_drp2]  order by  "id"
Y 行数相同,源5行,备5行
无主键表
YES! hash比对通过
[]
表 info_int_dml_single_nopk_urp 比对完成，耗时156.00毫秒
表 info_binary_dml_single_pk_irp 开始比对
[0;34m info_binary_dml_single_pk_irp [0m源备字段数相同，源端字段：4 	备端字段4
[0;31m NO! [0m 	 id列源备映射错误，源端为int None位	期望更改为text	实际备端为int None位
[0;31m NO! [0m 	 c_binary列源备映射错误，源端为binary 1位	期望更改为text	实际备端为binary 1位
[0;31m NO! [0m 	 c_binary_20列源备映射错误，源端为binary 20位	期望更改为text	实际备端为binary 20位
[0;31m NO! [0m 	 c_binary_8000列源备映射错误，源端为binary 8000位	期望更改为text	实际备端为binary 8000位
当前线程： ThreadPoolExecutor-9_1 正在获取： info_binary_dml_single_pk_irp 
端内容
Y 行数相同,源6行,备6行
无主键表
YES! hash比对通过
[]
表 info_varchar_dml_batch1_pk_urp1 比对完成，耗时157.00毫秒
表 info_int_dml_batch1_pk_irp2 开始比对
[0;34m info_int_dml_batch1_pk_irp2 [0m源备字段数相同，源端字段：20 	备端字段20
[0;31m NO! [0m 	 id列源备映射错误，源端为int None位	期望更改为text	实际备端为int None位
[0;31m NO! [0m 	 c_tinyint列源备映射错误，源端为tinyint None位	期望更改为text	实际备端为tinyint None位
[0;31m NO! [0m 	 c_smallint列源备映射错误，源端为smallint None位	期望更改为text	实际备端为smallint None位
[0;31m NO! [0m 	 c_int列源备映射错误，源端为int None位	期望更改为text	实际备端为int None位
[0;31m NO! [0m 	 c_bigint列源备映射错误，源端为bigint None位	期望更改为text	实际备端为bigint None位
[0;31m NO! [0m 	 c_decimal列源备映射错误，源端为decimal None位	期望更改为text	实际备端为decimal None位
[0;31m NO! [0m 	 c_decimal38列源备映射错误，源端为decimal None位	期望更改为text	实际备端为decimal None位
[0;31m NO! [0m 	 c_decimal38_38列源备映射错误，源端为decimal None位	期望更改为text	实际备端为decimal None位
[0;31m NO! [0m 	 c_decimal38_10列源备映射错误，源端为decimal None位	期望更改为text	实际备端为decimal None位
[0;31m NO! [0m 	 c_decimal19_4列源备映射错误，源端为decimal None位	期望更改为text	实际备端为decimal None位
[0;31m NO! [0m 	 c_numeric列源备映射错误，源端为numeric None位	期望更改为text	实际备端为numeric None位
[0;31m NO! [0m 	 c_numeric38列源备映射错误，源端为numeric None位	期望更改为text	实际备端为numeric None位
[0;31m NO! [0m 	 c_numeric38_38列源备映射错误，源端为numeric None位	期望更改为text	实际备端为numeric None位
[0;31m NO! [0m 	 c_numeric38_10列源备映射错误，源端为numeric None位	期望更改为text	实际备端为numeric None位
[0;31m NO! [0m 	 c_numeric18_2列源备映射错误，源端为numeric None位	期望更改为text	实际备端为numeric None位
[0;31m NO! [0m 	 c_float列源备映射错误，源端为float None位	期望更改为text	实际备端为float None位
[0;31m NO! [0m 	 c_real列源备映射错误，源端为real None位	期望更改为text	实际备端为real None位
[0;31m NO! [0m 	 c_money列源备映射错误，源端为money None位	期望更改为text	实际备端为money None位
[0;31m NO! [0m 	 c_smallmoney列源备映射错误，源端为smallmoney None位	期望更改为text	实际备端为smallmoney None位
[0;31m NO! [0m 	 c_bit列源备映射错误，源端为bit None位	期望更改为text	实际备端为bit None位
当前线程： ThreadPoolExecutor-9_0 正在获取： info_int_dml_batch1_pk_irp2 端内容
src:info_binary_dml_single_pk_irp列信息获取耗时: 32.00毫秒
select * from [info_binary_dml_single_pk_irp]  order by  "id"
Y 行数相同,源1行,备1行
无主键表
NO! hash比对存在2行差异
[(('tgt', ['4', '2054-02-21 00:00', '2026-04-22 23:19', '2002-05-11 14:30', '1991-05-11 00:00+14:00', '77', '1768-04-22 00:00', '-17483648', '2023-09-01 14:30', '-1.4e+38', '-12337203685477.5808', '1995-12-30 23:59', '-1.79e+30', '0', '-2000000000000', 'C1B0C3D4-E8F9-4A5B-6C7D-8E9F0A1B2C3D', '2026-04-22 11:47', '-1223372036854775808', '0x31313131313031323334353637383930', '!TooLong英255Val方&', '0xD3A2B7BDC8EDBCFEB9C9B7DDB9ABCBBE0000', '*TooLong英255Val方& ', '~Long英255Val方&', '`Long英255Val方&      ']), None, '55d3a737c5ba4e30ca93fe9ad4b0192c'), (('src', ['4', '2054-02-21 00:00', '2026-04-22 23:19', '2002-05-11 14:30', '1991-05-11 00:00+14:00', '77', '1768-04-22 00:00', '-17483648', '2023-09-01 14:30', '-1.4e+038', '-12337203685477.58', '1995-12-30 23:59', '-1.79e+030', '0', '-2000000000000', 'C1B0C3D4-E8F9-4A5B-6C7D-8E9F0A1B2C3D', '2026-04-22 11:47', '-1223372036854775808', '0x31313131313031323334353637383930', '!TooLong英255Val方&', '0x4023D3A2B7BDC8EDBCFEB9C9B7DDB9ABCBBE0000', '*TooLong英255Val方& ', '~Long英255Val方&', '`Long英255Val方&      ']), 'b94a0e2c918a7b34d6fb76465b5425ff', None)]
表 info_sql_variant_dml_single_pk 比对完成，耗时172.00毫秒
表 info_varbinary_dml_batch2_pk_irp1 开始比对
[0;34m info_varbinary_dml_batch2_pk_irp1 [0m源备字段数相同，源端字段：4 	备端字段4
[0;31m NO! [0m 	 id列源备映射错误，源端为int None位	期望更改为text	实际备端为int None位
[0;31m NO! [0m 	 c_varbinary列源备映射错误，源端为varbinary 1位	期望更改为text	实际备端为varbinary 1位
[0;31m NO! [0m 	 c_varbinary_100列源备映射错误，源端为varbinary 100位	期望更改为text	实际备端为varbinary 100位
[0;31m NO! [0m 	 c_varbinary_8000列源备映射错误，源端为varbinary 8000位	期望更改为text	实际备端为varbinary 8000位
当前线程： ThreadPoolExecutor-9_2 正在获取： info_varbinary_dml_batch2_pk_irp1 
端内容
src:info_int_dml_batch1_pk_irp2列信息获取耗时: 47.00毫秒
select "id","c_tinyint","c_smallint","c_int",convert(decimal(38,0),c_bigint),"c_decimal","c_decimal38","c_decimal38_38","c_decimal38_10","c_decimal19_4","c_numeric","c_numeric38","c_numeric38_38","c_numeric38_10","c_numeric18_2",CONVERT(nvarchar(max),"c_float"),CONVERT(nvarchar(max),"c_real"),"c_money","c_smallmoney","c_bit" from [info_int_dml_batch1_pk_irp2]  order by  "id"
Y 行数相同,源1行,备1行
无主键表
YES! hash比对通过
[]
表 info_datetime2_dml_batch1_pk_drp2 比对完成，耗时172.00毫秒
表 info_varchar_dml_single_pk_urp 开始比对
[0;34m info_varchar_dml_single_pk_urp [0m源备字段数相同，源端字段：4 	备端字段4
[0;31m NO! [0m 	 id列源备映射错误，源端为int None位	期望更改为text	实际备端为int None位
[0;31m NO! [0m 	 c_varchar列源备映射错误，源端为varchar 1位	期望更改为text	实际备端为varchar 1位
[0;31m NO! [0m 	 c_varchar50列源备映射错误，源端为varchar 50位	期望更改为text	实际备端为varchar 50位
[0;31m NO! [0m 	 c_varchar8000列源备映射错误，源端为varchar 8000位	期望更改为text	实际备端为varchar 8000位
当前线程： ThreadPoolExecutor-9_3 正在获取： info_varchar_dml_single_pk_urp 端内容
src:info_varbinary_dml_batch2_pk_irp1列信息获取耗时: 46.00毫秒
select * from [info_varbinary_dml_batch2_pk_irp1]  order by  "id"
src:info_varchar_dml_single_pk_urp列信息获取耗时: 47.00毫秒
select "id",CONVERT(nvarchar(max),"c_varchar"),CONVERT(nvarchar(max),"c_varchar50"),CONVERT(nvarchar(max),"c_varchar8000") from [info_varchar_dml_single_pk_urp]  order by  "id"
Y 行数相同,源10行,备10行
无主键表
YES! hash比对通过
[]
表 info_binary_dml_single_pk_irp 比对完成，耗时204.00毫秒
表 info_time_dml_batch1_pk_irp1 开始比对
[0;34m info_time_dml_batch1_pk_irp1 [0m源备字段数相同，源端字段：9 	备端字段9
[0;31m NO! [0m 	 id列源备映射错误，源端为int None位	期望更改为text	实际备端为int None位
[0;31m NO! [0m 	 c_time0列源备映射错误，源端为time None位	期望更改为text	实际备端为time None位
[0;31m NO! [0m 	 c_time1列源备映射错误，源端为time None位	期望更改为text	实际备端为time None位
[0;31m NO! [0m 	 c_time2列源备映射错误，源端为time None位	期望更改为text	实际备端为time None位
[0;31m NO! [0m 	 c_time3列源备映射错误，源端为time None位	期望更改为text	实际备端为time None位
[0;31m NO! [0m 	 c_time4列源备映射错误，源端为time None位	期望更改为text	实际备端为time None位
[0;31m NO! [0m 	 c_time5列源备映射错误，源端为time None位	期望更改为text	实际备端为time None位
[0;31m NO! [0m 	 c_time6列源备映射错误，源端为time None位	期望更改为text	实际备端为time None位
[0;31m NO! [0m 	 c_time列源备映射错误，源端为time None位	期望更改为text	实际备端为time None位
当前线程： ThreadPoolExecutor-9_1 正在获取： info_time_dml_batch1_pk_irp1 端内容
src:info_time_dml_batch1_pk_irp1列信息获取耗时: 46.00毫秒
select * from [info_time_dml_batch1_pk_irp1]  order by  "id"
Y 行数相同,源10行,备10行
无主键表
YES! hash比对通过
[]
表 info_varbinary_dml_batch2_pk_irp1 比对完成，耗时234.00毫秒
表 info_datetime_dml_single_nopk_irp 开始比对
[0;34m info_datetime_dml_single_nopk_irp [0m源备字段数相同，源端字段：2 	备端字段2
[0;31m NO! [0m 	 id列源备映射错误，源端为int None位	期望更改为text	实际备端为int None位
[0;31m NO! [0m 	 c_datetime列源备映射错误，源端为datetime None位	期望更改为text	实际备端为datetime None位
当前线程： ThreadPoolExecutor-9_2 正在获取： info_datetime_dml_single_nopk_irp 端内容
Y 行数相同,源8行,备8行
无主键表
YES! hash比对通过
[]
表 info_varchar_dml_single_pk_urp 比对完成，耗时234.00毫秒
表 info_int_dml_single_nopk_drp 开始比对
[0;34m info_int_dml_single_nopk_drp [0m源备字段数相同，源端字段：20 	备端字段20
[0;31m NO! [0m 	 id列源备映射错误，源端为int None位	期望更改为text	实际备端为int None位
[0;31m NO! [0m 	 c_tinyint列源备映射错误，源端为tinyint None位	期望更改为text	实际备端为tinyint None位
[0;31m NO! [0m 	 c_smallint列源备映射错误，源端为smallint None位	期望更改为text	实际备端为smallint None位
[0;31m NO! [0m 	 c_int列源备映射错误，源端为int None位	期望更改为text	实际备端为int None位
[0;31m NO! [0m 	 c_bigint列源备映射错误，源端为bigint None位	期望更改为text	实际备端为bigint None位
[0;31m NO! [0m 	 c_decimal列源备映射错误，源端为decimal None位	期望更改为text	实际备端为decimal None位
[0;31m NO! [0m 	 c_decimal38列源备映射错误，源端为decimal None位	期望更改为text	实际备端为decimal None位
[0;31m NO! [0m 	 c_decimal38_38列源备映射错误，源端为decimal None位	期望更改为text	实际备端为decimal None位
[0;31m NO! [0m 	 c_decimal38_10列源备映射错误，源端为decimal None位	期望更改为text	实际备端为decimal None位
[0;31m NO! [0m 	 c_decimal19_4列源备映射错误，源端为decimal None位	期望更改为text	实际备端为decimal None位
[0;31m NO! [0m 	 c_numeric列源备映射错误，源端为numeric None位	期望更改为text	实际备端为numeric None位
[0;31m NO! [0m 	 c_numeric38列源备映射错误，源端为numeric None位	期望更改为text	实际备端为numeric None位
[0;31m NO! [0m 	 c_numeric38_38列源备映射错误，源端为numeric None位	期望更改为text	实际备端为numeric None位
[0;31m NO! [0m 	 c_numeric38_10列源备映射错误，源端为numeric None位	期望更改为text	实际备端为numeric None位
[0;31m NO! [0m 	 c_numeric18_2列源备映射错误，源端为numeric None位	期望更改为text	实际备端为numeric None位
[0;31m NO! [0m 	 c_float列源备映射错误，源端为float None位	期望更改为text	实际备端为float None位
[0;31m NO! [0m 	 c_real列源备映射错误，源端为real None位	期望更改为text	实际备端为real None位
[0;31m NO! [0m 	 c_money列源备映射错误，源端为money None位	期望更改为text	实际备端为money None位
[0;31m NO! [0m 	 c_smallmoney列源备映射错误，源端为smallmoney None位	期望更改为text	实际备端为smallmoney None位
[0;31m NO! [0m 	 c_bit列源备映射错误，源端为bit None位	期望更改为text	实际备端为bit None位
当前线程： ThreadPoolExecutor-9_3 正在获取： info_int_dml_single_nopk_drp 端内容
src:info_datetime_dml_single_nopk_irp列信息获取耗时: 47.00毫秒
select * from [info_datetime_dml_single_nopk_irp]
Y 行数相同,源16行,备16行
无主键表
YES! hash比对通过
[]
表 info_time_dml_batch1_pk_irp1 比对完成，耗时203.00毫秒
表 info_geography_dml_single_pk_drp 开始比对
[0;34m info_geography_dml_single_pk_drp [0m源备字段数相同，源端字段：2 	备端字段2
[0;31m NO! [0m 	 id列源备映射错误，源端为int None位	期望更改为text	实际备端为int None位
[0;31m NO! [0m 	 c_geography列源备映射错误，源端为geography -1位	期望更改为text	实际备端为geography -1位
当前线程： ThreadPoolExecutor-9_1 正在获取： info_geography_dml_single_pk_drp 端内容
src:info_int_dml_single_nopk_drp列信息获取耗时: 63.00毫秒
select "id","c_tinyint","c_smallint","c_int",convert(decimal(38,0),c_bigint),"c_decimal","c_decimal38","c_decimal38_38","c_decimal38_10","c_decimal19_4","c_numeric","c_numeric38","c_numeric38_38","c_numeric38_10","c_numeric18_2",CONVERT(nvarchar(max),"c_float"),CONVERT(nvarchar(max),"c_real"),"c_money","c_smallmoney","c_bit" from [info_int_dml_single_nopk_drp]
Y 行数相同,源180行,备180行
无主键表
YES! hash比对通过
[]
表 info_int_dml_batch1_pk_irp2 比对完成，耗时562.00毫秒
表 info_sdt_dml_batch1_pk 开始比对
[0;34m info_sdt_dml_batch1_pk [0m源备字段数相同，源端字段：2 	备端字段2
[0;31m NO! [0m 	 id列源备映射错误，源端为int None位	期望更改为text	实际备端为int None位
[0;31m NO! [0m 	 c_sdt列源备映射错误，源端为smalldatetime None位	期望更改为text	实际备端为smalldatetime None位
当前线程： ThreadPoolExecutor-9_0 正在获取： info_sdt_dml_batch1_pk 端内容
src:info_geography_dml_single_pk_drp列信息获取耗时: 203.00毫秒
select "id","c_geography".STAsText() from [info_geography_dml_single_pk_drp]  order by  "id"
Y 行数相同,源24行,备24行
无主键表
YES! hash比对通过
[]
表 info_datetime_dml_single_nopk_irp 比对完成，耗时297.00毫秒
表 info_varchar_dml_single_pk_drp 开始比对
[0;34m info_varchar_dml_single_pk_drp [0m源备字段数相同，源端字段：4 	备端字段4
[0;31m NO! [0m 	 id列源备映射错误，源端为int None位	期望更改为text	实际备端为int None位
[0;31m NO! [0m 	 c_varchar列源备映射错误，源端为varchar 1位	期望更改为text	实际备端为varchar 1位
[0;31m NO! [0m 	 c_varchar50列源备映射错误，源端为varchar 50位	期望更改为text	实际备端为varchar 50位
[0;31m NO! [0m 	 c_varchar8000列源备映射错误，源端为varchar 8000位	期望更改为text	实际备端为varchar 8000位
当前线程： ThreadPoolExecutor-9_2 正在获取： info_varchar_dml_single_pk_drp 端内容
src:info_sdt_dml_batch1_pk列信息获取耗时: 47.00毫秒
select * from [info_sdt_dml_batch1_pk]  order by  "id"
src:info_varchar_dml_single_pk_drp列信息获取耗时: 47.00毫秒
select "id",CONVERT(nvarchar(max),"c_varchar"),CONVERT(nvarchar(max),"c_varchar50"),CONVERT(nvarchar(max),"c_varchar8000") from [info_varchar_dml_single_pk_drp]  order by  "id"
Y 行数相同,源23行,备23行
无主键表
YES! hash比对通过
[]
表 info_int_dml_single_nopk_drp 比对完成，耗时375.00毫秒
表 info_geography_dml_single_pk 开始比对
[0;34m info_geography_dml_single_pk [0m源备字段数相同，源端字段：2 	备端字段2
[0;31m NO! [0m 	 id列源备映射错误，源端为int None位	期望更改为text	实际备端为int None位
[0;31m NO! [0m 	 c_geography列源备映射错误，源端为geography -1位	期望更改为text	实际备端为geography -1位
当前线程： ThreadPoolExecutor-9_3 正在获取： info_geography_dml_single_pk 端内容
Y 行数相同,源2行,备2行
无主键表
YES! hash比对通过
[]
表 info_geography_dml_single_pk_drp 比对完成，耗时343.00毫秒
表 info_datetime_dml_single_pk_irp 开始比对
[0;34m info_datetime_dml_single_pk_irp [0m源备字段数相同，源端字段：2 	备端字段2
[0;31m NO! [0m 	 id列源备映射错误，源端为int None位	期望更改为text	实际备端为int None位
[0;31m NO! [0m 	 c_datetime列源备映射错误，源端为datetime None位	期望更改为text	实际备端为datetime None位
当前线程： ThreadPoolExecutor-9_1 正在获取： info_datetime_dml_single_pk_irp 端内容
Y 行数相同,源3行,备3行
无主键表
YES! hash比对通过
[]
表 info_sdt_dml_batch1_pk 比对完成，耗时156.00毫秒
表 info_nvarchar_dml_batch2_pk_irp2 开始比对
[0;34m info_nvarchar_dml_batch2_pk_irp2 [0m源备字段数相同，源端字段：4 	备端字段4
[0;31m NO! [0m 	 id列源备映射错误，源端为int None位	期望更改为text	实际备端为int None位
[0;31m NO! [0m 	 c_nvarchar列源备映射错误，源端为nvarchar 2位	期望更改为text	实际备端为nvarchar 2位
[0;31m NO! [0m 	 c_nvarchar20列源备映射错误，源端为nvarchar 40位	期望更改为text	实际备端为nvarchar 40位
[0;31m NO! [0m 	 c_nvarchar3500列源备映射错误，源端为nvarchar 7000位	期望更改为text	实际备端为nvarchar 7000位
当前线程： ThreadPoolExecutor-9_0 
正在获取： info_nvarchar_dml_batch2_pk_irp2 端内容
Y 行数相同,源1行,备1行
无主键表
YES! hash比对通过
[]
表 info_varchar_dml_single_pk_drp 比对完成，耗时172.00毫秒
表 info_nvarchar_dml_single_nopk_irp 开始比对
[0;34m info_nvarchar_dml_single_nopk_irp [0m源备字段数相同，源端字段：4 	备端字段4
[0;31m NO! [0m 	 id列源备映射错误，源端为int None位	期望更改为text	实际备端为int None位
[0;31m NO! [0m 	 c_nvarchar列源备映射错误，源端为nvarchar 2位	期望更改为text	实际备端为nvarchar 2位
[0;31m NO! [0m 	 c_nvarchar20列源备映射错误，源端为nvarchar 40位	期望更改为text	实际备端为nvarchar 40位
[0;31m NO! [0m 	 c_nvarchar4000列源备映射错误，源端为nvarchar 8000位	期望更改为text	实际备端为nvarchar 8000位
当前线程： ThreadPoolExecutor-9_2 正在获取： info_nvarchar_dml_single_nopk_irp 端内容
src:info_datetime_dml_single_pk_irp列信息获取耗时: 47.00毫秒
select * from [info_datetime_dml_single_pk_irp]  order by  "id"
src:info_geography_dml_single_pk列信息获取耗时: 78.00毫秒
select "id","c_geography".STAsText() from [info_geography_dml_single_pk]  order by  "id"
src:info_nvarchar_dml_batch2_pk_irp2列信息获取耗时: 47.00毫秒
select * from [info_nvarchar_dml_batch2_pk_irp2]  order by  "id"
src:info_nvarchar_dml_single_nopk_irp列信息获取耗时: 31.00毫秒
select * from [info_nvarchar_dml_single_nopk_irp]
Y 行数相同,源24行,备24行
无主键表
YES! hash比对通过
[]
表 info_datetime_dml_single_pk_irp 比对完成，耗时172.00毫秒
表 info_binary_dml_single_pk_urp 开始比对
[0;34m info_binary_dml_single_pk_urp [0m源备字段数相同，源端字段：4 	备端字段4
[0;31m NO! [0m 	 id列源备映射错误，源端为int None位	期望更改为text	实际备端为int None位
[0;31m NO! [0m 	 c_binary列源备映射错误，源端为binary 1位	期望更改为text	实际备端为binary 1位
[0;31m NO! [0m 	 c_binary_20列源备映射错误，源端为binary 20位	期望更改为text	实际备端为binary 20位
[0;31m NO! [0m 	 c_binary_8000列源备映射错误，源端为binary 8000位	期望更改为text	实际备端为binary 8000位
当前线程： ThreadPoolExecutor-9_1 正在获取： info_binary_dml_single_pk_urp 端内容
Y 行数相同,源2行,备2行
无主键表
YES! hash比对通过
[]
表 info_geography_dml_single_pk 比对完成，耗时235.00毫秒
表 info_int_dml_batch2_pk_irp1 开始比对

[0;34m info_int_dml_batch2_pk_irp1 [0m源备字段数相同，源端字段：20 	备端字段20
[0;31m NO! [0m 	 id列源备映射错误，源端为int None位	期望更改为text	实际备端为int None位
[0;31m NO! [0m 	 c_tinyint列源备映射错误，源端为tinyint None位	期望更改为text	实际备端为tinyint None位
[0;31m NO! [0m 	 c_smallint列源备映射错误，源端为smallint None位	期望更改为text	实际备端为smallint None位
[0;31m NO! [0m 	 c_int列源备映射错误，源端为int None位	期望更改为text	实际备端为int None位
[0;31m NO! [0m 	 c_bigint列源备映射错误，源端为bigint None位	期望更改为text	实际备端为bigint None位
[0;31m NO! [0m 	 c_decimal列源备映射错误，源端为decimal None位	期望更改为text	实际备端为decimal None位
[0;31m NO! [0m 	 c_decimal38列源备映射错误，源端为decimal None位	期望更改为text	实际备端为decimal None位
[0;31m NO! [0m 	 c_decimal38_38列源备映射错误，源端为decimal None位	期望更改为text	实际备端为decimal None位
[0;31m NO! [0m 	 c_decimal38_10列源备映射错误，源端为decimal None位	期望更改为text	实际备端为decimal None位
[0;31m NO! [0m 	 c_decimal19_4列源备映射错误，源端为decimal None位	期望更改为text	实际备端为decimal None位
[0;31m NO! [0m 	 c_numeric列源备映射错误，源端为numeric None位	期望更改为text	实际备端为numeric None位
[0;31m NO! [0m 	 c_numeric38列源备映射错误，源端为numeric None位	期望更改为text	实际备端为numeric None位
[0;31m NO! [0m 	 c_numeric38_38列源备映射错误，源端为numeric None位	期望更改为text	实际备端为numeric None位
[0;31m NO! [0m 	 c_numeric38_10列源备映射错误，源端为numeric None位	期望更改为text	实际备端为numeric None位
[0;31m NO! [0m 	 c_numeric18_2列源备映射错误，源端为numeric None位	期望更改为text	实际备端为numeric None位
[0;31m NO! [0m 	 c_float列源备映射错误，源端为float None位	期望更改为text	实际备端为float None位
[0;31m NO! [0m 	 c_real列源备映射错误，源端为real None位	期望更改为text	实际备端为real None位
[0;31m NO! [0m 	 c_money列源备映射错误，源端为money None位	期望更改为text	实际备端为money None位
[0;31m NO! [0m 	 c_smallmoney列源备映射错误，源端为smallmoney None位	期望更改为text	实际备端为smallmoney None位
[0;31m NO! [0m 	 c_bit列源备映射错误，源端为bit None位	期望更改为text	实际备端为bit None位
当前线程： ThreadPoolExecutor-9_3 正在获取： info_int_dml_batch2_pk_irp1
 端内容
src:info_binary_dml_single_pk_urp列信息获取耗时: 31.00毫秒
select * from [info_binary_dml_single_pk_urp]  order by  "id"
Y 行数相同,源11行,备11行
无主键表
YES! hash比对通过
[]
表 info_nvarchar_dml_batch2_pk_irp2 比对完成，耗时250.00毫秒
表 info_datetime_dml_single_nopk_urp 开始比对
[0;34m info_datetime_dml_single_nopk_urp [0m源备字段数相同，源端字段：2 	备端字段2
[0;31m NO! [0m 	 id列源备映射错误，源端为int None位	期望更改为text	实际备端为int None位
[0;31m NO! [0m 	 c_datetime列源备映射错误，源端为datetime None位	期望更改为text	实际备端为datetime None位
当前线程： ThreadPoolExecutor-9_0 正在获取： info_datetime_dml_single_nopk_urp 端内容
src:info_int_dml_batch2_pk_irp1列信息获取耗时: 47.00毫秒
select "id","c_tinyint","c_smallint","c_int",convert(decimal(38,0),c_bigint),"c_decimal","c_decimal38","c_decimal38_38","c_decimal38_10","c_decimal19_4","c_numeric","c_numeric38","c_numeric38_38","c_numeric38_10","c_numeric18_2",CONVERT(nvarchar(max),"c_float"),CONVERT(nvarchar(max),"c_real"),"c_money","c_smallmoney","c_bit" from [info_int_dml_batch2_pk_irp1]  order by  "id"
Y 行数相同,源16行,备16行
无主键表
YES! hash比对通过
[]
表 info_nvarchar_dml_single_nopk_irp 比对完成，耗时250.00毫秒
表 info_uniqueidentifier_dml_single_pk 开始比对

[0;34m info_uniqueidentifier_dml_single_pk [0m源备字段数相同，源端字段：2 	备端字段2
[0;31m NO! [0m 	 id列源备映射错误，源端为int None位	期望更改为text	实际备端为int None位
[0;31m NO! [0m 	 c_uniqueidentifier列源备映射错误，源端为uniqueidentifier None位	期望更改为text	实际备端为uniqueidentifier None位
当前线程： ThreadPoolExecutor-9_2 正在获取： info_uniqueidentifier_dml_single_pk 端内容
src:info_datetime_dml_single_nopk_urp列信息获取耗时: 32.00毫秒
select * from [info_datetime_dml_single_nopk_urp]
Y 行数相同,源5行,备5行
无主键表
src:info_uniqueidentifier_dml_single_pk列信息获取耗时: 47.00毫秒
YES! hash比对通过
[]
表 info_binary_dml_single_pk_urp 比对完成，耗时157.00毫秒
表 info_varbinary_dml_batch2_pk_irp2 开始比对
[0;34m info_varbinary_dml_batch2_pk_irp2 [0m源备字段数相同，源端字段：4 	备端字段4
[0;31m NO! [0m 	 id列源备映射错误，源端为int None位	期望更改为text	实际备端为int None位
[0;31m NO! [0m 	 c_varbinary列源备映射错误，源端为varbinary 1位	期望更改为text	实际备端为varbinary 1位
[0;31m NO! [0m 	 c_varbinary_100列源备映射错误，源端为varbinary 100位	期望更改为text	实际备端为varbinary 100位
[0;31m NO! [0m 	 c_varbinary_8000列源备映射错误，源端为varbinary 8000位	期望更改为text	实际备端为varbinary 8000位
当前线程： ThreadPoolExecutor-9_1 正在获取：
 info_varbinary_dml_batch2_pk_irp2 端内容
select * from [info_uniqueidentifier_dml_single_pk]  order by  "id"
Y 行数相同,源20行,备20行
无主键表
YES! hash比对通过
[]
表 info_int_dml_batch2_pk_irp1 比对完成，耗时187.00毫秒
表 info_time_dml_batch1_pk_irp2 开始比对
[0;34m info_time_dml_batch1_pk_irp2 [0m源备字段数相同，源端字段：9 	备端字段9
[0;31m NO! [0m 	 id列源备映射错误，源端为int None位	期望更改为text	实际备端为int None位
[0;31m NO! [0m 	 c_time0列源备映射错误，源端为time None位	期望更改为text	实际备端为time None位
[0;31m NO! [0m 	 c_time1列源备映射错误，源端为time None位	期望更改为text	实际备端为time None位
[0;31m NO! [0m 	 c_time2列源备映射错误，源端为time None位	期望更改为text	实际备端为time None位
[0;31m NO! [0m 	 c_time3列源备映射错误，源端为time None位	期望更改为text	实际备端为time None位
[0;31m NO! [0m 	 c_time4列源备映射错误，源端为time None位	期望更改为text	实际备端为time None位
[0;31m NO! [0m 	 c_time5列源备映射错误，源端为time None位	期望更改为text	实际备端为time None位
[0;31m NO! [0m 	 c_time6列源备映射错误，源端为time None位	期望更改为text	实际备端为time None位
[0;31m NO! [0m 	 c_time列源备映射错误，源端为time None位	期望更改为text	实际备端为time None位
当前线程： ThreadPoolExecutor-9_3 正在获取： info_time_dml_batch1_pk_irp2 端内容
src:info_varbinary_dml_batch2_pk_irp2列信息获取耗时: 47.00毫秒

select * from [info_varbinary_dml_batch2_pk_irp2]  order by  "id"
Y 行数相同,源7行,备7行
无主键表
YES! hash比对通过
[]
表 info_datetime_dml_single_nopk_urp 比对完成，耗时157.00毫秒
表 info_int_dml_batch2_pk_irp2 开始比对
[0;34m info_int_dml_batch2_pk_irp2 [0m源备字段数相同，源端字段：20 	备端字段20
[0;31m NO! [0m 	 id列源备映射错误，源端为int None位	期望更改为text	实际备端为int None位
[0;31m NO! [0m 	 c_tinyint列源备映射错误，源端为tinyint None位	期望更改为text	实际备端为tinyint None位
[0;31m NO! [0m 	 c_smallint列源备映射错误，源端为smallint None位	期望更改为text	实际备端为smallint None位
[0;31m NO! [0m 	 c_int列源备映射错误，源端为int None位	期望更改为text	实际备端为int None位
[0;31m NO! [0m 	 c_bigint列源备映射错误，源端为bigint None位	期望更改为text	实际备端为bigint None位
[0;31m NO! [0m 	 c_decimal列源备映射错误，源端为decimal None位	期望更改为text	实际备端为decimal None位
[0;31m NO! [0m 	 c_decimal38列源备映射错误，源端为decimal None位	期望更改为text	实际备端为decimal None位
[0;31m NO! [0m 	 c_decimal38_38列源备映射错误，源端为decimal None位	期望更改为text	实际备端为decimal None位
[0;31m NO! [0m 	 c_decimal38_10列源备映射错误，源端为decimal None位	期望更改为text	实际备端为decimal None位
[0;31m NO! [0m 	 c_decimal19_4列源备映射错误，源端为decimal None位	期望更改为text	实际备端为decimal None位
[0;31m NO! [0m 	 c_numeric列源备映射错误，源端为numeric None位	期望更改为text	实际备端为numeric None位
[0;31m NO! [0m 	 c_numeric38列源备映射错误，源端为numeric None位	期望更改为text	实际备端为numeric None位
[0;31m NO! [0m 	 c_numeric38_38列源备映射错误，源端为numeric None位	期望更改为text	实际备端为numeric None位
[0;31m NO! [0m 	 c_numeric38_10列源备映射错误，源端为numeric None位	期望更改为text	实际备端为numeric None位
[0;31m NO! [0m 	 c_numeric18_2列源备映射错误，源端为numeric None位	期望更改为text	实际备端为numeric None位
[0;31m NO! [0m 	 c_float列源备映射错误，源端为float None位	期望更改为text	实际备端为float None位
[0;31m NO! [0m 	 c_real列源备映射错误，源端为real None位	期望更改为text	实际备端为real None位

[0;31m NO! [0m 	 c_money列源备映射错误，源端为money None位	期望更改为text	实际备端为money None位
[0;31m NO! [0m 	 c_smallmoney列源备映射错误，源端为smallmoney None位	期望更改为text	实际备端为smallmoney None位
[0;31m NO! [0m 	 c_bit列源备映射错误，源端为bit None位	期望更改为text	实际备端为bit None位
当前线程： ThreadPoolExecutor-9_0 正在获取： info_int_dml_batch2_pk_irp2 端内容
Y 行数相同,源1行,备1行
无主键表
YES! hash比对通过
[]
表 info_uniqueidentifier_dml_single_pk 比对完成，耗时156.00毫秒
表 info_int_dml_single_nopk 开始比对
[0;34m info_int_dml_single_nopk [0m源备字段数相同，源端字段：20 	备端字段20
[0;31m NO! [0m 	 id列源备映射错误，源端为int None位	期望更改为text	实际备端为int None位
[0;31m NO! [0m 	 c_tinyint列源备映射错误，源端为tinyint None位	期望更改为text	实际备端为tinyint None位
[0;31m NO! [0m 	 c_smallint列源备映射错误，源端为smallint None位	期望更改为text	实际备端为smallint None位
[0;31m NO! [0m 	 c_int列源备映射错误，源端为int None位	期望更改为text	实际备端为int None位
[0;31m NO! [0m 	 c_bigint列源备映射错误，源端为bigint None位	期望更改为text	实际备端为bigint None位
[0;31m NO! [0m 	 c_decimal列源备映射错误，源端为decimal None位	期望更改为text	实际备端为decimal None位
[0;31m NO! [0m 	 c_decimal38列源备映射错误，源端为decimal None位	期望更改为text	实际备端为decimal None位
[0;31m NO! [0m 	 c_decimal38_38列源备映射错误，源端为decimal None位	期望更改为text	实际备端为decimal None位
[0;31m NO! [0m 	 c_decimal38_10列源备映射错误，源端为decimal None位	期望更改为text	实际备端为decimal None位
[0;31m NO! [0m 	 c_decimal19_4列源备映射错误，源端为decimal None位	期望更改为text	实际备端为decimal None位

[0;31m NO! [0m 	 c_numeric列源备映射错误，源端为numeric None位	期望更改为text	实际备端为numeric None位
[0;31m NO! [0m 	 c_numeric38列源备映射错误，源端为numeric None位	期望更改为text	实际备端为numeric None位
[0;31m NO! [0m 	 c_numeric38_38列源备映射错误，源端为numeric None位	期望更改为text	实际备端为numeric None位
[0;31m NO! [0m 	 c_numeric38_10列源备映射错误，源端为numeric None位	期望更改为text	实际备端为numeric None位
[0;31m NO! [0m 	 c_numeric18_2列源备映射错误，源端为numeric None位	期望更改为text	实际备端为numeric None位
[0;31m NO! [0m 	 c_float列源备映射错误，源端为float None位	期望更改为text	实际备端为float None位
[0;31m NO! [0m 	 c_real列源备映射错误，源端为real None位	期望更改为text	实际备端为real None位
[0;31m NO! [0m 	 c_money列源备映射错误，源端为money None位	期望更改为text	实际备端为money None位
[0;31m NO! [0m 	 c_smallmoney列源备映射错误，源端为smallmoney None位	期望更改为text	实际备端为smallmoney None位
[0;31m NO! [0m 	 c_bit列源备映射错误，源端为bit None位	期望更改为text	实际备端为bit None位
当前线程： ThreadPoolExecutor-9_2 正在获取： info_int_dml_single_nopk 端内容
src:info_time_dml_batch1_pk_irp2列信息获取耗时: 63.00毫秒
select * from [info_time_dml_batch1_pk_irp2]  order by  "id"
src:info_int_dml_batch2_pk_irp2列信息获取耗时: 47.00毫秒
select "id","c_tinyint","c_smallint","c_int",convert(decimal(38,0),c_bigint),"c_decimal","c_decimal38","c_decimal38_38","c_decimal38_10","c_decimal19_4","c_numeric","c_numeric38","c_numeric38_38","c_numeric38_10","c_numeric18_2",CONVERT(nvarchar(max),"c_float"),CONVERT(nvarchar(max),"c_real"),"c_money","c_smallmoney","c_bit" from [info_int_dml_batch2_pk_irp2]  order by  "id"
src:info_int_dml_single_nopk列信息获取耗时: 31.00毫秒
select "id","c_tinyint","c_smallint","c_int",convert(decimal(38,0),c_bigint),"c_decimal","c_decimal38","c_decimal38_38","c_decimal38_10","c_decimal19_4","c_numeric","c_numeric38","c_numeric38_38","c_numeric38_10","c_numeric18_2",CONVERT(nvarchar(max),"c_float"),CONVERT(nvarchar(max),"c_real"),"c_money","c_smallmoney","c_bit" from [info_int_dml_single_nopk]
Y 行数相同,源24行,备24行
无主键表
YES! hash比对通过
[]

表 info_varbinary_dml_batch2_pk_irp2 比对完成，耗时265.00毫秒
表 info_datetime_dml_batch1_pk_irp1 开始比对
[0;34m info_datetime_dml_batch1_pk_irp1 [0m源备字段数相同，源端字段：2 	备端字段2
[0;31m NO! [0m 	 id列源备映射错误，源端为int None位	期望更改为text	实际备端为int None位
[0;31m NO! [0m 	 c_datetime列源备映射错误，源端为datetime None位	期望更改为text	实际备端为datetime None位
当前线程： ThreadPoolExecutor-9_1 正在获取： info_datetime_dml_batch1_pk_irp1 端内容
Y 行数相同,源44行,备44行
无主键表
YES! hash比对通过
[]
表 info_time_dml_batch1_pk_irp2 比对完成，耗时281.00毫秒
表 info_varchar_dml_batch1_pk_urp2 开始比对
[0;34m info_varchar_dml_batch1_pk_urp2 [0m源备字段数相同，源端字段：4 	备端字段4
[0;31m NO! [0m 	 id列源备映射错误，源端为int None位	期望更改为text	实际备端为int None位
[0;31m NO! [0m 	 c_varchar列源备映射错误，源端为varchar 1位	期望更改为text	实际备端为varchar 1位
[0;31m NO! [0m 	 c_varchar20列源备映射错误，源端为varchar 20位	期望更改为text	实际备端为varchar 20位
[0;31m NO! [0m 	 c_varchar7000列源备映射错误，源端为varchar 7000位	期望更改为text	实际备端为varchar 7000位
当前线程： ThreadPoolExecutor-9_3 正在获取： info_varchar_dml_batch1_pk_urp2
 端内容
src:info_datetime_dml_batch1_pk_irp1列信息获取耗时: 78.00毫秒
select * from [info_datetime_dml_batch1_pk_irp1]  order by  "id"
Y 行数相同,源4行,备4行
无主键表
YES! hash比对通过
[]
表 info_int_dml_single_nopk 比对完成，耗时266.00毫秒
表 info_nvarchar_dml_single_nopk_urp 开始比对
[0;34m info_nvarchar_dml_single_nopk_urp [0m源备字段数相同，源端字段：4 	备端字段4
[0;31m NO! [0m 	 id列源备映射错误，源端为int None位	期望更改为text	实际备端为int None位
[0;31m NO! [0m 	 c_nvarchar列源备映射错误，源端为nvarchar 2位	期望更改为text	实际备端为nvarchar 2位
[0;31m NO! [0m 	 c_nvarchar20列源备映射错误，源端为nvarchar 40位	期望更改为text	实际备端为nvarchar 40位
[0;31m NO! [0m 	 c_nvarchar4000列源备映射错误，源端为nvarchar 8000位	期望更改为text	实际备端为nvarchar 8000位
当前线程： ThreadPoolExecutor-9_2 正在获取： info_nvarchar_dml_single_nopk_urp 端内容
src:info_varchar_dml_batch1_pk_urp2列信息获取耗时: 47.00毫秒
select "id",CONVERT(nvarchar(max),"c_varchar"),CONVERT(nvarchar(max),"c_varchar20"),CONVERT(nvarchar(max),"c_varchar7000") from [info_varchar_dml_batch1_pk_urp2]  order by  "id"
src:info_nvarchar_dml_single_nopk_urp列信息获取耗时: 46.00毫秒
select * from [info_nvarchar_dml_single_nopk_urp]
Y 行数相同,源90行,备90行
无主键表

YES! hash比对通过
[]
表 info_int_dml_batch2_pk_irp2 比对完成，耗时422.00毫秒
表 info_varchar_dml_single_pk 开始比对
[0;34m info_varchar_dml_single_pk [0m源备字段数相同，源端字段：4 	备端字段4
[0;31m NO! [0m 	 id列源备映射错误，源端为int None位	期望更改为text	实际备端为int None位
[0;31m NO! [0m 	 c_varchar列源备映射错误，源端为varchar 1位	期望更改为text	实际备端为varchar 1位
[0;31m NO! [0m 	 c_varchar50列源备映射错误，源端为varchar 50位	期望更改为text	实际备端为varchar 50位
[0;31m NO! [0m 	 c_varchar8000列源备映射错误，源端为varchar 8000位	期望更改为text	实际备端为varchar 8000位
当前线程： ThreadPoolExecutor-9_0 正在获取： info_varchar_dml_single_pk 端内容
Y 行数相同,源24行,备24行
无主键表
YES! hash比对通过
[]
表 info_datetime_dml_batch1_pk_irp1 比对完成，耗时250.00毫秒
表 info_text_dml_single_pk_irp 开始比对
[0;34m info_text_dml_single_pk_irp [0m源备字段数相同，源端字段：3 	备端字段3
[0;31m NO! [0m 	 id列源备映射错误，源端为int None位	期望更改为text	实际备端为int None位
[0;32m YES! [0m 	 c_text列源备映射正确，源端为text 2147483647位	期望更改为text	实际备端为text 2147483647位
[0;31m NO! [0m 	 c_ntext列源备映射错误，源端为ntext 2147483646位	期望更改为text	实际备端为ntext 2147483646位
当前线程：
 ThreadPoolExecutor-9_1 正在获取： info_text_dml_single_pk_irp 端内容
src:info_varchar_dml_single_pk列信息获取耗时: 46.00毫秒
select "id",CONVERT(nvarchar(max),"c_varchar"),CONVERT(nvarchar(max),"c_varchar50"),CONVERT(nvarchar(max),"c_varchar8000") from [info_varchar_dml_single_pk]  order by  "id"
src:info_text_dml_single_pk_irp列信息获取耗时: 47.00毫秒
select "id",CONVERT(ntext,"c_text"),"c_ntext" from [info_text_dml_single_pk_irp]  order by  "id"
Y 行数相同,源6行,备6行
无主键表
YES! hash比对通过
[]
表 info_varchar_dml_batch1_pk_urp2 比对完成，耗时235.00毫秒
表 info_datetime2_dml_batch1_pk 开始比对
[0;34m info_datetime2_dml_batch1_pk [0m源备字段数相同，源端字段：9 	备端字段9
[0;31m NO! [0m 	 id列源备映射错误，源端为int None位	期望更改为text	实际备端为int None位
[0;31m NO! [0m 	 c_dt2_0列源备映射错误，源端为datetime2 None位	期望更改为text	实际备端为datetime2 None位
[0;31m NO! [0m 	 c_dt2_1列源备映射错误，源端为datetime2 None位	期望更改为text	实际备端为datetime2 None位
[0;31m NO! [0m 	 c_dt2_2列源备映射错误，源端为datetime2 None位	期望更改为text	实际备端为datetime2 None位
[0;31m NO! [0m 	 c_dt2_3列源备映射错误，源端为datetime2 None位	期望更改为text	实际备端为datetime2 None位
[0;31m NO! [0m 	 c_dt2_4列源备映射错误，源端为datetime2 None位	期望更改为text	实际备端为datetime2 None位
[0;31m NO! [0m 	 c_dt2_5列源备映射错误，源端为datetime2 None位	期望更改为text	实际备端为datetime2 None位
[0;31m NO! [0m 	 c_dt2_6列源备映射错误，源端为datetime2 None位	期望更改为text	实际备端为datetime2 None位
[0;31m NO! [0m 	 c_dt2列源备映射错误，源端为datetime2 None位	期望更改为text	实际备端为datetime2 None位
当前线程：
 ThreadPoolExecutor-9_3 正在获取： info_datetime2_dml_batch1_pk 端内容
Y 行数相同,源10行,备10行
无主键表
YES! hash比对通过
[]
表 info_nvarchar_dml_single_nopk_urp 比对完成，耗时234.00毫秒
表 info_datetime_dml_single_nopk_drp 开始比对
[0;34m info_datetime_dml_single_nopk_drp [0m源备字段数相同，源端字段：2 	备端字段2
[0;31m NO! [0m 	 id列源备映射错误，源端为int None位	期望更改为text	实际备端为int None位
[0;31m NO! [0m 	 c_datetime列源备映射错误，源端为datetime None位	期望更改为text	实际备端为datetime None位
当前线程： ThreadPoolExecutor-9_2 正在获取： info_datetime_dml_single_nopk_drp 端内容
src:info_datetime2_dml_batch1_pk列信息获取耗时: 47.00毫秒
select * from [info_datetime2_dml_batch1_pk]  order by  "id"
Y 行数相同,源2行,备2行
无主键表
YES! hash比对通过
[]
表 info_varchar_dml_single_pk 比对完成，耗时156.00毫秒

表 info_nvarchar_dml_batch1_pk_urp1 开始比对
[0;34m info_nvarchar_dml_batch1_pk_urp1 [0m源备字段数相同，源端字段：4 	备端字段4
[0;31m NO! [0m 	 id列源备映射错误，源端为int None位	期望更改为text	实际备端为int None位
[0;31m NO! [0m 	 c_nvarchar列源备映射错误，源端为nvarchar 2位	期望更改为text	实际备端为nvarchar 2位
[0;31m NO! [0m 	 c_nvarchar20列源备映射错误，源端为nvarchar 40位	期望更改为text	实际备端为nvarchar 40位
[0;31m NO! [0m 	 c_nvarchar3500列源备映射错误，源端为nvarchar 7000位	期望更改为text	实际备端为nvarchar 7000位
当前线程： ThreadPoolExecutor-9_0 正在获取： info_nvarchar_dml_batch1_pk_urp1 端内容
src:info_datetime_dml_single_nopk_drp列信息获取耗时: 47.00毫秒
select * from [info_datetime_dml_single_nopk_drp]
Y 行数相同,源5行,备5行
无主键表
YES! hash比对通过
[]
表 info_text_dml_single_pk_irp 比对完成，耗时172.00毫秒
表 info_datetime_dml_single_pk_urp 开始比对
[0;34m info_datetime_dml_single_pk_urp [0m源备字段数相同，源端字段：2 	备端字段2
[0;31m NO! [0m 	 id列源备映射错误，源端为int None位	期望更改为text	实际备端为int None位
[0;31m NO! [0m 	 c_datetime列源备映射错误，源端为datetime None位	期望更改为text	实际备端为datetime None位
当前线程： ThreadPoolExecutor-9_1 正在获取：
 info_datetime_dml_single_pk_urp 端内容
src:info_nvarchar_dml_batch1_pk_urp1列信息获取耗时: 31.00毫秒
select * from [info_nvarchar_dml_batch1_pk_urp1]  order by  "id"
Y 行数相同,源3行,备3行
无主键表
YES! hash比对通过
[]
表 info_datetime2_dml_batch1_pk 比对完成，耗时156.00毫秒
表 info_datetimeoffset_dml_batch1_pk_irp1 开始比对
[0;34m info_datetimeoffset_dml_batch1_pk_irp1 [0m源备字段数相同，源端字段：9 	备端字段9
[0;31m NO! [0m 	 id列源备映射错误，源端为int None位	期望更改为text	实际备端为int None位
[0;31m NO! [0m 	 c_dtoffset_0列源备映射错误，源端为datetimeoffset None位	期望更改为text	实际备端为datetimeoffset None位
[0;31m NO! [0m 	 c_dtoffset_1列源备映射错误，源端为datetimeoffset None位	期望更改为text	实际备端为datetimeoffset None位
[0;31m NO! [0m 	 c_dtoffset_2列源备映射错误，源端为datetimeoffset None位	期望更改为text	实际备端为datetimeoffset None位
[0;31m NO! [0m 	 c_dtoffset_3列源备映射错误，源端为datetimeoffset None位	期望更改为text	实际备端为datetimeoffset None位
[0;31m NO! [0m 	 c_dtoffset_4列源备映射错误，源端为datetimeoffset None位	期望更改为text	实际备端为datetimeoffset None位
[0;31m NO! [0m 	 c_dtoffset_5列源备映射错误，源端为datetimeoffset None位	期望更改为text	实际备端为datetimeoffset None位
[0;31m NO! [0m 	 c_dtoffset_6列源备映射错误，源端为datetimeoffset None位	期望更改为text	实际备端为datetimeoffset None位
[0;31m NO! [0m 	 c_dtoffset列源备映射错误，源端为datetimeoffset None位	期望更改为text	实际备端为datetimeoffset None位
当前线程： ThreadPoolExecutor-9_3 正在获取： info_datetimeoffset_dml_batch1_pk_irp1 端内容

src:info_datetime_dml_single_pk_urp列信息获取耗时: 47.00毫秒
select * from [info_datetime_dml_single_pk_urp]  order by  "id"
Y 行数相同,源15行,备15行
无主键表
YES! hash比对通过
[]
表 info_datetime_dml_single_nopk_drp 比对完成，耗时156.00毫秒
表 info_binary_dml_single_pk_drp 开始比对
[0;34m info_binary_dml_single_pk_drp [0m源备字段数相同，源端字段：4 	备端字段4
[0;31m NO! [0m 	 id列源备映射错误，源端为int None位	期望更改为text	实际备端为int None位
[0;31m NO! [0m 	 c_binary列源备映射错误，源端为binary 1位	期望更改为text	实际备端为binary 1位
[0;31m NO! [0m 	 c_binary_20列源备映射错误，源端为binary 20位	期望更改为text	实际备端为binary 20位
[0;31m NO! [0m 	 c_binary_8000列源备映射错误，源端为binary 8000位	期望更改为text	实际备端为binary 8000位
当前线程： ThreadPoolExecutor-9_2 正在获取： info_binary_dml_single_pk_drp 端内容
src:info_datetimeoffset_dml_batch1_pk_irp1列信息获取耗时: 47.00毫秒
select "id",CONVERT(varchar(800),"c_dtoffset_0"),CONVERT(varchar(800),"c_dtoffset_1"),CONVERT(varchar(800),"c_dtoffset_2"),CONVERT(varchar(800),"c_dtoffset_3"),CONVERT(varchar(800),"c_dtoffset_4"),CONVERT(varchar(800),"c_dtoffset_5"),CONVERT(varchar(800),"c_dtoffset_6"),CONVERT(varchar(800),"c_dtoffset") from [info_datetimeoffset_dml_batch1_pk_irp1]  order by  "id"
Y 行数相同,源8行,备8行
无主键表
YES! hash比对通过
[]
表 info_nvarchar_dml_batch1_pk_urp1 比对完成，耗时156.00毫秒

表 info_sql_variant_dml_single_nopk_irp 开始比对
[0;34m info_sql_variant_dml_single_nopk_irp [0m源备字段数相同，源端字段：25 	备端字段25
[0;31m NO! [0m 	 id列源备映射错误，源端为int None位	期望更改为text	实际备端为int None位
[0;31m NO! [0m 	 c_date列源备映射错误，源端为sql_variant 0位	期望更改为text	实际备端为sql_variant 0位
[0;31m NO! [0m 	 c_time列源备映射错误，源端为sql_variant 0位	期望更改为text	实际备端为sql_variant 0位
[0;31m NO! [0m 	 c_datetime2列源备映射错误，源端为sql_variant 0位	期望更改为text	实际备端为sql_variant 0位
[0;31m NO! [0m 	 c_datetimeoffset列源备映射错误，源端为sql_variant 0位	期望更改为text	实际备端为sql_variant 0位
[0;31m NO! [0m 	 c_tinyint列源备映射错误，源端为sql_variant 0位	期望更改为text	实际备端为sql_variant 0位
[0;31m NO! [0m 	 c_smallint列源备映射错误，源端为sql_variant 0位	期望更改为text	实际备端为sql_variant 0位
[0;31m NO! [0m 	 c_int列源备映射错误，源端为sql_variant 0位	期望更改为text	实际备端为sql_variant 0位
[0;31m NO! [0m 	 c_sdt列源备映射错误，源端为sql_variant 0位	期望更改为text	实际备端为sql_variant 0位
[0;31m NO! [0m 	 c_real列源备映射错误，源端为sql_variant 0位	期望更改为text	实际备端为sql_variant 0位
[0;31m NO! [0m 	 c_money列源备映射错误，源端为sql_variant 0位	期望更改为text	实际备端为sql_variant 0位
[0;31m NO! [0m 	 c_datetime列源备映射错误，源端为sql_variant 0位	期望更改为text	实际备端为sql_variant 0位
[0;31m NO! [0m 	 c_float列源备映射错误，源端为sql_variant 0位	期望更改为text	实际备端为sql_variant 0位
[0;31m NO! [0m 	 c_bit列源备映射错误，源端为sql_variant 0位	期望更改为text	实际备端为sql_variant 0位
[0;31m NO! [0m 	 c_decimal列源备映射错误，源端为sql_variant 0位	期望更改为text	实际备端为sql_variant 0位
[0;31m NO! [0m 	 c_uniqueidentifier列源备映射错误，源端为sql_variant 0位	期望更改为text	实际备端为sql_variant 0位
[0;31m NO! [0m 	 c_smallmoney列源备映射错误，源端为sql_variant 0位	期望更改为text	实际备端为sql_variant 0位
[0;31m NO! [0m 	 c_bigint列源备映射错误，源端为sql_variant 0位	期望更改为text	实际备端为sql_variant 0位
[0;31m NO! [0m 	 c_varbinary_20列源备映射错误，源端为sql_variant 0位	期望更改为text	实际备端为sql_variant 0位
[0;31m NO! [0m 	 c_varchar_20列源备映射错误，源端为sql_variant 0位	期望更改为text	实际备端为sql_variant 0位
[0;31m NO! [0m 	 c_binary_20列源备映射错误，源端为sql_variant 0位	期望更改为text	实际备端为sql_variant 0位
[0;31m NO! [0m 	 c_char_20列源备映射错误，源端为sql_variant 0位	期望更改为text	实际备端为sql_variant 0位
[0;31m NO! [0m 	 c_nvarchar_20列源备映射错误，源端为sql_variant 0位	期望更改为text	实际备端为sql_variant 0位

[0;31m NO! [0m 	 c_nchar_20列源备映射错误，源端为sql_variant 0位	期望更改为text	实际备端为sql_variant 0位
[0;31m NO! [0m 	 c_timestamp列源备映射错误，源端为timestamp None位	期望更改为text	实际备端为timestamp None位
当前线程： ThreadPoolExecutor-9_0 正在获取： info_sql_variant_dml_single_nopk_irp 端内容
src:info_binary_dml_single_pk_drp列信息获取耗时: 63.00毫秒
select * from [info_binary_dml_single_pk_drp]  order by  "id"
Y 行数相同,源7行,备7行
无主键表
YES! hash比对通过
[]
表 info_datetime_dml_single_pk_urp 比对完成，耗时156.00毫秒
表 info_xml_dml_single_pk_irp 开始比对
[0;34m info_xml_dml_single_pk_irp [0m源备字段数相同，源端字段：2 	备端字段2
[0;31m NO! [0m 	 id列源备映射错误，源端为int None位	期望更改为text	实际备端为int None位
[0;31m NO! [0m 	 c_xml列源备映射错误，源端为xml -1位	期望更改为text	实际备端为xml -1位
当前线程： ThreadPoolExecutor-9_1 正在获取： info_xml_dml_single_pk_irp 端内容
src:info_sql_variant_dml_single_nopk_irp列信息获取耗时: 31.00毫秒
select "id",cast("c_date" as nvarchar(max)),cast("c_time" as nvarchar(max)),cast("c_datetime2" as nvarchar(max)),cast("c_datetimeoffset" as nvarchar(max)),cast("c_tinyint" as nvarchar(max)),cast("c_smallint" as nvarchar(max)),cast("c_int" as nvarchar(max)),cast("c_sdt" as nvarchar(max)),cast("c_real" as nvarchar(max)),cast("c_money" as nvarchar(max)),cast("c_datetime" as nvarchar(max)),cast("c_float" as nvarchar(max)),cast("c_bit" as nvarchar(max)),cast("c_decimal" as nvarchar(max)),cast("c_uniqueidentifier" as nvarchar(max)),cast("c_smallmoney" as nvarchar(max)),cast("c_bigint" as nvarchar(max)),convert(varchar(max),c_varbinary_20,1),cast("c_varchar_20" as nvarchar(max)),convert(varchar(max),c_binary_20,1),cast("c_char_20" as nvarchar(max)),cast("c_nvarchar_20" as nvarchar(max)),cast("c_nchar_20" as nvarchar(max)),'timestamp不参与比较' from [info_sql_variant_dml_single_nopk_irp]

src:info_xml_dml_single_pk_irp列信息获取耗时: 47.00毫秒
select * from [info_xml_dml_single_pk_irp]  order by  "id"
Y 行数相同,源13行,备13行
无主键表
YES! hash比对通过
[]
表 info_datetimeoffset_dml_batch1_pk_irp1 比对完成，耗时203.00毫秒
表 info_nvarchar_dml_single_nopk_drp 开始比对
[0;34m info_nvarchar_dml_single_nopk_drp [0m源备字段数相同，源端字段：4 	备端字段4
[0;31m NO! [0m 	 id列源备映射错误，源端为int None位	期望更改为text	实际备端为int None位
[0;31m NO! [0m 	 c_nvarchar列源备映射错误，源端为nvarchar 2位	期望更改为text	实际备端为nvarchar 2位
[0;31m NO! [0m 	 c_nvarchar20列源备映射错误，源端为nvarchar 40位	期望更改为text	实际备端为nvarchar 40位
[0;31m NO! [0m 	 c_nvarchar4000列源备映射错误，源端为nvarchar 8000位	期望更改为text	实际备端为nvarchar 8000位
当前线程： ThreadPoolExecutor-9_3 正在获取： info_nvarchar_dml_single_nopk_drp 端内容
Y 行数相同,源2行,备2行
无主键表
YES! hash比对通过
[]
表 info_binary_dml_single_pk_drp 比对完成，耗时172.00毫秒
表 info_varbinary_dml_batch1_pk_urp1 开始比对
[0;34m info_varbinary_dml_batch1_pk_urp1 [0m源备字段数相同，源端字段：4 	备端字段4

[0;31m NO! [0m 	 id列源备映射错误，源端为int None位	期望更改为text	实际备端为int None位
[0;31m NO! [0m 	 c_varbinary列源备映射错误，源端为varbinary 1位	期望更改为text	实际备端为varbinary 1位
[0;31m NO! [0m 	 c_varbinary_100列源备映射错误，源端为varbinary 100位	期望更改为text	实际备端为varbinary 100位
[0;31m NO! [0m 	 c_varbinary_8000列源备映射错误，源端为varbinary 8000位	期望更改为text	实际备端为varbinary 8000位
当前线程： ThreadPoolExecutor-9_2 正在获取： info_varbinary_dml_batch1_pk_urp1 端内容
Y 行数相同,源2行,备2行
无主键表
NO! hash比对存在2行差异
[(('tgt', ['2', '2020-02-29 00:00', '2026-04-22 23:59', '2046-05-11 14:30', '1971-05-11 00:00+14:00', '0', '-32768', '-2147483648', '2023-10-01 14:30', '-3.4e+38', '-922337203685477.5808', '9999-12-30 23:59', '-1.79e+308', '0', '-1000000000000000', 'A7B0C3D4-E8F9-4A5B-6C7D-8E9F0A1B2C3D', '2026-04-22 21:47', '-9223372036854775808', '0x3132333435363738393031323334353637383930', '$TooLong英255Val方&', '0xC9CFBAA3D3A2B7BDC8EDBCFEB9C9B7DDB9ABCBBE', '$TooLong英255Val方& ', '$TooLong英255Val方&', '$TooLong英255Val方&   ']), None, '238bb58024fab805d7b2541b5840519d'), (('src', ['2', '2020-02-29 00:00', '2026-04-22 23:59', '2046-05-11 14:30', '1971-05-11 00:00+14:00', '0', '-32768', '-2147483648', '2023-10-01 14:30', '-3.4e+038', '-922337203685477.58', '9999-12-30 23:59', '-1.79e+308', '0', '-1000000000000000', 'A7B0C3D4-E8F9-4A5B-6C7D-8E9F0A1B2C3D', '2026-04-22 21:47', '-9223372036854775808', '0x3132333435363738393031323334353637383930', '$TooLong英255Val方&', '0xC9CFBAA3D3A2B7BDC8EDBCFEB9C9B7DDB9ABCBBE', '$TooLong英255Val方& ', '$TooLong英255Val方&', '$TooLong英255Val方&   ']), '27b20e44261df9b6922689e254dc5607', None)]
表 info_sql_variant_dml_single_nopk_irp 比对完成，耗时172.00毫秒
表 info_time_dml_batch2_pk_irp1 开始比对
[0;34m info_time_dml_batch2_pk_irp1 [0m源备字段数相同，源端字段：9 	备端字段9
[0;31m NO! [0m 	 id列源备映射错误，源端为int None位	期望更改为text	实际备端为int None位
[0;31m NO! [0m 	 c_time0列源备映射错误，源端为time None位	期望更改为text	实际备端为time None位
[0;31m NO! [0m 	 c_time1列源备映射错误，源端为time None位	期望更改为text	实际备端为time None位
[0;31m NO! [0m 	 c_time2列源备映射错误，源端为time None位	期望更改为text	实际备端为time None位
[0;31m NO! [0m 	 c_time3列源备映射错误，源端为time None位	期望更改为text	实际备端为time None位
[0;31m NO! [0m 	 c_time4列源备映射错误，源端为time None位	期望更改为text	实际备端为time None位
[0;31m NO! [0m 	 c_time5列源备映射错误，源端为time None位	期望更改为text	实际备端为time None位
[0;31m NO! [0m 	 c_time6列源备映射错误，源端为time None位	期望更改为text	实际备端为time None位
[0;31m NO! [0m 	 c_time列源备映射错误，源端为time None位	期望更改为text	实际备端为time None位

当前线程： ThreadPoolExecutor-9_0 正在获取： info_time_dml_batch2_pk_irp1 端内容
src:info_nvarchar_dml_single_nopk_drp列信息获取耗时: 47.00毫秒
select * from [info_nvarchar_dml_single_nopk_drp]
src:info_varbinary_dml_batch1_pk_urp1列信息获取耗时: 47.00毫秒
select * from [info_varbinary_dml_batch1_pk_urp1]  order by  "id"
Y 行数相同,源5行,备5行
无主键表
YES! hash比对通过
[]
表 info_xml_dml_single_pk_irp 比对完成，耗时157.00毫秒
表 info_binary_dml_single_pk 开始比对
[0;34m info_binary_dml_single_pk [0m源备字段数相同，源端字段：4 	备端字段4
[0;31m NO! [0m 	 id列源备映射错误，源端为int None位	期望更改为text	实际备端为int None位
[0;31m NO! [0m 	 c_binary列源备映射错误，源端为binary 1位	期望更改为text	实际备端为binary 1位
[0;31m NO! [0m 	 c_binary_20列源备映射错误，源端为binary 20位	期望更改为text	实际备端为binary 20位
[0;31m NO! [0m 	 c_binary_8000列源备映射错误，源端为binary 8000位	期望更改为text	实际备端为binary 8000位
当前线程： ThreadPoolExecutor-9_1 正在获取： info_binary_dml_single_pk 端内容

src:info_time_dml_batch2_pk_irp1列信息获取耗时: 47.00毫秒
select * from [info_time_dml_batch2_pk_irp1]  order by  "id"
src:info_binary_dml_single_pk列信息获取耗时: 31.00毫秒
select * from [info_binary_dml_single_pk]  order by  "id"
Y 行数相同,源2行,备2行
无主键表
YES! hash比对通过
[]
表 info_nvarchar_dml_single_nopk_drp 比对完成，耗时156.00毫秒
表 info_geometry_dml_single_pk_irp 开始比对
[0;34m info_geometry_dml_single_pk_irp [0m源备字段数相同，源端字段：2 	备端字段2
[0;31m NO! [0m 	 id列源备映射错误，源端为int None位	期望更改为text	实际备端为int None位
[0;31m NO! [0m 	 c_geometry列源备映射错误，源端为geometry -1位	期望更改为text	实际备端为geometry -1位
当前线程： ThreadPoolExecutor-9_3 正在获取： info_geometry_dml_single_pk_irp 端内容
Y 行数相同,源10行,备10行
无主键表
YES! hash比对通过
[]
表 info_varbinary_dml_batch1_pk_urp1 比对完成，耗时188.00毫秒
表 info_datetime_dml_batch1_pk_irp2 开始比对
[0;34m info_datetime_dml_batch1_pk_irp2 [0m源备字段数相同，源端字段：2 	备端字段2

[0;31m NO! [0m 	 id列源备映射错误，源端为int None位	期望更改为text	实际备端为int None位
[0;31m NO! [0m 	 c_datetime列源备映射错误，源端为datetime None位	期望更改为text	实际备端为datetime None位
当前线程： ThreadPoolExecutor-9_2 正在获取： info_datetime_dml_batch1_pk_irp2 端内容
src:info_geometry_dml_single_pk_irp列信息获取耗时: 47.00毫秒
select "id","c_geometry".STAsText() from [info_geometry_dml_single_pk_irp]  order by  "id"
Y 行数相同,源16行,备16行
无主键表
YES! hash比对通过
[]
表 info_time_dml_batch2_pk_irp1 比对完成，耗时187.00毫秒
表 info_time_dml_batch2_pk_irp2 开始比对
[0;34m info_time_dml_batch2_pk_irp2 [0m源备字段数相同，源端字段：9 	备端字段9
[0;31m NO! [0m 	 id列源备映射错误，源端为int None位	期望更改为text	实际备端为int None位
[0;31m NO! [0m 	 c_time0列源备映射错误，源端为time None位	期望更改为text	实际备端为time None位
[0;31m NO! [0m 	 c_time1列源备映射错误，源端为time None位	期望更改为text	实际备端为time None位
[0;31m NO! [0m 	 c_time2列源备映射错误，源端为time None位	期望更改为text	实际备端为time None位
[0;31m NO! [0m 	 c_time3列源备映射错误，源端为time None位	期望更改为text	实际备端为time None位
[0;31m NO! [0m 	 c_time4列源备映射错误，源端为time None位	期望更改为text	实际备端为time None位
[0;31m NO! [0m 	 c_time5列源备映射错误，源端为time None位	期望更改为text	实际备端为time None位
[0;31m NO! [0m 	 c_time6列源备映射错误，源端为time None位	期望更改为text	实际备端为time None位
[0;31m NO! [0m 	 c_time列源备映射错误，源端为time None位	期望更改为text	实际备端为time None位

当前线程： ThreadPoolExecutor-9_0 正在获取： info_time_dml_batch2_pk_irp2 端内容
src:info_datetime_dml_batch1_pk_irp2列信息获取耗时: 47.00毫秒
select * from [info_datetime_dml_batch1_pk_irp2]  order by  "id"
Y 行数相同,源1行,备1行
无主键表
YES! hash比对通过
[]
表 info_binary_dml_single_pk 比对完成，耗时188.00毫秒
表 info_datetime_dml_single_nopk 开始比对
[0;34m info_datetime_dml_single_nopk [0m源备字段数相同，源端字段：2 	备端字段2
[0;31m NO! [0m 	 id列源备映射错误，源端为int None位	期望更改为text	实际备端为int None位
[0;31m NO! [0m 	 c_datetime列源备映射错误，源端为datetime None位	期望更改为text	实际备端为datetime None位
当前线程： ThreadPoolExecutor-9_1 正在获取： info_datetime_dml_single_nopk 端内容
src:info_time_dml_batch2_pk_irp2列信息获取耗时: 31.00毫秒
select * from [info_time_dml_batch2_pk_irp2]  order by  "id"
src:info_datetime_dml_single_nopk列信息获取耗时: 31.00毫秒
select * from [info_datetime_dml_single_nopk]

Y 行数相同,源7行,备7行
无主键表
YES! hash比对通过
[]
表 info_geometry_dml_single_pk_irp 比对完成，耗时157.00毫秒
表 info_varchar_dml_batch1_pk_drp1 开始比对
[0;34m info_varchar_dml_batch1_pk_drp1 [0m源备字段数相同，源端字段：4 	备端字段4
[0;31m NO! [0m 	 id列源备映射错误，源端为int None位	期望更改为text	实际备端为int None位
[0;31m NO! [0m 	 c_varchar列源备映射错误，源端为varchar 1位	期望更改为text	实际备端为varchar 1位
[0;31m NO! [0m 	 c_varchar20列源备映射错误，源端为varchar 20位	期望更改为text	实际备端为varchar 20位
[0;31m NO! [0m 	 c_varchar7000列源备映射错误，源端为varchar 7000位	期望更改为text	实际备端为varchar 7000位
当前线程： ThreadPoolExecutor-9_3 正在获取： info_varchar_dml_batch1_pk_drp1 端内容
Y 行数相同,源79行,备79行
无主键表
YES! hash比对通过
[]
表 info_datetime_dml_batch1_pk_irp2 比对完成，耗时187.00毫秒
表 info_datetime2_dml_single_nopk_irp 开始比对
[0;34m info_datetime2_dml_single_nopk_irp [0m源备字段数相同，源端字段：9 	备端字段9
[0;31m NO! [0m 	 id列源备映射错误，源端为int None位	期望更改为text	实际备端为int None位
[0;31m NO! [0m 	 c_dt2_0列源备映射错误，源端为datetime2 None位	期望更改为text	实际备端为datetime2 None位

[0;31m NO! [0m 	 c_dt2_1列源备映射错误，源端为datetime2 None位	期望更改为text	实际备端为datetime2 None位
[0;31m NO! [0m 	 c_dt2_2列源备映射错误，源端为datetime2 None位	期望更改为text	实际备端为datetime2 None位
[0;31m NO! [0m 	 c_dt2_3列源备映射错误，源端为datetime2 None位	期望更改为text	实际备端为datetime2 None位
[0;31m NO! [0m 	 c_dt2_4列源备映射错误，源端为datetime2 None位	期望更改为text	实际备端为datetime2 None位
[0;31m NO! [0m 	 c_dt2_5列源备映射错误，源端为datetime2 None位	期望更改为text	实际备端为datetime2 None位
[0;31m NO! [0m 	 c_dt2_6列源备映射错误，源端为datetime2 None位	期望更改为text	实际备端为datetime2 None位
[0;31m NO! [0m 	 c_dt2列源备映射错误，源端为datetime2 None位	期望更改为text	实际备端为datetime2 None位
当前线程： ThreadPoolExecutor-9_2 正在获取： info_datetime2_dml_single_nopk_irp 端内容
src:info_varchar_dml_batch1_pk_drp1列信息获取耗时: 62.00毫秒
select "id",CONVERT(nvarchar(max),"c_varchar"),CONVERT(nvarchar(max),"c_varchar20"),CONVERT(nvarchar(max),"c_varchar7000") from [info_varchar_dml_batch1_pk_drp1]  order by  "id"
Y 行数相同,源27行,备27行
无主键表
YES! hash比对通过
[]
表 info_time_dml_batch2_pk_irp2 比对完成，耗时188.00毫秒
表 info_text_dml_single_pk_urp 开始比对
[0;34m info_text_dml_single_pk_urp [0m源备字段数相同，源端字段：3 	备端字段3
[0;31m NO! [0m 	 id列源备映射错误，源端为int None位	期望更改为text	实际备端为int None位
[0;32m YES! [0m 	 c_text列源备映射正确，源端为text 2147483647位	期望更改为text	实际备端为text 2147483647位
[0;31m NO! [0m 	 c_ntext列源备映射错误，源端为ntext 2147483646位	期望更改为text	实际备端为ntext 2147483646位
当前线程：
 ThreadPoolExecutor-9_0 正在获取： info_text_dml_single_pk_urp 端内容
src:info_datetime2_dml_single_nopk_irp列信息获取耗时: 47.00毫秒
select * from [info_datetime2_dml_single_nopk_irp]
Y 行数相同,源1行,备1行
无主键表
YES! hash比对通过
[]
表 info_datetime_dml_single_nopk 比对完成，耗时156.00毫秒
表 info_geometry_dml_single_pk_urp 开始比对
[0;34m info_geometry_dml_single_pk_urp [0m源备字段数相同，源端字段：2 	备端字段2
[0;31m NO! [0m 	 id列源备映射错误，源端为int None位	期望更改为text	实际备端为int None位
[0;31m NO! [0m 	 c_geometry列源备映射错误，源端为geometry -1位	期望更改为text	实际备端为geometry -1位
当前线程： ThreadPoolExecutor-9_1 正在获取： info_geometry_dml_single_pk_urp 端内容
src:info_text_dml_single_pk_urp列信息获取耗时: 31.00毫秒
select "id",CONVERT(ntext,"c_text"),"c_ntext" from [info_text_dml_single_pk_urp]  order by  "id"
src:info_geometry_dml_single_pk_urp列信息获取耗时: 47.00毫秒
select "id","c_geometry".STAsText() from [info_geometry_dml_single_pk_urp]  order by  "id"
~ 空表

[]
表 info_varchar_dml_batch1_pk_drp1 比对完成，耗时171.00毫秒
表 info_nvarchar_dml_batch2_pk_urp2 开始比对
[0;34m info_nvarchar_dml_batch2_pk_urp2 [0m源备字段数相同，源端字段：4 	备端字段4
[0;31m NO! [0m 	 id列源备映射错误，源端为int None位	期望更改为text	实际备端为int None位
[0;31m NO! [0m 	 c_nvarchar列源备映射错误，源端为nvarchar 2位	期望更改为text	实际备端为nvarchar 2位
[0;31m NO! [0m 	 c_nvarchar20列源备映射错误，源端为nvarchar 40位	期望更改为text	实际备端为nvarchar 40位
[0;31m NO! [0m 	 c_nvarchar3500列源备映射错误，源端为nvarchar 7000位	期望更改为text	实际备端为nvarchar 7000位
当前线程： ThreadPoolExecutor-9_3 正在获取： info_nvarchar_dml_batch2_pk_urp2 端内容
Y 行数相同,源7行,备7行
无主键表
YES! hash比对通过
[]
表 info_datetime2_dml_single_nopk_irp 比对完成，耗时156.00毫秒
表 info_sql_variant_dml_single_nopk_urp 开始比对
[0;34m info_sql_variant_dml_single_nopk_urp [0m源备字段数相同，源端字段：25 	备端字段25
[0;31m NO! [0m 	 id列源备映射错误，源端为int None位	期望更改为text	实际备端为int None位
[0;31m NO! [0m 	 c_date列源备映射错误，源端为sql_variant 0位	期望更改为text	实际备端为sql_variant 0位
[0;31m NO! [0m 	 c_time列源备映射错误，源端为sql_variant 0位	期望更改为text	实际备端为sql_variant 0位
[0;31m NO! [0m 	 c_datetime2列源备映射错误，源端为sql_variant 0位	期望更改为text	实际备端为sql_variant 0位
[0;31m NO! [0m 	 c_datetimeoffset列源备映射错误，源端为sql_variant 0位	期望更改为text	实际备端为sql_variant 0位

[0;31m NO! [0m 	 c_tinyint列源备映射错误，源端为sql_variant 0位	期望更改为text	实际备端为sql_variant 0位
[0;31m NO! [0m 	 c_smallint列源备映射错误，源端为sql_variant 0位	期望更改为text	实际备端为sql_variant 0位
[0;31m NO! [0m 	 c_int列源备映射错误，源端为sql_variant 0位	期望更改为text	实际备端为sql_variant 0位
[0;31m NO! [0m 	 c_sdt列源备映射错误，源端为sql_variant 0位	期望更改为text	实际备端为sql_variant 0位
[0;31m NO! [0m 	 c_real列源备映射错误，源端为sql_variant 0位	期望更改为text	实际备端为sql_variant 0位
[0;31m NO! [0m 	 c_money列源备映射错误，源端为sql_variant 0位	期望更改为text	实际备端为sql_variant 0位
[0;31m NO! [0m 	 c_datetime列源备映射错误，源端为sql_variant 0位	期望更改为text	实际备端为sql_variant 0位
[0;31m NO! [0m 	 c_float列源备映射错误，源端为sql_variant 0位	期望更改为text	实际备端为sql_variant 0位
[0;31m NO! [0m 	 c_bit列源备映射错误，源端为sql_variant 0位	期望更改为text	实际备端为sql_variant 0位
[0;31m NO! [0m 	 c_decimal列源备映射错误，源端为sql_variant 0位	期望更改为text	实际备端为sql_variant 0位
[0;31m NO! [0m 	 c_uniqueidentifier列源备映射错误，源端为sql_variant 0位	期望更改为text	实际备端为sql_variant 0位
[0;31m NO! [0m 	 c_smallmoney列源备映射错误，源端为sql_variant 0位	期望更改为text	实际备端为sql_variant 0位
[0;31m NO! [0m 	 c_bigint列源备映射错误，源端为sql_variant 0位	期望更改为text	实际备端为sql_variant 0位
[0;31m NO! [0m 	 c_varbinary_20列源备映射错误，源端为sql_variant 0位	期望更改为text	实际备端为sql_variant 0位
[0;31m NO! [0m 	 c_varchar_20列源备映射错误，源端为sql_variant 0位	期望更改为text	实际备端为sql_variant 0位
[0;31m NO! [0m 	 c_binary_20列源备映射错误，源端为sql_variant 0位	期望更改为text	实际备端为sql_variant 0位
[0;31m NO! [0m 	 c_char_20列源备映射错误，源端为sql_variant 0位	期望更改为text	实际备端为sql_variant 0位
[0;31m NO! [0m 	 c_nvarchar_20列源备映射错误，源端为sql_variant 0位	期望更改为text	实际备端为sql_variant 0位
[0;31m NO! [0m 	 c_nchar_20列源备映射错误，源端为sql_variant 0位	期望更改为text	实际备端为sql_variant 0位
[0;31m NO! [0m 	 c_timestamp列源备映射错误，源端为timestamp None位	期望更改为text	实际备端为timestamp None位
当前线程： ThreadPoolExecutor-9_2 正在获取： info_sql_variant_dml_single_nopk_urp 端内容

src:info_nvarchar_dml_batch2_pk_urp2列信息获取耗时: 79.00毫秒
select * from [info_nvarchar_dml_batch2_pk_urp2]  order by  "id"
Y 行数相同,源4行,备4行
无主键表
YES! hash比对通过
[]
表 info_text_dml_single_pk_urp 比对完成，耗时156.00毫秒
表 info_datetime_dml_single_pk_drp 开始比对
[0;34m info_datetime_dml_single_pk_drp [0m源备字段数相同，源端字段：2 	备端字段2
[0;31m NO! [0m 	 id列源备映射错误，源端为int None位	期望更改为text	实际备端为int None位
[0;31m NO! [0m 	 c_datetime列源备映射错误，源端为datetime None位	期望更改为text	实际备端为datetime None位
当前线程： ThreadPoolExecutor-9_0 正在获取： info_datetime_dml_single_pk_drp 端内容
Y 行数相同,源6行,备6行
无主键表
YES! hash比对通过
[]
表 info_geometry_dml_single_pk_urp 比对完成，耗时219.00毫秒
表 info_int_dml_batch1_pk_urp1 开始比对
[0;34m info_int_dml_batch1_pk_urp1 [0m源备字段数相同，源端字段：20 	备端字段20
[0;31m NO! [0m 	 id列源备映射错误，源端为int None位	期望更改为text	实际备端为int None位
[0;31m NO! [0m 	 c_tinyint列源备映射错误，源端为tinyint None位	期望更改为text	实际备端为tinyint None位

[0;31m NO! [0m 	 c_smallint列源备映射错误，源端为smallint None位	期望更改为text	实际备端为smallint None位
[0;31m NO! [0m 	 c_int列源备映射错误，源端为int None位	期望更改为text	实际备端为int None位
[0;31m NO! [0m 	 c_bigint列源备映射错误，源端为bigint None位	期望更改为text	实际备端为bigint None位
[0;31m NO! [0m 	 c_decimal列源备映射错误，源端为decimal None位	期望更改为text	实际备端为decimal None位
[0;31m NO! [0m 	 c_decimal38列源备映射错误，源端为decimal None位	期望更改为text	实际备端为decimal None位
[0;31m NO! [0m 	 c_decimal38_38列源备映射错误，源端为decimal None位	期望更改为text	实际备端为decimal None位
[0;31m NO! [0m 	 c_decimal38_10列源备映射错误，源端为decimal None位	期望更改为text	实际备端为decimal None位
[0;31m NO! [0m 	 c_decimal19_4列源备映射错误，源端为decimal None位	期望更改为text	实际备端为decimal None位
[0;31m NO! [0m 	 c_numeric列源备映射错误，源端为numeric None位	期望更改为text	实际备端为numeric None位
[0;31m NO! [0m 	 c_numeric38列源备映射错误，源端为numeric None位	期望更改为text	实际备端为numeric None位
[0;31m NO! [0m 	 c_numeric38_38列源备映射错误，源端为numeric None位	期望更改为text	实际备端为numeric None位
[0;31m NO! [0m 	 c_numeric38_10列源备映射错误，源端为numeric None位	期望更改为text	实际备端为numeric None位
[0;31m NO! [0m 	 c_numeric18_2列源备映射错误，源端为numeric None位	期望更改为text	实际备端为numeric None位
[0;31m NO! [0m 	 c_float列源备映射错误，源端为float None位	期望更改为text	实际备端为float None位
[0;31m NO! [0m 	 c_real列源备映射错误，源端为real None位	期望更改为text	实际备端为real None位
[0;31m NO! [0m 	 c_money列源备映射错误，源端为money None位	期望更改为text	实际备端为money None位
[0;31m NO! [0m 	 c_smallmoney列源备映射错误，源端为smallmoney None位	期望更改为text	实际备端为smallmoney None位
[0;31m NO! [0m 	 c_bit列源备映射错误，源端为bit None位	期望更改为text	实际备端为bit None位
当前线程： ThreadPoolExecutor-9_1 正在获取： info_int_dml_batch1_pk_urp1 端内容
src:info_datetime_dml_single_pk_drp列信息获取耗时: 63.00毫秒
src:info_sql_variant_dml_single_nopk_urp列信息获取耗时: 78.00毫秒

select * from [info_datetime_dml_single_pk_drp]  order by  "id"
select "id",cast("c_date" as nvarchar(max)),cast("c_time" as nvarchar(max)),cast("c_datetime2" as nvarchar(max)),cast("c_datetimeoffset" as nvarchar(max)),cast("c_tinyint" as nvarchar(max)),cast("c_smallint" as nvarchar(max)),cast("c_int" as nvarchar(max)),cast("c_sdt" as nvarchar(max)),cast("c_real" as nvarchar(max)),cast("c_money" as nvarchar(max)),cast("c_datetime" as nvarchar(max)),cast("c_float" as nvarchar(max)),cast("c_bit" as nvarchar(max)),cast("c_decimal" as nvarchar(max)),cast("c_uniqueidentifier" as nvarchar(max)),cast("c_smallmoney" as nvarchar(max)),cast("c_bigint" as nvarchar(max)),convert(varchar(max),c_varbinary_20,1),cast("c_varchar_20" as nvarchar(max)),convert(varchar(max),c_binary_20,1),cast("c_char_20" as nvarchar(max)),cast("c_nvarchar_20" as nvarchar(max)),cast("c_nchar_20" as nvarchar(max)),'timestamp不参与比较' from [info_sql_variant_dml_single_nopk_urp]
Y 行数相同,源8行,备8行
无主键表
YES! hash比对通过
[]
表 info_nvarchar_dml_batch2_pk_urp2 比对完成，耗时172.00毫秒
表 info_nvarchar_dml_batch1_pk_drp1 开始比对
[0;34m info_nvarchar_dml_batch1_pk_drp1 [0m源备字段数相同，源端字段：4 	备端字段4
[0;31m NO! [0m 	 id列源备映射错误，源端为int None位	期望更改为text	实际备端为int None位
[0;31m NO! [0m 	 c_nvarchar列源备映射错误，源端为nvarchar 2位	期望更改为text	实际备端为nvarchar 2位
[0;31m NO! [0m 	 c_nvarchar20列源备映射错误，源端为nvarchar 40位	期望更改为text	实际备端为nvarchar 40位
[0;31m NO! [0m 	 c_nvarchar3500列源备映射错误，源端为nvarchar 7000位	期望更改为text	实际备端为nvarchar 7000位
当前线程： ThreadPoolExecutor-9_3 正在获取： info_nvarchar_dml_batch1_pk_drp1 端内容
src:info_int_dml_batch1_pk_urp1列信息获取耗时: 47.00毫秒
select "id","c_tinyint","c_smallint","c_int",convert(decimal(38,0),c_bigint),"c_decimal","c_decimal38","c_decimal38_38","c_decimal38_10","c_decimal19_4","c_numeric","c_numeric38","c_numeric38_38","c_numeric38_10","c_numeric18_2",CONVERT(nvarchar(max),"c_float"),CONVERT(nvarchar(max),"c_real"),"c_money","c_smallmoney","c_bit" from [info_int_dml_batch1_pk_urp1]  order by  "id"
src:info_nvarchar_dml_batch1_pk_drp1列信息获取耗时: 31.00毫秒
select * from [info_nvarchar_dml_batch1_pk_drp1]  order by  "id"
Y 行数相同,源15行,备15行
无主键表
YES! hash比对通过

[]
表 info_datetime_dml_single_pk_drp 比对完成，耗时172.00毫秒
表 info_nvarchar_dml_single_nopk 开始比对
[0;34m info_nvarchar_dml_single_nopk [0m源备字段数相同，源端字段：4 	备端字段4
[0;31m NO! [0m 	 id列源备映射错误，源端为int None位	期望更改为text	实际备端为int None位
[0;31m NO! [0m 	 c_nvarchar列源备映射错误，源端为nvarchar 2位	期望更改为text	实际备端为nvarchar 2位
[0;31m NO! [0m 	 c_nvarchar20列源备映射错误，源端为nvarchar 40位	期望更改为text	实际备端为nvarchar 40位
[0;31m NO! [0m 	 c_nvarchar4000列源备映射错误，源端为nvarchar 8000位	期望更改为text	实际备端为nvarchar 8000位
当前线程： ThreadPoolExecutor-9_0 正在获取： info_nvarchar_dml_single_nopk 端内容
Y 行数相同,源2行,备2行
无主键表
NO! hash比对存在2行差异
[(('tgt', ['1', '2046-05-11 00:00', '2026-04-22 18:10', '2012-05-11 14:30', '1999-05-11 15:30+01:00', '255', '32767', '2147483647', '2012-10-01 14:30', '0', '922337203685477.5807', '2000-05-01 23:59', '6.62607e-34', '1', '123456789012.1234', 'B6B0C3D4-E8F9-4A5B-6C7D-8E9F0A1B2C3E', '1234.5678', '1234567890123', '0x7661726961626C65206C656E6774682062696E61', '这是一个中文字符串', '0xC9CFBAA32324255E262A2D3D0000000000000000', '*TEST英255Val方&    ', '*TEST英255Val方&', '&TooLong英255Val方!   ']), None, 'fdabf3ff1c32be0bd586bbd736ea67a9'), (('src', ['1', '2046-05-11 00:00', '2026-04-22 18:10', '2012-05-11 14:30', '1999-05-11 15:30+01:00', '255', '32767', '2147483647', '2012-10-01 14:30', '0', '922337203685477.5807', '2000-05-01 23:59', '6.62607e-034', '1', '123456789012.1234', 'B6B0C3D4-E8F9-4A5B-6C7D-8E9F0A1B2C3E', '1234.5678', '1234567890123', '0x7661726961626C65206C656E6774682062696E61', '这是一个中文字符串', '0xC9CFBAA32324255E262A2D3D0000000000000000', '*TEST英255Val方&    ', '*TEST英255Val方&', '&TooLong英255Val方!   ']), '960368e8f0b2f95e45691726c6b1bfc7', None)]
表 info_sql_variant_dml_single_nopk_urp 比对完成，耗时250.00毫秒
表 info_xml_dml_single_pk_urp 开始比对
[0;34m info_xml_dml_single_pk_urp [0m源备字段数相同，源端字段：2 	备端字段2
[0;31m NO! [0m 	 id列源备映射错误，源端为int None位	期望更改为text	实际备端为int None位
[0;31m NO! [0m 	 c_xml列源备映射错误，源端为xml -1位	期望更改为text	实际备端为xml -1位
当前线程： ThreadPoolExecutor-9_2 正在获取：
 info_xml_dml_single_pk_urp 端内容
src:info_nvarchar_dml_single_nopk列信息获取耗时: 47.00毫秒
select * from [info_nvarchar_dml_single_nopk]
Y 行数相同,源20行,备20行
无主键表
YES! hash比对通过
[]
~ 空表
[]
表 info_int_dml_batch1_pk_urp1 比对完成，耗时203.00毫秒
表 info_nvarchar_dml_batch1_pk_drp1 比对完成，耗时188.00毫秒
表 info_varcharmax_dml_single_nopk_irp 开始比对
[0;34m info_varcharmax_dml_single_nopk_irp [0m源备字段数相同，源端字段：3 	备端字段3
[0;31m NO! [0m 	 id列源备映射错误，源端为int None位	期望更改为text	实际备端为int None位
[0;31m NO! [0m 	 c_varchar_max列源备映射错误，源端为varchar -1位	期望更改为text	实际备端为varchar -1位
[0;31m NO! [0m 	 c_nvarchar_max列源备映射错误，源端为nvarchar -1位	期望更改为text	实际备端为nvarchar -1位
当前线程： ThreadPoolExecutor-9_1 正在获取： info_varcharmax_dml_single_nopk_irp 端内容
表 info_nchar_dml_single_pk_irp 开始比对
[0;34m info_nchar_dml_single_pk_irp [0m源备字段数相同，源端字段：4 	备端字段4
[0;31m NO! [0m 	 id列源备映射错误，源端为int None位	期望更改为text	实际备端为int None位

[0;31m NO! [0m 	 c_nchar列源备映射错误，源端为nchar 2位	期望更改为text	实际备端为nchar 2位
[0;31m NO! [0m 	 c_nchar20列源备映射错误，源端为nchar 40位	期望更改为text	实际备端为nchar 40位
[0;31m NO! [0m 	 c_nchar4000列源备映射错误，源端为nchar 8000位	期望更改为text	实际备端为nchar 8000位
当前线程： ThreadPoolExecutor-9_3 正在获取： info_nchar_dml_single_pk_irp 端内容
src:info_xml_dml_single_pk_urp列信息获取耗时: 63.00毫秒
select * from [info_xml_dml_single_pk_urp]  order by  "id"
src:info_varcharmax_dml_single_nopk_irp列信息获取耗时: 47.00毫秒
select "id",CONVERT(nvarchar(max),"c_varchar_max"),"c_nvarchar_max" from [info_varcharmax_dml_single_nopk_irp]
src:info_nchar_dml_single_pk_irp列信息获取耗时: 47.00毫秒
select * from [info_nchar_dml_single_pk_irp]  order by  "id"
Y 行数相同,源2行,备2行
无主键表
YES! hash比对通过
[]
表 info_nvarchar_dml_single_nopk 比对完成，耗时172.00毫秒
表 info_varbinary_dml_batch1_pk_urp2 开始比对
[0;34m info_varbinary_dml_batch1_pk_urp2 [0m源备字段数相同，源端字段：4 	备端字段4
[0;31m NO! [0m 	 id列源备映射错误，源端为int None位	期望更改为text	实际备端为int None位
[0;31m NO! [0m 	 c_varbinary列源备映射错误，源端为varbinary 1位	期望更改为text	实际备端为varbinary 1位
[0;31m NO! [0m 	 c_varbinary_100列源备映射错误，源端为varbinary 100位	期望更改为text	实际备端为varbinary 100位
[0;31m NO! [0m 	 c_varbinary_8000列源备映射错误，源端为varbinary 8000位	期望更改为text	实际备端为varbinary 8000位

当前线程： ThreadPoolExecutor-9_0 正在获取： info_varbinary_dml_batch1_pk_urp2 端内容
Y 行数相同,源5行,备5行
无主键表
YES! hash比对通过
[]
表 info_xml_dml_single_pk_urp 比对完成，耗时172.00毫秒
表 info_datetime2_dml_single_nopk_urp 开始比对
[0;34m info_datetime2_dml_single_nopk_urp [0m源备字段数相同，源端字段：9 	备端字段9
[0;31m NO! [0m 	 id列源备映射错误，源端为int None位	期望更改为text	实际备端为int None位
[0;31m NO! [0m 	 c_dt2_0列源备映射错误，源端为datetime2 None位	期望更改为text	实际备端为datetime2 None位
[0;31m NO! [0m 	 c_dt2_1列源备映射错误，源端为datetime2 None位	期望更改为text	实际备端为datetime2 None位
[0;31m NO! [0m 	 c_dt2_2列源备映射错误，源端为datetime2 None位	期望更改为text	实际备端为datetime2 None位
[0;31m NO! [0m 	 c_dt2_3列源备映射错误，源端为datetime2 None位	期望更改为text	实际备端为datetime2 None位
[0;31m NO! [0m 	 c_dt2_4列源备映射错误，源端为datetime2 None位	期望更改为text	实际备端为datetime2 None位
[0;31m NO! [0m 	 c_dt2_5列源备映射错误，源端为datetime2 None位	期望更改为text	实际备端为datetime2 None位
[0;31m NO! [0m 	 c_dt2_6列源备映射错误，源端为datetime2 None位	期望更改为text	实际备端为datetime2 None位
[0;31m NO! [0m 	 c_dt2列源备映射错误，源端为datetime2 None位	期望更改为text	实际备端为datetime2 None位
当前线程： ThreadPoolExecutor-9_2 正在获取： info_datetime2_dml_single_nopk_urp
 端内容
src:info_varbinary_dml_batch1_pk_urp2列信息获取耗时: 31.00毫秒
select * from [info_varbinary_dml_batch1_pk_urp2]  order by  "id"
src:info_datetime2_dml_single_nopk_urp列信息获取耗时: 47.00毫秒
select * from [info_datetime2_dml_single_nopk_urp]
Y 行数相同,源4行,备4行
无主键表
YES! hash比对通过
[]
表 info_varcharmax_dml_single_nopk_irp 比对完成，耗时172.00毫秒
表 info_datetime_dml_batch2_pk_irp1 开始比对
[0;34m info_datetime_dml_batch2_pk_irp1 [0m源备字段数相同，源端字段：2 	备端字段2
[0;31m NO! [0m 	 id列源备映射错误，源端为int None位	期望更改为text	实际备端为int None位
[0;31m NO! [0m 	 c_datetime列源备映射错误，源端为datetime None位	期望更改为text	实际备端为datetime None位
当前线程： ThreadPoolExecutor-9_1 正在获取： info_datetime_dml_batch2_pk_irp1 端内容
Y 行数相同,源16行,备16行
无主键表
YES! hash比对通过
[]
表 info_nchar_dml_single_pk_irp 比对完成，耗时219.00毫秒
表 info_sql_variant_dml_single_nopk_drp 开始比对

[0;34m info_sql_variant_dml_single_nopk_drp [0m源备字段数相同，源端字段：25 	备端字段25
[0;31m NO! [0m 	 id列源备映射错误，源端为int None位	期望更改为text	实际备端为int None位
[0;31m NO! [0m 	 c_date列源备映射错误，源端为sql_variant 0位	期望更改为text	实际备端为sql_variant 0位
[0;31m NO! [0m 	 c_time列源备映射错误，源端为sql_variant 0位	期望更改为text	实际备端为sql_variant 0位
[0;31m NO! [0m 	 c_datetime2列源备映射错误，源端为sql_variant 0位	期望更改为text	实际备端为sql_variant 0位
[0;31m NO! [0m 	 c_datetimeoffset列源备映射错误，源端为sql_variant 0位	期望更改为text	实际备端为sql_variant 0位
[0;31m NO! [0m 	 c_tinyint列源备映射错误，源端为sql_variant 0位	期望更改为text	实际备端为sql_variant 0位
[0;31m NO! [0m 	 c_smallint列源备映射错误，源端为sql_variant 0位	期望更改为text	实际备端为sql_variant 0位
[0;31m NO! [0m 	 c_int列源备映射错误，源端为sql_variant 0位	期望更改为text	实际备端为sql_variant 0位
[0;31m NO! [0m 	 c_sdt列源备映射错误，源端为sql_variant 0位	期望更改为text	实际备端为sql_variant 0位
[0;31m NO! [0m 	 c_real列源备映射错误，源端为sql_variant 0位	期望更改为text	实际备端为sql_variant 0位
[0;31m NO! [0m 	 c_money列源备映射错误，源端为sql_variant 0位	期望更改为text	实际备端为sql_variant 0位
[0;31m NO! [0m 	 c_datetime列源备映射错误，源端为sql_variant 0位	期望更改为text	实际备端为sql_variant 0位
[0;31m NO! [0m 	 c_float列源备映射错误，源端为sql_variant 0位	期望更改为text	实际备端为sql_variant 0位
[0;31m NO! [0m 	 c_bit列源备映射错误，源端为sql_variant 0位	期望更改为text	实际备端为sql_variant 0位
[0;31m NO! [0m 	 c_decimal列源备映射错误，源端为sql_variant 0位	期望更改为text	实际备端为sql_variant 0位
[0;31m NO! [0m 	 c_uniqueidentifier列源备映射错误，源端为sql_variant 0位	期望更改为text	实际备端为sql_variant 0位
[0;31m NO! [0m 	 c_smallmoney列源备映射错误，源端为sql_variant 0位	期望更改为text	实际备端为sql_variant 0位
[0;31m NO! [0m 	 c_bigint列源备映射错误，源端为sql_variant 0位	期望更改为text	实际备端为sql_variant 0位
[0;31m NO! [0m 	 c_varbinary_20列源备映射错误，源端为sql_variant 0位	期望更改为text	实际备端为sql_variant 0位
[0;31m NO! [0m 	 c_varchar_20列源备映射错误，源端为sql_variant 0位	期望更改为text	实际备端为sql_variant 0位
[0;31m NO! [0m 	 c_binary_20列源备映射错误，源端为sql_variant 0位	期望更改为text	实际备端为sql_variant 0位
[0;31m NO! [0m 	 c_char_20列源备映射错误，源端为sql_variant 0位	期望更改为text	实际备端为sql_variant 0位
[0;31m NO! [0m 	 c_nvarchar_20列源备映射错误，源端为sql_variant 0位	期望更改为text	实际备端为sql_variant 0位
[0;31m NO! [0m 	 c_nchar_20列源备映射错误，源端为sql_variant 0位	期望更改为text	实际备端为sql_variant 0位

[0;31m NO! [0m 	 c_timestamp列源备映射错误，源端为timestamp None位	期望更改为text	实际备端为timestamp None位
当前线程： ThreadPoolExecutor-9_3 正在获取： info_sql_variant_dml_single_nopk_drp 端内容
src:info_datetime_dml_batch2_pk_irp1列信息获取耗时: 62.00毫秒
select * from [info_datetime_dml_batch2_pk_irp1]  order by  "id"
Y 行数相同,源10行,备10行
无主键表
YES! hash比对通过
[]
表 info_varbinary_dml_batch1_pk_urp2 比对完成，耗时172.00毫秒
表 info_varchar_dml_batch1_pk_drp2 开始比对
[0;34m info_varchar_dml_batch1_pk_drp2 [0m源备字段数相同，源端字段：4 	备端字段4
[0;31m NO! [0m 	 id列源备映射错误，源端为int None位	期望更改为text	实际备端为int None位
[0;31m NO! [0m 	 c_varchar列源备映射错误，源端为varchar 1位	期望更改为text	实际备端为varchar 1位
[0;31m NO! [0m 	 c_varchar20列源备映射错误，源端为varchar 20位	期望更改为text	实际备端为varchar 20位
[0;31m NO! [0m 	 c_varchar7000列源备映射错误，源端为varchar 7000位	期望更改为text	实际备端为varchar 7000位
当前线程： ThreadPoolExecutor-9_0 正在获取： info_varchar_dml_batch1_pk_drp2 端内容
src:info_sql_variant_dml_single_nopk_drp列信息获取耗时: 31.00毫秒

select "id",cast("c_date" as nvarchar(max)),cast("c_time" as nvarchar(max)),cast("c_datetime2" as nvarchar(max)),cast("c_datetimeoffset" as nvarchar(max)),cast("c_tinyint" as nvarchar(max)),cast("c_smallint" as nvarchar(max)),cast("c_int" as nvarchar(max)),cast("c_sdt" as nvarchar(max)),cast("c_real" as nvarchar(max)),cast("c_money" as nvarchar(max)),cast("c_datetime" as nvarchar(max)),cast("c_float" as nvarchar(max)),cast("c_bit" as nvarchar(max)),cast("c_decimal" as nvarchar(max)),cast("c_uniqueidentifier" as nvarchar(max)),cast("c_smallmoney" as nvarchar(max)),cast("c_bigint" as nvarchar(max)),convert(varchar(max),c_varbinary_20,1),cast("c_varchar_20" as nvarchar(max)),convert(varchar(max),c_binary_20,1),cast("c_char_20" as nvarchar(max)),cast("c_nvarchar_20" as nvarchar(max)),cast("c_nchar_20" as nvarchar(max)),'timestamp不参与比较' from [info_sql_variant_dml_single_nopk_drp]
Y 行数相同,源7行,备7行
无主键表
YES! hash比对通过
[]
表 info_datetime2_dml_single_nopk_urp 比对完成，耗时172.00毫秒
表 info_text_dml_single_pk_drp 开始比对
[0;34m info_text_dml_single_pk_drp [0m源备字段数相同，源端字段：3 	备端字段3
[0;31m NO! [0m 	 id列源备映射错误，源端为int None位	期望更改为text	实际备端为int None位
[0;32m YES! [0m 	 c_text列源备映射正确，源端为text 2147483647位	期望更改为text	实际备端为text 2147483647位
[0;31m NO! [0m 	 c_ntext列源备映射错误，源端为ntext 2147483646位	期望更改为text	实际备端为ntext 2147483646位
当前线程： ThreadPoolExecutor-9_2 正在获取： info_text_dml_single_pk_drp 端内容
src:info_varchar_dml_batch1_pk_drp2列信息获取耗时: 47.00毫秒
select "id",CONVERT(nvarchar(max),"c_varchar"),CONVERT(nvarchar(max),"c_varchar20"),CONVERT(nvarchar(max),"c_varchar7000") from [info_varchar_dml_batch1_pk_drp2]  order by  "id"
src:info_text_dml_single_pk_drp列信息获取耗时: 47.00毫秒
select "id",CONVERT(ntext,"c_text"),"c_ntext" from [info_text_dml_single_pk_drp]  order by  "id"
Y 行数相同,源24行,备24行
无主键表
YES! hash比对通过
[]
表 info_datetime_dml_batch2_pk_irp1 比对完成，耗时156.00毫秒

表 info_datetimeoffset_dml_batch1_pk_irp2 开始比对
[0;34m info_datetimeoffset_dml_batch1_pk_irp2 [0m源备字段数相同，源端字段：9 	备端字段9
[0;31m NO! [0m 	 id列源备映射错误，源端为int None位	期望更改为text	实际备端为int None位
[0;31m NO! [0m 	 c_dtoffset_0列源备映射错误，源端为datetimeoffset None位	期望更改为text	实际备端为datetimeoffset None位
[0;31m NO! [0m 	 c_dtoffset_1列源备映射错误，源端为datetimeoffset None位	期望更改为text	实际备端为datetimeoffset None位
[0;31m NO! [0m 	 c_dtoffset_2列源备映射错误，源端为datetimeoffset None位	期望更改为text	实际备端为datetimeoffset None位
[0;31m NO! [0m 	 c_dtoffset_3列源备映射错误，源端为datetimeoffset None位	期望更改为text	实际备端为datetimeoffset None位
[0;31m NO! [0m 	 c_dtoffset_4列源备映射错误，源端为datetimeoffset None位	期望更改为text	实际备端为datetimeoffset None位
[0;31m NO! [0m 	 c_dtoffset_5列源备映射错误，源端为datetimeoffset None位	期望更改为text	实际备端为datetimeoffset None位
[0;31m NO! [0m 	 c_dtoffset_6列源备映射错误，源端为datetimeoffset None位	期望更改为text	实际备端为datetimeoffset None位
[0;31m NO! [0m 	 c_dtoffset列源备映射错误，源端为datetimeoffset None位	期望更改为text	实际备端为datetimeoffset None位
当前线程： ThreadPoolExecutor-9_1 正在获取： info_datetimeoffset_dml_batch1_pk_irp2 端内容
Y 行数相同,源1行,备1行
无主键表
NO! hash比对存在2行差异
[(('tgt', ['3', '2034-02-21 00:00', '2026-04-22 03:59', '2012-05-11 14:30', '1991-05-11 00:00+14:00', '10', '-12768', '-147483648', '2013-10-01 14:30', '-1.4e+38', '-122337203685477.5808', '1999-12-30 23:59', '-1.79e+30', '1', '-2000000000000', 'C1B0C3D4-E8F9-4A5B-6C7D-8E9F0A1B2C3D', '2026-04-22 11:47', '-1223372036854775808', '0x31313131313031323334353637383930', '!TooLong英255Val方&', '0x4023D3A2B7BDC8EDBCFEB9C9B7DDB9ABCBBE0000', '*TooLong英255Val方& ', '~Long英255Val方&', '`Long英255Val方&      ']), None, '8bca2b112e51384e0a39ed86e0af1832'), (('src', ['3', '2034-02-21 00:00', '2026-04-22 03:59', '2012-05-11 14:30', '1991-05-11 00:00+14:00', '10', '-12768', '-147483648', '2013-10-01 14:30', '-1.4e+038', '-122337203685477.58', '1999-12-30 23:59', '-1.79e+030', '1', '-2000000000000', 'C1B0C3D4-E8F9-4A5B-6C7D-8E9F0A1B2C3D', '2026-04-22 11:47', '-1223372036854775808', '0x31313131313031323334353637383930', '!TooLong英255Val方&', '0x4023D3A2B7BDC8EDBCFEB9C9B7DDB9ABCBBE0000', '*TooLong英255Val方& ', '~Long英255Val方&', '`Long英255Val方&      ']), 'aea0d99598f046f86faeece4987b463a', None)]
表 info_sql_variant_dml_single_nopk_drp 比对完成，耗时156.00毫秒
表 info_datetime_dml_single_pk 开始比对
[0;34m info_datetime_dml_single_pk [0m源备字段数相同，源端字段：2 	备端字段2
[0;31m NO! [0m 	 id列源备映射错误，源端为int None位	期望更改为text	实际备端为int None位
[0;31m NO! [0m 	 c_datetime列源备映射错误，源端为datetime None位	期望更改为text	实际备端为datetime None位

当前线程： ThreadPoolExecutor-9_3 正在获取： info_datetime_dml_single_pk 端内容
src:info_datetimeoffset_dml_batch1_pk_irp2列信息获取耗时: 31.00毫秒
select "id",CONVERT(varchar(800),"c_dtoffset_0"),CONVERT(varchar(800),"c_dtoffset_1"),CONVERT(varchar(800),"c_dtoffset_2"),CONVERT(varchar(800),"c_dtoffset_3"),CONVERT(varchar(800),"c_dtoffset_4"),CONVERT(varchar(800),"c_dtoffset_5"),CONVERT(varchar(800),"c_dtoffset_6"),CONVERT(varchar(800),"c_dtoffset") from [info_datetimeoffset_dml_batch1_pk_irp2]  order by  "id"
Y 行数相同,源2行,备2行
无主键表
YES! hash比对通过
[]
表 info_varchar_dml_batch1_pk_drp2 比对完成，耗时156.00毫秒
表 info_binary_dml_single_nopk_irp 开始比对
[0;34m info_binary_dml_single_nopk_irp [0m源备字段数相同，源端字段：4 	备端字段4
[0;31m NO! [0m 	 id列源备映射错误，源端为int None位	期望更改为text	实际备端为int None位
[0;31m NO! [0m 	 c_binary列源备映射错误，源端为binary 1位	期望更改为text	实际备端为binary 1位
[0;31m NO! [0m 	 c_binary_20列源备映射错误，源端为binary 20位	期望更改为text	实际备端为binary 20位
[0;31m NO! [0m 	 c_binary_8000列源备映射错误，源端为binary 8000位	期望更改为text	实际备端为binary 8000位
当前线程： ThreadPoolExecutor-9_0 正在获取： info_binary_dml_single_nopk_irp 端内容
src:info_datetime_dml_single_pk列信息获取耗时: 47.00毫秒
select * from [info_datetime_dml_single_pk]  order by  "id"

Y 行数相同,源3行,备3行
无主键表
YES! hash比对通过
[]
表 info_text_dml_single_pk_drp 比对完成，耗时172.00毫秒
表 info_text_dml_single_pk 开始比对
[0;34m info_text_dml_single_pk [0m源备字段数相同，源端字段：3 	备端字段3
[0;31m NO! [0m 	 id列源备映射错误，源端为int None位	期望更改为text	实际备端为int None位
[0;32m YES! [0m 	 c_text列源备映射正确，源端为text 2147483647位	期望更改为text	实际备端为text 2147483647位
[0;31m NO! [0m 	 c_ntext列源备映射错误，源端为ntext 2147483646位	期望更改为text	实际备端为ntext 2147483646位
当前线程： ThreadPoolExecutor-9_2 正在获取： info_text_dml_single_pk 端内容
src:info_binary_dml_single_nopk_irp列信息获取耗时: 47.00毫秒
select * from [info_binary_dml_single_nopk_irp]
src:info_text_dml_single_pk列信息获取耗时: 47.00毫秒
select "id",CONVERT(ntext,"c_text"),"c_ntext" from [info_text_dml_single_pk]  order by  "id"
Y 行数相同,源66行,备66行
无主键表
YES! hash比对通过
[]
Y 行数相同,源1行,备1行
无主键表
YES! hash比对通过
[]
表 info_datetime_dml_single_pk 比对完成，耗时281.00毫秒
表 info_datetimeoffset_dml_batch1_pk_irp2 比对完成，耗时328.00毫秒
表 info_varcharmax_dml_single_nopk_urp 开始比对
[0;34m info_varcharmax_dml_single_nopk_urp [0m源备字段数相同，源端字段：3 	备端字段3
[0;31m NO! [0m 	 id列源备映射错误，源端为int None位	期望更改为text	实际备端为int None位
[0;31m NO! [0m 	 c_varchar_max列源备映射错误，源端为varchar -1位	期望更改为text	实际备端为varchar -1位
[0;31m NO! [0m 	 c_nvarchar_max列源备映射错误，源端为nvarchar -1位	期望更改为text	实际备端为nvarchar -1位
当前线程： ThreadPoolExecutor-9_1 正在获取： info_varcharmax_dml_single_nopk_urp 端内容
表 info_varbinary_dml_single_pk_irp 开始比对
[0;34m info_varbinary_dml_single_pk_irp [0m源备字段数相同，源端字段：4 	备端字段4
[0;31m NO! [0m 	 id列源备映射错误，源端为int None位	期望更改为text	实际备端为int None位
[0;31m NO! [0m 	 c_varbinary列源备映射错误，源端为varbinary 1位	期望更改为text	实际备端为varbinary 1位
[0;31m NO! [0m 	 c_varbinary_100列源备映射错误，源端为varbinary 100位	期望更改为text	实际备端为varbinary 100位
[0;31m NO! [0m 	 c_varbinary_8000列源备映射错误，源端为varbinary 8000位	期望更改为text	实际备端为varbinary 8000位
当前线程： 
ThreadPoolExecutor-9_3 正在获取： info_varbinary_dml_single_pk_irp 端内容
Y 行数相同,源9行,备9行
无主键表
YES! hash比对通过
[]
表 info_binary_dml_single_nopk_irp 比对完成，耗时281.00毫秒
表 info_int_dml_batch1_pk_urp2 开始比对
[0;34m info_int_dml_batch1_pk_urp2 [0m源备字段数相同，源端字段：20 	备端字段20
[0;31m NO! [0m 	 id列源备映射错误，源端为int None位	期望更改为text	实际备端为int None位
[0;31m NO! [0m 	 c_tinyint列源备映射错误，源端为tinyint None位	期望更改为text	实际备端为tinyint None位
[0;31m NO! [0m 	 c_smallint列源备映射错误，源端为smallint None位	期望更改为text	实际备端为smallint None位
[0;31m NO! [0m 	 c_int列源备映射错误，源端为int None位	期望更改为text	实际备端为int None位
[0;31m NO! [0m 	 c_bigint列源备映射错误，源端为bigint None位	期望更改为text	实际备端为bigint None位
[0;31m NO! [0m 	 c_decimal列源备映射错误，源端为decimal None位	期望更改为text	实际备端为decimal None位
[0;31m NO! [0m 	 c_decimal38列源备映射错误，源端为decimal None位	期望更改为text	实际备端为decimal None位
[0;31m NO! [0m 	 c_decimal38_38列源备映射错误，源端为decimal None位	期望更改为text	实际备端为decimal None位
[0;31m NO! [0m 	 c_decimal38_10列源备映射错误，源端为decimal None位	期望更改为text	实际备端为decimal None位
[0;31m NO! [0m 	 c_decimal19_4列源备映射错误，源端为decimal None位	期望更改为text	实际备端为decimal None位
[0;31m NO! [0m 	 c_numeric列源备映射错误，源端为numeric None位	期望更改为text	实际备端为numeric None位
[0;31m NO! [0m 	 c_numeric38列源备映射错误，源端为numeric None位	期望更改为text	实际备端为numeric None位
[0;31m NO! [0m 	 c_numeric38_38列源备映射错误，源端为numeric None位	期望更改为text	实际备端为numeric None位
[0;31m NO! [0m 	 c_numeric38_10列源备映射错误，源端为numeric None位	期望更改为text	实际备端为numeric None位
[0;31m NO! [0m 	 c_numeric18_2列源备映射错误，源端为numeric None位	期望更改为text	实际备端为numeric None位
[0;31m NO! [0m 	 c_float列源备映射错误，源端为float None位	期望更改为text	实际备端为float None位
[0;31m NO! [0m 	 c_real列源备映射错误，源端为real None位	期望更改为text	实际备端为real None位
[0;31m NO! [0m 	 c_money列源备映射错误，源端为money None位	期望更改为text	实际备端为money None位
[0;31m NO! [0m 	 c_smallmoney列源备映射错误，源端为smallmoney None位	期望更改为text	实际备端为smallmoney None位
[0;31m NO! [0m 	 c_bit列源备映射错误，源端为bit None位	期望更改为text	实际备端为bit None位
当前线程： ThreadPoolExecutor-9_0 正在获取： info_int_dml_batch1_pk_urp2 端内容
src:info_varcharmax_dml_single_nopk_urp列信息获取耗时: 47.00毫秒
select "id",CONVERT(nvarchar(max),"c_varchar_max"),"c_nvarchar_max" from [info_varcharmax_dml_single_nopk_urp]
src:info_varbinary_dml_single_pk_irp列信息获取耗时: 31.00毫秒
select * from [info_varbinary_dml_single_pk_irp]  order by  "id"
~ 空表
[]
表 info_text_dml_single_pk 比对完成，耗时266.00毫秒
表 info_datetimeoffset_dml_batch2_pk_irp1 开始比对
[0;34m info_datetimeoffset_dml_batch2_pk_irp1 [0m源备字段数相同，源端字段：9 	备端字段9
[0;31m NO! [0m 	 id列源备映射错误，源端为int None位	期望更改为text	实际备端为int None位
[0;31m NO! [0m 	 c_dtoffset_0列源备映射错误，源端为datetimeoffset None位	期望更改为text	实际备端为datetimeoffset None位
[0;31m NO! [0m 	 c_dtoffset_1列源备映射错误，源端为datetimeoffset None位	期望更改为text	实际备端为datetimeoffset None位
[0;31m NO! [0m 	 c_dtoffset_2列源备映射错误，源端为datetimeoffset None位	期望更改为text	实际备端为datetimeoffset None位
[0;31m NO! [0m 	 c_dtoffset_3列源备映射错误，源端为datetimeoffset None位	期望更改为text	实际备端为datetimeoffset None位
[0;31m NO! [0m 	 c_dtoffset_4列源备映射错误，源端为datetimeoffset None位	期望更改为text	实际备端为datetimeoffset None位
[0;31m NO! [0m 	 c_dtoffset_5列源备映射错误，源端为datetimeoffset None位	期望更改为text	实际备端为datetimeoffset None位
[0;31m NO! [0m 	 c_dtoffset_6列源备映射错误，源端为datetimeoffset None位	期望更改为text	实际备端为datetimeoffset None位
[0;31m NO! [0m 	 c_dtoffset列源备映射错误，源端为datetimeoffset None位	期望更改为text	实际备端为datetimeoffset None位
当前线程： ThreadPoolExecutor-9_2 正在获取： info_datetimeoffset_dml_batch2_pk_irp1 端内容
src:info_int_dml_batch1_pk_urp2列信息获取耗时: 47.00毫秒
select "id","c_tinyint","c_smallint","c_int",convert(decimal(38,0),c_bigint),"c_decimal","c_decimal38","c_decimal38_38","c_decimal38_10","c_decimal19_4","c_numeric","c_numeric38","c_numeric38_38","c_numeric38_10","c_numeric18_2",CONVERT(nvarchar(max),"c_float"),CONVERT(nvarchar(max),"c_real"),"c_money","c_smallmoney","c_bit" from [info_int_dml_batch1_pk_urp2]  order by  "id"
src:info_datetimeoffset_dml_batch2_pk_irp1列信息获取耗时: 46.00毫秒
select "id",CONVERT(varchar(800),"c_dtoffset_0"),CONVERT(varchar(800),"c_dtoffset_1"),CONVERT(varchar(800),"c_dtoffset_2"),CONVERT(varchar(800),"c_dtoffset_3"),CONVERT(varchar(800),"c_dtoffset_4"),CONVERT(varchar(800),"c_dtoffset_5"),CONVERT(varchar(800),"c_dtoffset_6"),CONVERT(varchar(800),"c_dtoffset") from [info_datetimeoffset_dml_batch2_pk_irp1]  order by  "id"
Y 行数相同,源4行,备4行
无主键表
YES! hash比对通过
[]
表 info_varcharmax_dml_single_nopk_urp 比对完成，耗时156.00毫秒
表 info_nchar_dml_single_pk_urp 开始比对
[0;34m info_nchar_dml_single_pk_urp [0m源备字段数相同，源端字段：4 	备端字段4
[0;31m NO! [0m 	 id列源备映射错误，源端为int None位	期望更改为text	实际备端为int None位
[0;31m NO! [0m 	 c_nchar列源备映射错误，源端为nchar 2位	期望更改为text	实际备端为nchar 2位
[0;31m NO! [0m 	 c_nchar20列源备映射错误，源端为nchar 40位	期望更改为text	实际备端为nchar 40位
[0;31m NO! [0m 	 c_nchar3500列源备映射错误，源端为nchar 7000位	期望更改为text	实际备端为nchar 7000位
当前线程： 
ThreadPoolExecutor-9_1 正在获取： info_nchar_dml_single_pk_urp 端内容
Y 行数相同,源10行,备10行
无主键表
YES! hash比对通过
[]
表 info_varbinary_dml_single_pk_irp 比对完成，耗时203.00毫秒
表 info_xml_dml_single_pk_drp 开始比对
[0;34m info_xml_dml_single_pk_drp [0m源备字段数相同，源端字段：2 	备端字段2
[0;31m NO! [0m 	 id列源备映射错误，源端为int None位	期望更改为text	实际备端为int None位
[0;31m NO! [0m 	 c_xml列源备映射错误，源端为xml -1位	期望更改为text	实际备端为xml -1位
当前线程： ThreadPoolExecutor-9_3 正在获取： info_xml_dml_single_pk_drp 端内容
src:info_nchar_dml_single_pk_urp列信息获取耗时: 47.00毫秒
select * from [info_nchar_dml_single_pk_urp]  order by  "id"
src:info_xml_dml_single_pk_drp列信息获取耗时: 47.00毫秒
select * from [info_xml_dml_single_pk_drp]  order by  "id"
Y 行数相同,源20行,备20行
无主键表
YES! hash比对通过
[]
表 info_int_dml_batch1_pk_urp2 比对完成，耗时250.00毫秒
表 info_datetime2_dml_single_pk_irp 开始比对
[0;34m info_datetime2_dml_single_pk_irp [0m源备字段数相同，源端字段：9 	备端字段9
[0;31m NO! [0m 	 id列源备映射错误，源端为int None位	期望更改为text	实际备端为int None位
[0;31m NO! [0m 	 c_dt2_0列源备映射错误，源端为datetime2 None位	期望更改为text	实际备端为datetime2 None位
[0;31m NO! [0m 	 c_dt2_1列源备映射错误，源端为datetime2 None位	期望更改为text	实际备端为datetime2 None位
[0;31m NO! [0m 	 c_dt2_2列源备映射错误，源端为datetime2 None位	期望更改为text	实际备端为datetime2 None位
[0;31m NO! [0m 	 c_dt2_3列源备映射错误，源端为datetime2 None位	期望更改为text	实际备端为datetime2 None位
[0;31m NO! [0m 	 c_dt2_4列源备映射错误，源端为datetime2 None位	期望更改为text	实际备端为datetime2 None位
[0;31m NO! [0m 	 c_dt2_5列源备映射错误，源端为datetime2 None位	期望更改为text	实际备端为datetime2 None位
[0;31m NO! [0m 	 c_dt2_6列源备映射错误，源端为datetime2 None位	期望更改为text	实际备端为datetime2 None位
[0;31m NO! [0m 	 c_dt2列源备映射错误，源端为datetime2 None位	期望更改为text	实际备端为datetime2 None位
当前线程： ThreadPoolExecutor-9_0 正在获取： info_datetime2_dml_single_pk_irp 端内容
Y 行数相同,源13行,备13行
无主键表
YES! hash比对通过
[]
表 info_datetimeoffset_dml_batch2_pk_irp1 比对完成，耗时250.00毫秒
表 info_datetime2_dml_single_nopk_drp 开始比对
[0;34m info_datetime2_dml_single_nopk_drp [0m源备字段数相同，源端字段：9 	备端字段9
[0;31m NO! [0m 	 id列源备映射错误，源端为int None位	期望更改为text	实际备端为int None位
[0;31m NO! [0m 	 c_dt2_0列源备映射错误，源端为datetime2 None位	期望更改为text	实际备端为datetime2 None位
[0;31m NO! [0m 	 c_dt2_1列源备映射错误，源端为datetime2 None位	期望更改为text	实际备端为datetime2 None位
[0;31m NO! [0m 	 c_dt2_2列源备映射错误，源端为datetime2 None位	期望更改为text	实际备端为datetime2 None位
[0;31m NO! [0m 	 c_dt2_3列源备映射错误，源端为datetime2 None位	期望更改为text	实际备端为datetime2 None位
[0;31m NO! [0m 	 c_dt2_4列源备映射错误，源端为datetime2 None位	期望更改为text	实际备端为datetime2 None位
[0;31m NO! [0m 	 c_dt2_5列源备映射错误，源端为datetime2 None位	期望更改为text	实际备端为datetime2 None位
[0;31m NO! [0m 	 c_dt2_6列源备映射错误，源端为datetime2 None位	期望更改为text	实际备端为datetime2 None位
[0;31m NO! [0m 	 c_dt2列源备映射错误，源端为datetime2 None位	期望更改为text	实际备端为datetime2 None位
当前线程： ThreadPoolExecutor-9_2 正在获取： info_datetime2_dml_single_nopk_drp 端内容
Y 行数相同,源10行,备10行
无主键表
YES! hash比对通过
[]
表 info_nchar_dml_single_pk_urp 比对完成，耗时172.00毫秒
表 info_time_dml_batch1_pk_urp1 开始比对
[0;34m info_time_dml_batch1_pk_urp1 [0m源备字段数相同，源端字段：9 	备端字段9
[0;31m NO! [0m 	 id列源备映射错误，源端为int None位	期望更改为text	实际备端为int None位
[0;31m NO! [0m 	 c_time0列源备映射错误，源端为time None位	期望更改为text	实际备端为time None位
[0;31m NO! [0m 	 c_time1列源备映射错误，源端为time None位	期望更改为text	实际备端为time None位
[0;31m NO! [0m 	 c_time2列源备映射错误，源端为time None位	期望更改为text	实际备端为time None位
[0;31m NO! [0m 	 c_time3列源备映射错误，源端为time None位	期望更改为text	实际备端为time None位
[0;31m NO! [0m 	 c_time4列源备映射错误，源端为time None位	期望更改为text	实际备端为time None位
[0;31m NO! [0m 	 c_time5列源备映射错误，源端为time None位	期望更改为text	实际备端为time None位
[0;31m NO! [0m 	 c_time6列源备映射错误，源端为time None位	期望更改为text	实际备端为time None位
[0;31m NO! [0m 	 c_time列源备映射错误，源端为time None位	期望更改为text	实际备端为time None位
当前线程： ThreadPoolExecutor-9_1 正在获取： info_time_dml_batch1_pk_urp1 端内容
src:info_datetime2_dml_single_pk_irp列信息获取耗时: 47.00毫秒
select * from [info_datetime2_dml_single_pk_irp]  order by  "id"
Y 行数相同,源2行,备2行
无主键表
YES! hash比对通过
[]
表 info_xml_dml_single_pk_drp 比对完成，耗时141.00毫秒
表 info_sql_variant_dml_single_nopk 开始比对
[0;34m info_sql_variant_dml_single_nopk [0m源备字段数相同，源端字段：25 	备端字段25
[0;31m NO! [0m 	 id列源备映射错误，源端为int None位	期望更改为text	实际备端为int None位
[0;31m NO! [0m 	 c_date列源备映射错误，源端为sql_variant 0位	期望更改为text	实际备端为sql_variant 0位
[0;31m NO! [0m 	 c_time列源备映射错误，源端为sql_variant 0位	期望更改为text	实际备端为sql_variant 0位
[0;31m NO! [0m 	 c_datetime2列源备映射错误，源端为sql_variant 0位	期望更改为text	实际备端为sql_variant 0位
[0;31m NO! [0m 	 c_datetimeoffset列源备映射错误，源端为sql_variant 0位	期望更改为text	实际备端为sql_variant 0位
[0;31m NO! [0m 	 c_tinyint列源备映射错误，源端为sql_variant 0位	期望更改为text	实际备端为sql_variant 0位
[0;31m NO! [0m 	 c_smallint列源备映射错误，源端为sql_variant 0位	期望更改为text	实际备端为sql_variant 0位
[0;31m NO! [0m 	 c_int列源备映射错误，源端为sql_variant 0位	期望更改为text	实际备端为sql_variant 0位
[0;31m NO! [0m 	 c_sdt列源备映射错误，源端为sql_variant 0位	期望更改为text	实际备端为sql_variant 0位
[0;31m NO! [0m 	 c_real列源备映射错误，源端为sql_variant 0位	期望更改为text	实际备端为sql_variant 0位
[0;31m NO! [0m 	 c_money列源备映射错误，源端为sql_variant 0位	期望更改为text	实际备端为sql_variant 0位
[0;31m NO! [0m 	 c_datetime列源备映射错误，源端为sql_variant 0位	期望更改为text	实际备端为sql_variant 0位
[0;31m NO! [0m 	 c_float列源备映射错误，源端为sql_variant 0位	期望更改为text	实际备端为sql_variant 0位
[0;31m NO! [0m 	 c_bit列源备映射错误，源端为sql_variant 0位	期望更改为text	实际备端为sql_variant 0位
[0;31m NO! [0m 	 c_decimal列源备映射错误，源端为sql_variant 0位	期望更改为text	实际备端为sql_variant 0位
[0;31m NO! [0m 	 c_uniqueidentifier列源备映射错误，源端为sql_variant 0位	期望更改为text	实际备端为sql_variant 0位
[0;31m NO! [0m 	 c_smallmoney列源备映射错误，源端为sql_variant 0位	期望更改为text	实际备端为sql_variant 0位
[0;31m NO! [0m 	 c_bigint列源备映射错误，源端为sql_variant 0位	期望更改为text	实际备端为sql_variant 0位
[0;31m NO! [0m 	 c_varbinary_20列源备映射错误，源端为sql_variant 0位	期望更改为text	实际备端为sql_variant 0位
[0;31m NO! [0m 	 c_varchar_20列源备映射错误，源端为sql_variant 0位	期望更改为text	实际备端为sql_variant 0位
[0;31m NO! [0m 	 c_binary_20列源备映射错误，源端为sql_variant 0位	期望更改为text	实际备端为sql_variant 0位
[0;31m NO! [0m 	 c_char_20列源备映射错误，源端为sql_variant 0位	期望更改为text	实际备端为sql_variant 0位
[0;31m NO! [0m 	 c_nvarchar_20列源备映射错误，源端为sql_variant 0位	期望更改为text	实际备端为sql_variant 0位
[0;31m NO! [0m 	 c_nchar_20列源备映射错误，源端为sql_variant 0位	期望更改为text	实际备端为sql_variant 0位
[0;31m NO! [0m 	 c_timestamp列源备映射错误，源端为timestamp None位	期望更改为text	实际备端为timestamp None位
当前线程： ThreadPoolExecutor-9_3 正在获取： info_sql_variant_dml_single_nopk 端内容
src:info_datetime2_dml_single_nopk_drp列信息获取耗时: 62.00毫秒
select * from [info_datetime2_dml_single_nopk_drp]
src:info_time_dml_batch1_pk_urp1列信息获取耗时: 47.00毫秒
select * from [info_time_dml_batch1_pk_urp1]  order by  "id"
src:info_sql_variant_dml_single_nopk列信息获取耗时: 47.00毫秒
select "id",cast("c_date" as nvarchar(max)),cast("c_time" as nvarchar(max)),cast("c_datetime2" as nvarchar(max)),cast("c_datetimeoffset" as nvarchar(max)),cast("c_tinyint" as nvarchar(max)),cast("c_smallint" as nvarchar(max)),cast("c_int" as nvarchar(max)),cast("c_sdt" as nvarchar(max)),cast("c_real" as nvarchar(max)),cast("c_money" as nvarchar(max)),cast("c_datetime" as nvarchar(max)),cast("c_float" as nvarchar(max)),cast("c_bit" as nvarchar(max)),cast("c_decimal" as nvarchar(max)),cast("c_uniqueidentifier" as nvarchar(max)),cast("c_smallmoney" as nvarchar(max)),cast("c_bigint" as nvarchar(max)),convert(varchar(max),c_varbinary_20,1),cast("c_varchar_20" as nvarchar(max)),convert(varchar(max),c_binary_20,1),cast("c_char_20" as nvarchar(max)),cast("c_nvarchar_20" as nvarchar(max)),cast("c_nchar_20" as nvarchar(max)),'timestamp不参与比较' from [info_sql_variant_dml_single_nopk]
Y 行数相同,源7行,备7行
无主键表
YES! hash比对通过
[]
表 info_datetime2_dml_single_pk_irp 比对完成，耗时172.00毫秒
表 info_char_dml_batch1_pk_irp1 开始比对
[0;34m info_char_dml_batch1_pk_irp1 [0m源备字段数相同，源端字段：4 	备端字段4
[0;31m NO! [0m 	 id列源备映射错误，源端为int None位	期望更改为text	实际备端为int None位
[0;31m NO! [0m 	 c_char列源备映射错误，源端为char 1位	期望更改为text	实际备端为char 1位
[0;31m NO! [0m 	 c_char20列源备映射错误，源端为char 20位	期望更改为text	实际备端为char 20位
[0;31m NO! [0m 	 c_char8000列源备映射错误，源端为char 8000位	期望更改为text	实际备端为char 8000位
当前线程： ThreadPoolExecutor-9_0 正在获取： info_char_dml_batch1_pk_irp1 端内容
Y 行数相同,源2行,备2行
无主键表
YES! hash比对通过
[]
表 info_datetime2_dml_single_nopk_drp 比对完成，耗时156.00毫秒
表 info_xml_dml_single_pk 开始比对
[0;34m info_xml_dml_single_pk [0m源备字段数相同，源端字段：2 	备端字段2
[0;31m NO! [0m 	 id列源备映射错误，源端为int None位	期望更改为text	实际备端为int None位
[0;31m NO! [0m 	 c_xml列源备映射错误，源端为xml -1位	期望更改为text	实际备端为xml -1位
当前线程： ThreadPoolExecutor-9_2 正在获取： info_xml_dml_single_pk 端内容
src:info_char_dml_batch1_pk_irp1列信息获取耗时: 31.00毫秒
select "id",CONVERT(nvarchar(max),"c_char"),CONVERT(nvarchar(max),"c_char20"),CONVERT(nvarchar(max),"c_char8000") from [info_char_dml_batch1_pk_irp1]  order by  "id"
Y 行数相同,源16行,备16行
无主键表
YES! hash比对通过
[]
表 info_time_dml_batch1_pk_urp1 比对完成，耗时203.00毫秒
表 info_geometry_dml_single_pk_drp 开始比对
[0;34m info_geometry_dml_single_pk_drp [0m源备字段数相同，源端字段：2 	备端字段2
[0;31m NO! [0m 	 id列源备映射错误，源端为int None位	期望更改为text	实际备端为int None位
[0;31m NO! [0m 	 c_geometry列源备映射错误，源端为geometry -1位	期望更改为text	实际备端为geometry -1位
当前线程： ThreadPoolExecutor-9_1 正在获取： info_geometry_dml_single_pk_drp 
端内容
src:info_xml_dml_single_pk列信息获取耗时: 62.00毫秒
select * from [info_xml_dml_single_pk]  order by  "id"
Y 行数相同,源1行,备1行
无主键表
NO! hash比对存在2行差异
[(('tgt', ['4', '2054-02-21 00:00', '2026-04-22 23:19', '2002-05-11 14:30', '1991-05-11 00:00+14:00', '77', '1768-04-22 00:00', '-17483648', '2023-09-01 14:30', '-1.4e+38', '-12337203685477.5808', '1995-12-30 23:59', '-1.79e+30', '0', '-2000000000000', 'C1B0C3D4-E8F9-4A5B-6C7D-8E9F0A1B2C3D', '2026-04-22 11:47', '-1223372036854775808', '0x31313131313031323334353637383930', '!TooLong英255Val方&', '0x4023D3A2B7BDC8EDBCFEB9C9B7DDB9ABCBBE0000', '*TooLong英255Val方& ', '~Long英255Val方&', '`Long英255Val方&      ']), None, '4fd5e85481883fd42f8c820ae6504178'), (('src', ['4', '2054-02-21 00:00', '2026-04-22 23:19', '2002-05-11 14:30', '1991-05-11 00:00+14:00', '77', '1768-04-22 00:00', '-17483648', '2023-09-01 14:30', '-1.4e+038', '-12337203685477.58', '1995-12-30 23:59', '-1.79e+030', '0', '-2000000000000', 'C1B0C3D4-E8F9-4A5B-6C7D-8E9F0A1B2C3D', '2026-04-22 11:47', '-1223372036854775808', '0x31313131313031323334353637383930', '!TooLong英255Val方&', '0x4023D3A2B7BDC8EDBCFEB9C9B7DDB9ABCBBE0000', '*TooLong英255Val方& ', '~Long英255Val方&', '`Long英255Val方&      ']), 'b94a0e2c918a7b34d6fb76465b5425ff', None)]
表 info_sql_variant_dml_single_nopk 比对完成，耗时203.00毫秒
表 info_datetime_dml_batch2_pk_irp2 开始比对
[0;34m info_datetime_dml_batch2_pk_irp2 [0m源备字段数相同，源端字段：2 	备端字段2
[0;31m NO! [0m 	 id列源备映射错误，源端为int None位	期望更改为text	实际备端为int None位
[0;31m NO! [0m 	 c_datetime列源备映射错误，源端为datetime None位	期望更改为text	实际备端为datetime None位
当前线程： ThreadPoolExecutor-9_3 正在获取： info_datetime_dml_batch2_pk_irp2 端内容
src:info_geometry_dml_single_pk_drp列信息获取耗时: 47.00毫秒
select "id","c_geometry".STAsText() from [info_geometry_dml_single_pk_drp]  order by  "id"
src:info_datetime_dml_batch2_pk_irp2列信息获取耗时: 47.00毫秒
select * from [info_datetime_dml_batch2_pk_irp2]  order by  "id"
Y 行数相同,源15行,备15行
无主键表
YES! hash比对通过
[]
表 info_char_dml_batch1_pk_irp1 比对完成，耗时188.00毫秒
表 info_varchar_dml_batch1_pk 开始比对
[0;34m info_varchar_dml_batch1_pk [0m源备字段数相同，源端字段：4 	备端字段4
[0;31m NO! [0m 	 id列源备映射错误，源端为int None位	期望更改为text	实际备端为int None位
[0;31m NO! [0m 	 c_varchar列源备映射错误，源端为varchar 1位	期望更改为text	实际备端为varchar 1位
[0;31m NO! [0m 	 c_varchar20列源备映射错误，源端为varchar 20位	期望更改为text	实际备端为varchar 20位
[0;31m NO! [0m 	 c_varchar7000列源备映射错误，源端为varchar 7000位	期望更改为text	实际备端为varchar 7000位
当前线程： ThreadPoolExecutor-9_0 正在获取： info_varchar_dml_batch1_pk 端内容
Y 行数相同,源1行,备1行
无主键表
YES! hash比对通过
[]
表 info_xml_dml_single_pk 比对完成，耗时203.00毫秒
表 info_binary_dml_single_nopk_urp 开始比对
[0;34m info_binary_dml_single_nopk_urp [0m源备字段数相同，源端字段：4 	备端字段4
[0;31m NO! [0m 	 id列源备映射错误，源端为int None位	期望更改为text	实际备端为int None位
[0;31m NO! [0m 	 c_binary列源备映射错误，源端为binary 1位	期望更改为text	实际备端为binary 1位
[0;31m NO! [0m 	 c_binary_20列源备映射错误，源端为binary 20位	期望更改为text	实际备端为binary 20位
[0;31m NO! [0m 	 c_binary_8000列源备映射错误，源端为binary 8000位	期望更改为text	实际备端为binary 8000位
当前线程： ThreadPoolExecutor-9_2 
正在获取： info_binary_dml_single_nopk_urp 端内容
src:info_varchar_dml_batch1_pk列信息获取耗时: 47.00毫秒
select "id",CONVERT(nvarchar(max),"c_varchar"),CONVERT(nvarchar(max),"c_varchar20"),CONVERT(nvarchar(max),"c_varchar7000") from [info_varchar_dml_batch1_pk]  order by  "id"
Y 行数相同,源4行,备4行
无主键表
YES! hash比对通过
[]
表 info_geometry_dml_single_pk_drp 比对完成，耗时172.00毫秒
表 info_geometry_dml_single_pk 开始比对
[0;34m info_geometry_dml_single_pk [0m源备字段数相同，源端字段：2 	备端字段2
[0;31m NO! [0m 	 id列源备映射错误，源端为int None位	期望更改为text	实际备端为int None位
[0;31m NO! [0m 	 c_geometry列源备映射错误，源端为geometry -1位	期望更改为text	实际备端为geometry -1位
当前线程： ThreadPoolExecutor-9_1 正在获取： info_geometry_dml_single_pk 端内容
src:info_binary_dml_single_nopk_urp列信息获取耗时: 47.00毫秒
select * from [info_binary_dml_single_nopk_urp]
Y 行数相同,源51行,备51行
无主键表
YES! hash比对通过
[]
表 info_datetime_dml_batch2_pk_irp2 比对完成，耗时203.00毫秒
表 info_varcharmax_dml_single_nopk_drp 开始比对
[0;34m info_varcharmax_dml_single_nopk_drp [0m源备字段数相同，源端字段：3 	备端字段3
[0;31m NO! [0m 	 id列源备映射错误，源端为int None位	期望更改为text	实际备端为int None位
[0;31m NO! [0m 	 c_varchar_max列源备映射错误，源端为varchar -1位	期望更改为text	实际备端为varchar -1位
[0;31m NO! [0m 	 c_nvarchar_max列源备映射错误，源端为nvarchar -1位	期望更改为text	实际备端为nvarchar -1位
当前线程： ThreadPoolExecutor-9_3 正在获取： info_varcharmax_dml_single_nopk_drp 端内容
src:info_geometry_dml_single_pk列信息获取耗时: 63.00毫秒
select "id","c_geometry".STAsText() from [info_geometry_dml_single_pk]  order by  "id"
Y 行数相同,源2行,备2行
无主键表
YES! hash比对通过
[]
表 info_varchar_dml_batch1_pk 比对完成，耗时156.00毫秒
表 info_binary_dml_single_nopk_drp 开始比对
[0;34m info_binary_dml_single_nopk_drp [0m源备字段数相同，源端字段：4 	备端字段4
[0;31m NO! [0m 	 id列源备映射错误，源端为int None位	期望更改为text	实际备端为int None位
[0;31m NO! [0m 	 c_binary列源备映射错误，源端为binary 1位	期望更改为text	实际备端为binary 1位
[0;31m NO! [0m 	 c_binary_20列源备映射错误，源端为binary 20位	期望更改为text	实际备端为binary 20位
[0;31m NO! [0m 	 c_binary_8000列源备映射错误，源端为binary 8000位	期望更改为text	实际备端为binary 8000位
当前线程： 
ThreadPoolExecutor-9_0 正在获取： info_binary_dml_single_nopk_drp 端内容
src:info_varcharmax_dml_single_nopk_drp列信息获取耗时: 47.00毫秒
select "id",CONVERT(nvarchar(max),"c_varchar_max"),"c_nvarchar_max" from [info_varcharmax_dml_single_nopk_drp]
Y 行数相同,源5行,备5行
无主键表
src:info_binary_dml_single_nopk_drp列信息获取耗时: 47.00毫秒
YES! hash比对通过
[]
表 info_binary_dml_single_nopk_urp 比对完成，耗时172.00毫秒
表 info_nvarchar_dml_batch1_pk_drp2 开始比对
[0;34m info_nvarchar_dml_batch1_pk_drp2 [0m源备字段数相同，源端字段：4 	备端字段4
[0;31m NO! [0m 	 id列源备映射错误，源端为int None位	期望更改为text	实际备端为int None位
[0;31m NO! [0m 	 c_nvarchar列源备映射错误，源端为nvarchar 2位	期望更改为text	实际备端为nvarchar 2位
[0;31m NO! [0m 	 c_nvarchar20列源备映射错误，源端为nvarchar 40位	期望更改为text	实际备端为nvarchar 40位
[0;31m NO! [0m 	 c_nvarchar3500列源备映射错误，源端为nchar 7000位	期望更改为text	实际备端为nchar 7000位
当前线程： ThreadPoolExecutor-9_2 正在获取： info_nvarchar_dml_batch1_pk_drp2 端内容
select * from [info_binary_dml_single_nopk_drp]
Y 行数相同,源3行,备3行
无主键表
YES! hash比对通过
[]
表 info_geometry_dml_single_pk 比对完成，耗时172.00毫秒
表 info_nchar_dml_batch1_pk_irp1 开始比对
[0;34m info_nchar_dml_batch1_pk_irp1 [0m源备字段数相同，源端字段：4 	备端字段4
[0;31m NO! [0m 	 id列源备映射错误，源端为int None位	期望更改为text	实际备端为int None位
[0;31m NO! [0m 	 c_nchar列源备映射错误，源端为nchar 2位	期望更改为text	实际备端为nchar 2位
[0;31m NO! [0m 	 c_nchar20列源备映射错误，源端为nchar 40位	期望更改为text	实际备端为nchar 40位
[0;31m NO! [0m 	 c_nchar4000列源备映射错误，源端为nchar 8000位	期望更改为text	实际备端为nchar 8000位
当前线程： ThreadPoolExecutor-9_1 正在获取： info_nchar_dml_batch1_pk_irp1 端内容
src:info_nvarchar_dml_batch1_pk_drp2列信息获取耗时: 47.00毫秒
select * from [info_nvarchar_dml_batch1_pk_drp2]  order by  "id"
Y 行数相同,源3行,备3行
无主键表
YES! hash比对通过
[]
表 info_varcharmax_dml_single_nopk_drp 比对完成，耗时172.00毫秒
表 info_int_dml_batch1_pk_drp1 开始比对
[0;34m info_int_dml_batch1_pk_drp1 [0m源备字段数相同，源端字段：20 	备端字段20
[0;31m NO! [0m 	 id列源备映射错误，源端为int None位	期望更改为text	实际备端为int None位
[0;31m NO! [0m 	 c_tinyint列源备映射错误，源端为tinyint None位	期望更改为text	实际备端为tinyint None位
[0;31m NO! [0m 	 c_smallint列源备映射错误，源端为smallint None位	期望更改为text	实际备端为smallint None位
[0;31m NO! [0m 	 c_int列源备映射错误，源端为int None位	期望更改为text	实际备端为int None位
[0;31m NO! [0m 	 c_bigint列源备映射错误，源端为bigint None位	期望更改为text	实际备端为bigint None位
[0;31m NO! [0m 	 c_decimal列源备映射错误，源端为decimal None位	期望更改为text	实际备端为decimal None位
[0;31m NO! [0m 	 c_decimal38列源备映射错误，源端为decimal None位	期望更改为text	实际备端为decimal None位
[0;31m NO! [0m 	 c_decimal38_38列源备映射错误，源端为decimal None位	期望更改为text	实际备端为decimal None位
[0;31m NO! [0m 	 c_decimal38_10列源备映射错误，源端为decimal None位	期望更改为text	实际备端为decimal None位
[0;31m NO! [0m 	 c_decimal19_4列源备映射错误，源端为decimal None位	期望更改为text	实际备端为decimal None位
[0;31m NO! [0m 	 c_numeric列源备映射错误，源端为numeric None位	期望更改为text	实际备端为numeric None位
[0;31m NO! [0m 	 c_numeric38列源备映射错误，源端为numeric None位	期望更改为text	实际备端为numeric None位
[0;31m NO! [0m 	 c_numeric38_38列源备映射错误，源端为numeric None位	期望更改为text	实际备端为numeric None位
[0;31m NO! [0m 	 c_numeric38_10列源备映射错误，源端为numeric None位	期望更改为text	实际备端为numeric None位
[0;31m NO! [0m 	 c_numeric18_2列源备映射错误，源端为numeric None位	期望更改为text	实际备端为numeric None位
[0;31m NO! [0m 	 c_float列源备映射错误，源端为float None位	期望更改为text	实际备端为float None位
[0;31m NO! [0m 	 c_real列源备映射错误，源端为real None位	期望更改为text	实际备端为real None位
[0;31m NO! [0m 	 c_money列源备映射错误，源端为money None位	期望更改为text	实际备端为money None位
[0;31m NO! [0m 	 c_smallmoney列源备映射错误，源端为smallmoney None位	期望更改为text	实际备端为smallmoney None位
[0;31m NO! [0m 	 c_bit列源备映射错误，源端为bit None位	期望更改为text	实际备端为bit None位
当前线程： ThreadPoolExecutor-9_3 正在获取： info_int_dml_batch1_pk_drp1 端内容
src:info_nchar_dml_batch1_pk_irp1列信息获取耗时: 47.00毫秒
select * from [info_nchar_dml_batch1_pk_irp1]  order by  "id"
Y 行数相同,源7行,备7行
无主键表
YES! hash比对通过
[]
表 info_binary_dml_single_nopk_drp 比对完成，耗时187.00毫秒
表 info_datetimeoffset_dml_batch2_pk_irp2 开始比对
[0;34m info_datetimeoffset_dml_batch2_pk_irp2 [0m源备字段数相同，源端字段：9 	备端字段9
[0;31m NO! [0m 	 id列源备映射错误，源端为int None位	期望更改为text	实际备端为int None位
[0;31m NO! [0m 	 c_dtoffset_0列源备映射错误，源端为datetimeoffset None位	期望更改为text	实际备端为datetimeoffset None位
[0;31m NO! [0m 	 c_dtoffset_1列源备映射错误，源端为datetimeoffset None位	期望更改为text	实际备端为datetimeoffset None位
[0;31m NO! [0m 	 c_dtoffset_2列源备映射错误，源端为datetimeoffset None位	期望更改为text	实际备端为datetimeoffset None位
[0;31m NO! [0m 	 c_dtoffset_3列源备映射错误，源端为datetimeoffset None位	期望更改为text	实际备端为datetimeoffset None位
[0;31m NO! [0m 	 c_dtoffset_4列源备映射错误，源端为datetimeoffset None位	期望更改为text	实际备端为datetimeoffset None位
[0;31m NO! [0m 	 c_dtoffset_5列源备映射错误，源端为datetimeoffset None位	期望更改为text	实际备端为datetimeoffset None位
[0;31m NO! [0m 	 c_dtoffset_6列源备映射错误，源端为datetimeoffset None位	期望更改为text	实际备端为datetimeoffset None位
[0;31m NO! [0m 	 c_dtoffset列源备映射错误，源端为datetimeoffset None位	期望更改为text	实际备端为datetimeoffset None位
当前线程： ThreadPoolExecutor-9_0 正在获取： info_datetimeoffset_dml_batch2_pk_irp2 端内容
src:info_int_dml_batch1_pk_drp1列信息获取耗时: 46.00毫秒
select "id","c_tinyint","c_smallint","c_int",convert(decimal(38,0),c_bigint),"c_decimal","c_decimal38","c_decimal38_38","c_decimal38_10","c_decimal19_4","c_numeric","c_numeric38","c_numeric38_38","c_numeric38_10","c_numeric18_2",CONVERT(nvarchar(max),"c_float"),CONVERT(nvarchar(max),"c_real"),"c_money","c_smallmoney","c_bit" from [info_int_dml_batch1_pk_drp1]  order by  "id"
Y 行数相同,源2行,备2行

无主键表
YES! hash比对通过
[]
表 info_nvarchar_dml_batch1_pk_drp2 比对完成，耗时250.00毫秒
表 info_varbinary_dml_single_pk_urp 开始比对
[0;34m info_varbinary_dml_single_pk_urp [0m源备字段数相同，源端字段：4 	备端字段4
[0;31m NO! [0m 	 id列源备映射错误，源端为int None位	期望更改为text	实际备端为int None位
[0;31m NO! [0m 	 c_varbinary列源备映射错误，源端为varbinary 1位	期望更改为text	实际备端为varbinary 1位
[0;31m NO! [0m 	 c_varbinary_100列源备映射错误，源端为varbinary 100位	期望更改为text	实际备端为varbinary 100位
[0;31m NO! [0m 	 c_varbinary_8000列源备映射错误，源端为varbinary 8000位	期望更改为text	实际备端为varbinary 8000位
当前线程： ThreadPoolExecutor-9_2 正在获取： info_varbinary_dml_single_pk_urp 端内容
src:info_datetimeoffset_dml_batch2_pk_irp2列信息获取耗时: 125.00毫秒
select "id",CONVERT(varchar(800),"c_dtoffset_0"),CONVERT(varchar(800),"c_dtoffset_1"),CONVERT(varchar(800),"c_dtoffset_2"),CONVERT(varchar(800),"c_dtoffset_3"),CONVERT(varchar(800),"c_dtoffset_4"),CONVERT(varchar(800),"c_dtoffset_5"),CONVERT(varchar(800),"c_dtoffset_6"),CONVERT(varchar(800),"c_dtoffset") from [info_datetimeoffset_dml_batch2_pk_irp2]  order by  "id"
Y 行数相同,源16行,备16行
无主键表
YES! hash比对通过
[]
表 info_nchar_dml_batch1_pk_irp1 比对完成，耗时234.00毫秒
表 info_text_dml_single_nopk_irp 开始比对
[0;34m info_text_dml_single_nopk_irp [0m源备字段数相同，源端字段：3 	备端字段3
[0;31m NO! [0m 	 id列源备映射错误，源端为int None位	期望更改为text	实际备端为int None位

[0;32m YES! [0m 	 c_text列源备映射正确，源端为text 2147483647位	期望更改为text	实际备端为text 2147483647位
[0;31m NO! [0m 	 c_ntext列源备映射错误，源端为ntext 2147483646位	期望更改为text	实际备端为ntext 2147483646位
当前线程： ThreadPoolExecutor-9_1 正在获取： info_text_dml_single_nopk_irp 端内容
src:info_varbinary_dml_single_pk_urp列信息获取耗时: 47.00毫秒
select * from [info_varbinary_dml_single_pk_urp]  order by  "id"
src:info_text_dml_single_nopk_irp列信息获取耗时: 47.00毫秒
select "id",CONVERT(ntext,"c_text"),"c_ntext" from [info_text_dml_single_nopk_irp]
~ 空表
[]
表 info_int_dml_batch1_pk_drp1 比对完成，耗时250.00毫秒
表 info_nchar_dml_single_pk_drp 开始比对
[0;34m info_nchar_dml_single_pk_drp [0m源备字段数相同，源端字段：4 	备端字段4
[0;31m NO! [0m 	 id列源备映射错误，源端为int None位	期望更改为text	实际备端为int None位
[0;31m NO! [0m 	 c_nchar列源备映射错误，源端为nchar 2位	期望更改为text	实际备端为nchar 2位
[0;31m NO! [0m 	 c_nchar20列源备映射错误，源端为nchar 40位	期望更改为text	实际备端为nchar 40位
[0;31m NO! [0m 	 c_nchar3500列源备映射错误，源端为nchar 7000位	期望更改为text	实际备端为nchar 7000位
当前线程： ThreadPoolExecutor-9_3 正在获取： info_nchar_dml_single_pk_drp 端内容

src:info_nchar_dml_single_pk_drp列信息获取耗时: 47.00毫秒
select * from [info_nchar_dml_single_pk_drp]  order by  "id"
Y 行数相同,源38行,备38行
无主键表
YES! hash比对通过
[]
表 info_datetimeoffset_dml_batch2_pk_irp2 比对完成，耗时329.00毫秒
表 info_time_dml_batch1_pk_urp2 开始比对
[0;34m info_time_dml_batch1_pk_urp2 [0m源备字段数相同，源端字段：9 	备端字段9
[0;31m NO! [0m 	 id列源备映射错误，源端为int None位	期望更改为text	实际备端为int None位
[0;31m NO! [0m 	 c_time0列源备映射错误，源端为time None位	期望更改为text	实际备端为time None位
[0;31m NO! [0m 	 c_time1列源备映射错误，源端为time None位	期望更改为text	实际备端为time None位
[0;31m NO! [0m 	 c_time2列源备映射错误，源端为time None位	期望更改为text	实际备端为time None位
[0;31m NO! [0m 	 c_time3列源备映射错误，源端为time None位	期望更改为text	实际备端为time None位
[0;31m NO! [0m 	 c_time4列源备映射错误，源端为time None位	期望更改为text	实际备端为time None位
[0;31m NO! [0m 	 c_time5列源备映射错误，源端为time None位	期望更改为text	实际备端为time None位
[0;31m NO! [0m 	 c_time6列源备映射错误，源端为time None位	期望更改为text	实际备端为time None位
[0;31m NO! [0m 	 c_time列源备映射错误，源端为time None位	期望更改为text	实际备端为time None位
当前线程： ThreadPoolExecutor-9_0 正在获取： info_time_dml_batch1_pk_urp2 端内容
Y 行数相同,源5行,备5行

无主键表
YES! hash比对通过
[]
表 info_text_dml_single_nopk_irp 比对完成，耗时219.00毫秒
Y 行数相同,源5行,备5行
无主键表
表 info_varbinary_dml_single_pk_drp 开始比对
[0;34m info_varbinary_dml_single_pk_drp [0m源备字段数相同，源端字段：4 	备端字段4
[0;31m NO! [0m 	 id列源备映射错误，源端为int None位	期望更改为text	实际备端为int None位
[0;31m NO! [0m 	 c_varbinary列源备映射错误，源端为varbinary 1位	期望更改为text	实际备端为varbinary 1位
[0;31m NO! [0m 	 c_varbinary_100列源备映射错误，源端为varbinary 100位	期望更改为text	实际备端为varbinary 100位
[0;31m NO! [0m 	 c_varbinary_8000列源备映射错误，源端为varbinary 8000位	期望更改为text	实际备端为varbinary 8000位
当前线程： ThreadPoolExecutor-9_1 正在获取： info_varbinary_dml_single_pk_drp 端内容
YES! hash比对通过
[]
表 info_varbinary_dml_single_pk_urp 比对完成，耗时234.00毫秒
表 info_char_dml_batch1_pk_irp2 开始比对
[0;34m info_char_dml_batch1_pk_irp2 [0m源备字段数相同，源端字段：4 	备端字段4
[0;31m NO! [0m 	 id列源备映射错误，源端为int None位	期望更改为text	实际备端为int None位
[0;31m NO! [0m 	 c_char列源备映射错误，源端为char 1位	期望更改为text	实际备端为char 1位
[0;31m NO! [0m 	 c_char20列源备映射错误，源端为char 20位	期望更改为text	实际备端为char 20位

[0;31m NO! [0m 	 c_char8000列源备映射错误，源端为char 8000位	期望更改为text	实际备端为char 8000位
当前线程： ThreadPoolExecutor-9_2 正在获取： info_char_dml_batch1_pk_irp2 端内容
src:info_time_dml_batch1_pk_urp2列信息获取耗时: 46.00毫秒
select * from [info_time_dml_batch1_pk_urp2]  order by  "id"
src:info_varbinary_dml_single_pk_drp列信息获取耗时: 47.00毫秒
select * from [info_varbinary_dml_single_pk_drp]  order by  "id"
src:info_char_dml_batch1_pk_irp2列信息获取耗时: 47.00毫秒
select "id",CONVERT(nvarchar(max),"c_char"),CONVERT(nvarchar(max),"c_char20"),CONVERT(nvarchar(max),"c_char8000") from [info_char_dml_batch1_pk_irp2]  order by  "id"
Y 行数相同,源2行,备2行
无主键表
YES! hash比对通过
[]
表 info_nchar_dml_single_pk_drp 比对完成，耗时219.00毫秒
表 info_datetime_dml_batch1_pk_urp1 开始比对
[0;34m info_datetime_dml_batch1_pk_urp1 [0m源备字段数相同，源端字段：2 	备端字段2
[0;31m NO! [0m 	 id列源备映射错误，源端为int None位	期望更改为text	实际备端为int None位
[0;31m NO! [0m 	 c_datetime列源备映射错误，源端为datetime None位	期望更改为text	实际备端为datetime None位
当前线程： ThreadPoolExecutor-9_3 正在获取： info_datetime_dml_batch1_pk_urp1
 端内容
src:info_datetime_dml_batch1_pk_urp1列信息获取耗时: 47.00毫秒
select * from [info_datetime_dml_batch1_pk_urp1]  order by  "id"
Y 行数相同,源16行,备16行
无主键表
YES! hash比对通过

[]
表 info_time_dml_batch1_pk_urp2 比对完成，耗时250.00毫秒
表 info_varcharmax_dml_single_nopk 开始比对
[0;34m info_varcharmax_dml_single_nopk [0m源备字段数相同，源端字段：3 	备端字段3
[0;31m NO! [0m 	 id列源备映射错误，源端为int None位	期望更改为text	实际备端为int None位
[0;31m NO! [0m 	 c_varchar_max列源备映射错误，源端为varchar -1位	期望更改为text	实际备端为varchar -1位
[0;31m NO! [0m 	 c_nvarchar_max列源备映射错误，源端为nvarchar -1位	期望更改为text	实际备端为nvarchar -1位
当前线程： ThreadPoolExecutor-9_0 正在获取： info_varcharmax_dml_single_nopk 端内容
Y 行数相同,源2行,备2行
无主键表
YES! hash比对通过
[]
表 info_varbinary_dml_single_pk_drp 比对完成，耗时235.00毫秒
表 info_binary_dml_single_nopk 开始比对
[0;34m info_binary_dml_single_nopk [0m源备字段数相同，源端字段：4 	备端字段4
[0;31m NO! [0m 	 id列源备映射错误，源端为int None位	期望更改为text	实际备端为int None位
[0;31m NO! [0m 	 c_binary列源备映射错误，源端为binary 1位	期望更改为text	实际备端为binary 1位
[0;31m NO! [0m 	 c_binary_20列源备映射错误，源端为binary 20位	期望更改为text	实际备端为binary 20位
[0;31m NO! [0m 	 c_binary_8000列源备映射错误，源端为binary 8000位	期望更改为text	实际备端为binary 8000位
当前线程： ThreadPoolExecutor-9_1
 正在获取： info_binary_dml_single_nopk 端内容
src:info_varcharmax_dml_single_nopk列信息获取耗时: 31.00毫秒
select "id",CONVERT(nvarchar(max),"c_varchar_max"),"c_nvarchar_max" from [info_varcharmax_dml_single_nopk]
Y 行数相同,源24行,备24行
无主键表
YES! hash比对通过
[]
表 info_datetime_dml_batch1_pk_urp1 比对完成，耗时234.00毫秒
表 info_datetime2_dml_single_nopk 开始比对
[0;34m info_datetime2_dml_single_nopk [0m源备字段数相同，源端字段：9 	备端字段9
[0;31m NO! [0m 	 id列源备映射错误，源端为int None位	期望更改为text	实际备端为int None位
[0;31m NO! [0m 	 c_dt2_0列源备映射错误，源端为datetime2 None位	期望更改为text	实际备端为datetime2 None位
[0;31m NO! [0m 	 c_dt2_1列源备映射错误，源端为datetime2 None位	期望更改为text	实际备端为datetime2 None位
[0;31m NO! [0m 	 c_dt2_2列源备映射错误，源端为datetime2 None位	期望更改为text	实际备端为datetime2 None位
[0;31m NO! [0m 	 c_dt2_3列源备映射错误，源端为datetime2 None位	期望更改为text	实际备端为datetime2 None位
[0;31m NO! [0m 	 c_dt2_4列源备映射错误，源端为datetime2 None位	期望更改为text	实际备端为datetime2 None位
[0;31m NO! [0m 	 c_dt2_5列源备映射错误，源端为datetime2 None位	期望更改为text	实际备端为datetime2 None位
[0;31m NO! [0m 	 c_dt2_6列源备映射错误，源端为datetime2 None位	期望更改为text	实际备端为datetime2 None位
[0;31m NO! [0m 	 c_dt2列源备映射错误，源端为datetime2 None位	期望更改为text	实际备端为datetime2 None位
当前线程： ThreadPoolExecutor-9_3 正在获取： info_datetime2_dml_single_nopk
 端内容
src:info_binary_dml_single_nopk列信息获取耗时: 78.00毫秒
select * from [info_binary_dml_single_nopk]
src:info_datetime2_dml_single_nopk列信息获取耗时: 47.00毫秒
select * from [info_datetime2_dml_single_nopk]
Y 行数相同,源33行,备33行
无主键表
YES! hash比对通过
[]
表 info_char_dml_batch1_pk_irp2 比对完成，耗时360.00毫秒
表 info_varbinary_dml_single_nopk_irp 开始比对
[0;34m info_varbinary_dml_single_nopk_irp [0m源备字段数相同，源端字段：4 	备端字段4
[0;31m NO! [0m 	 id列源备映射错误，源端为int None位	期望更改为text	实际备端为int None位
[0;31m NO! [0m 	 c_varbinary列源备映射错误，源端为varbinary 1位	期望更改为text	实际备端为varbinary 1位
[0;31m NO! [0m 	 c_varbinary_100列源备映射错误，源端为varbinary 100位	期望更改为text	实际备端为varbinary 100位
[0;31m NO! [0m 	 c_varbinary_8000列源备映射错误，源端为varbinary 8000位	期望更改为text	实际备端为varbinary 8000位
当前线程： ThreadPoolExecutor-9_2 正在获取： info_varbinary_dml_single_nopk_irp 端内容
Y 行数相同,源3行,备3行
无主键表
YES! hash比对通过
[]

表 info_varcharmax_dml_single_nopk 比对完成，耗时140.00毫秒
表 info_date_dml_single_pk_irp 开始比对
[0;34m info_date_dml_single_pk_irp [0m源备字段数相同，源端字段：2 	备端字段2
[0;31m NO! [0m 	 id列源备映射错误，源端为int None位	期望更改为text	实际备端为int None位
[0;31m NO! [0m 	 c_date列源备映射错误，源端为date None位	期望更改为text	实际备端为date None位
当前线程： ThreadPoolExecutor-9_0 正在获取： info_date_dml_single_pk_irp 端内容
src:info_varbinary_dml_single_nopk_irp列信息获取耗时: 31.00毫秒
select * from [info_varbinary_dml_single_nopk_irp]
~ 空表
[]
表 info_binary_dml_single_nopk 比对完成，耗时171.00毫秒
表 info_datetime_dml_batch1_pk_urp2 开始比对
[0;34m info_datetime_dml_batch1_pk_urp2 [0m源备字段数相同，源端字段：2 	备端字段2
[0;31m NO! [0m 	 id列源备映射错误，源端为int None位	期望更改为text	实际备端为int None位
[0;31m NO! [0m 	 c_datetime列源备映射错误，源端为datetime None位	期望更改为text	实际备端为datetime None位
当前线程： ThreadPoolExecutor-9_1 正在获取： info_datetime_dml_batch1_pk_urp2 端内容
src:info_date_dml_single_pk_irp列信息获取耗时: 63.00毫秒

select * from [info_date_dml_single_pk_irp]  order by  "id"
Y 行数相同,源1行,备1行
无主键表
YES! hash比对通过
[]
表 info_datetime2_dml_single_nopk 比对完成，耗时141.00毫秒
表 info_varbinary_dml_single_nopk_urp 开始比对
[0;34m info_varbinary_dml_single_nopk_urp [0m源备字段数相同，源端字段：4 	备端字段4
[0;31m NO! [0m 	 id列源备映射错误，源端为int None位	期望更改为text	实际备端为int None位
[0;31m NO! [0m 	 c_varbinary列源备映射错误，源端为varbinary 1位	期望更改为text	实际备端为varbinary 1位
[0;31m NO! [0m 	 c_varbinary_100列源备映射错误，源端为varbinary 100位	期望更改为text	实际备端为varbinary 100位
[0;31m NO! [0m 	 c_varbinary_8000列源备映射错误，源端为varbinary 8000位	期望更改为text	实际备端为varbinary 8000位
当前线程： ThreadPoolExecutor-9_3 正在获取： info_varbinary_dml_single_nopk_urp 端内容
src:info_datetime_dml_batch1_pk_urp2列信息获取耗时: 47.00毫秒
select * from [info_datetime_dml_batch1_pk_urp2]  order by  "id"
src:info_varbinary_dml_single_nopk_urp列信息获取耗时: 32.00毫秒
select * from [info_varbinary_dml_single_nopk_urp]
~ 空表
[]
表 info_varbinary_dml_single_nopk_irp 比对完成，耗时140.00毫秒
表 info_nvarchar_dml_batch1_pk 开始比对

[0;34m info_nvarchar_dml_batch1_pk [0m源备字段数相同，源端字段：4 	备端字段4
[0;31m NO! [0m 	 id列源备映射错误，源端为int None位	期望更改为text	实际备端为int None位
[0;31m NO! [0m 	 c_nvarchar列源备映射错误，源端为nvarchar 2位	期望更改为text	实际备端为nvarchar 2位
[0;31m NO! [0m 	 c_nvarchar20列源备映射错误，源端为nvarchar 40位	期望更改为text	实际备端为nvarchar 40位
[0;31m NO! [0m 	 c_nvarchar3500列源备映射错误，源端为nchar 7000位	期望更改为text	实际备端为nchar 7000位
当前线程： ThreadPoolExecutor-9_2 正在获取： info_nvarchar_dml_batch1_pk 端内容
Y 行数相同,源11行,备11行
无主键表
YES! hash比对通过
[]
表 info_date_dml_single_pk_irp 比对完成，耗时156.00毫秒
表 info_text_dml_single_nopk_urp 开始比对
[0;34m info_text_dml_single_nopk_urp [0m源备字段数相同，源端字段：3 	备端字段3
[0;31m NO! [0m 	 id列源备映射错误，源端为int None位	期望更改为text	实际备端为int None位
[0;32m YES! [0m 	 c_text列源备映射正确，源端为text 2147483647位	期望更改为text	实际备端为text 2147483647位
[0;31m NO! [0m 	 c_ntext列源备映射错误，源端为ntext 2147483646位	期望更改为text	实际备端为ntext 2147483646位
当前线程： ThreadPoolExecutor-9_0 正在获取： info_text_dml_single_nopk_urp 端内容

src:info_nvarchar_dml_batch1_pk列信息获取耗时: 47.00毫秒
select * from [info_nvarchar_dml_batch1_pk]  order by  "id"
Y 行数相同,源24行,备24行
无主键表
YES! hash比对通过
[]
表 info_datetime_dml_batch1_pk_urp2 比对完成，耗时172.00毫秒
表 info_nchar_dml_batch1_pk_irp2 开始比对
[0;34m info_nchar_dml_batch1_pk_irp2 [0m源备字段数相同，源端字段：4 	备端字段4
[0;31m NO! [0m 	 id列源备映射错误，源端为int None位	期望更改为text	实际备端为int None位
[0;31m NO! [0m 	 c_nchar列源备映射错误，源端为nchar 2位	期望更改为text	实际备端为nchar 2位
[0;31m NO! [0m 	 c_nchar20列源备映射错误，源端为nchar 40位	期望更改为text	实际备端为nchar 40位
[0;31m NO! [0m 	 c_nchar3500列源备映射错误，源端为nchar 7000位	期望更改为text	实际备端为nchar 7000位
当前线程： ThreadPoolExecutor-9_1 正在获取： info_nchar_dml_batch1_pk_irp2 端内容
src:info_text_dml_single_nopk_urp列信息获取耗时: 47.00毫秒
select "id",CONVERT(ntext,"c_text"),"c_ntext" from [info_text_dml_single_nopk_urp]
~ 空表
[]
表 info_varbinary_dml_single_nopk_urp 比对完成，耗时141.00毫秒
表 info_datetime2_dml_single_pk_urp 开始比对
[0;34m info_datetime2_dml_single_pk_urp [0m源备字段数相同，源端字段：9 	备端字段9

[0;31m NO! [0m 	 id列源备映射错误，源端为int None位	期望更改为text	实际备端为int None位
[0;31m NO! [0m 	 c_dt2_0列源备映射错误，源端为datetime2 None位	期望更改为text	实际备端为datetime2 None位
[0;31m NO! [0m 	 c_dt2_1列源备映射错误，源端为datetime2 None位	期望更改为text	实际备端为datetime2 None位
[0;31m NO! [0m 	 c_dt2_2列源备映射错误，源端为datetime2 None位	期望更改为text	实际备端为datetime2 None位
[0;31m NO! [0m 	 c_dt2_3列源备映射错误，源端为datetime2 None位	期望更改为text	实际备端为datetime2 None位
[0;31m NO! [0m 	 c_dt2_4列源备映射错误，源端为datetime2 None位	期望更改为text	实际备端为datetime2 None位
[0;31m NO! [0m 	 c_dt2_5列源备映射错误，源端为datetime2 None位	期望更改为text	实际备端为datetime2 None位
[0;31m NO! [0m 	 c_dt2_6列源备映射错误，源端为datetime2 None位	期望更改为text	实际备端为datetime2 None位
[0;31m NO! [0m 	 c_dt2列源备映射错误，源端为datetime2 None位	期望更改为text	实际备端为datetime2 None位
当前线程： ThreadPoolExecutor-9_3 正在获取： info_datetime2_dml_single_pk_urp 端内容
src:info_nchar_dml_batch1_pk_irp2列信息获取耗时: 47.00毫秒
select * from [info_nchar_dml_batch1_pk_irp2]  order by  "id"
src:info_datetime2_dml_single_pk_urp列信息获取耗时: 31.00毫秒
select * from [info_datetime2_dml_single_pk_urp]  order by  "id"
Y 行数相同,源2行,备2行
无主键表
YES! hash比对通过
[]
表 info_nvarchar_dml_batch1_pk 比对完成，耗时156.00毫秒
表 info_varbinary_dml_single_nopk_drp 开始比对
[0;34m info_varbinary_dml_single_nopk_drp [0m源备字段数相同，源端字段：4 	备端字段4

[0;31m NO! [0m 	 id列源备映射错误，源端为int None位	期望更改为text	实际备端为int None位
[0;31m NO! [0m 	 c_varbinary列源备映射错误，源端为varbinary 1位	期望更改为text	实际备端为varbinary 1位
[0;31m NO! [0m 	 c_varbinary_100列源备映射错误，源端为varbinary 100位	期望更改为text	实际备端为varbinary 100位
[0;31m NO! [0m 	 c_varbinary_8000列源备映射错误，源端为varbinary 8000位	期望更改为text	实际备端为varbinary 8000位
当前线程： ThreadPoolExecutor-9_2 正在获取： info_varbinary_dml_single_nopk_drp 端内容
Y 行数相同,源4行,备4行
无主键表
YES! hash比对通过
[]
表 info_text_dml_single_nopk_urp 比对完成，耗时172.00毫秒
表 info_datetimeoffset_dml_batch1_pk_urp1 开始比对
[0;34m info_datetimeoffset_dml_batch1_pk_urp1 [0m源备字段数相同，源端字段：9 	备端字段9
[0;31m NO! [0m 	 id列源备映射错误，源端为int None位	期望更改为text	实际备端为int None位
[0;31m NO! [0m 	 c_dtoffset_0列源备映射错误，源端为datetimeoffset None位	期望更改为text	实际备端为datetimeoffset None位
[0;31m NO! [0m 	 c_dtoffset_1列源备映射错误，源端为datetimeoffset None位	期望更改为text	实际备端为datetimeoffset None位
[0;31m NO! [0m 	 c_dtoffset_2列源备映射错误，源端为datetimeoffset None位	期望更改为text	实际备端为datetimeoffset None位
[0;31m NO! [0m 	 c_dtoffset_3列源备映射错误，源端为datetimeoffset None位	期望更改为text	实际备端为datetimeoffset None位
[0;31m NO! [0m 	 c_dtoffset_4列源备映射错误，源端为datetimeoffset None位	期望更改为text	实际备端为datetimeoffset None位
[0;31m NO! [0m 	 c_dtoffset_5列源备映射错误，源端为datetimeoffset None位	期望更改为text	实际备端为datetimeoffset None位
[0;31m NO! [0m 	 c_dtoffset_6列源备映射错误，源端为datetimeoffset None位	期望更改为text	实际备端为datetimeoffset None位
[0;31m NO! [0m 	 c_dtoffset列源备映射错误，源端为datetimeoffset None位	期望更改为text	实际备端为datetimeoffset None位

当前线程： ThreadPoolExecutor-9_0 正在获取： info_datetimeoffset_dml_batch1_pk_urp1 端内容
src:info_varbinary_dml_single_nopk_drp列信息获取耗时: 47.00毫秒
select * from [info_varbinary_dml_single_nopk_drp]
src:info_datetimeoffset_dml_batch1_pk_urp1列信息获取耗时: 47.00毫秒
select "id",CONVERT(varchar(800),"c_dtoffset_0"),CONVERT(varchar(800),"c_dtoffset_1"),CONVERT(varchar(800),"c_dtoffset_2"),CONVERT(varchar(800),"c_dtoffset_3"),CONVERT(varchar(800),"c_dtoffset_4"),CONVERT(varchar(800),"c_dtoffset_5"),CONVERT(varchar(800),"c_dtoffset_6"),CONVERT(varchar(800),"c_dtoffset") from [info_datetimeoffset_dml_batch1_pk_urp1]  order by  "id"
Y 行数相同,源30行,备30行
无主键表
YES! hash比对通过
[]
表 info_nchar_dml_batch1_pk_irp2 比对完成，耗时188.00毫秒
表 info_text_dml_single_nopk_drp 开始比对
[0;34m info_text_dml_single_nopk_drp [0m源备字段数相同，源端字段：3 	备端字段3
[0;31m NO! [0m 	 id列源备映射错误，源端为int None位	期望更改为text	实际备端为int None位
[0;32m YES! [0m 	 c_text列源备映射正确，源端为text 2147483647位	期望更改为text	实际备端为text 2147483647位
[0;31m NO! [0m 	 c_ntext列源备映射错误，源端为ntext 2147483646位	期望更改为text	实际备端为ntext 2147483646位
当前线程： ThreadPoolExecutor-9_1 正在获取： info_text_dml_single_nopk_drp 端内容
Y 行数相同,源7行,备7行

无主键表
YES! hash比对通过
[]
表 info_datetime2_dml_single_pk_urp 比对完成，耗时187.00毫秒
表 info_int_dml_batch1_pk_drp2 开始比对
[0;34m info_int_dml_batch1_pk_drp2 [0m源备字段数相同，源端字段：20 	备端字段20
[0;31m NO! [0m 	 id列源备映射错误，源端为int None位	期望更改为text	实际备端为int None位
[0;31m NO! [0m 	 c_tinyint列源备映射错误，源端为tinyint None位	期望更改为text	实际备端为tinyint None位
[0;31m NO! [0m 	 c_smallint列源备映射错误，源端为smallint None位	期望更改为text	实际备端为smallint None位
[0;31m NO! [0m 	 c_int列源备映射错误，源端为int None位	期望更改为text	实际备端为int None位
[0;31m NO! [0m 	 c_bigint列源备映射错误，源端为bigint None位	期望更改为text	实际备端为bigint None位
[0;31m NO! [0m 	 c_decimal列源备映射错误，源端为decimal None位	期望更改为text	实际备端为decimal None位
[0;31m NO! [0m 	 c_decimal38列源备映射错误，源端为decimal None位	期望更改为text	实际备端为decimal None位
[0;31m NO! [0m 	 c_decimal38_38列源备映射错误，源端为decimal None位	期望更改为text	实际备端为decimal None位
[0;31m NO! [0m 	 c_decimal38_10列源备映射错误，源端为decimal None位	期望更改为text	实际备端为decimal None位
[0;31m NO! [0m 	 c_decimal19_4列源备映射错误，源端为decimal None位	期望更改为text	实际备端为decimal None位
[0;31m NO! [0m 	 c_numeric列源备映射错误，源端为numeric None位	期望更改为text	实际备端为numeric None位
[0;31m NO! [0m 	 c_numeric38列源备映射错误，源端为numeric None位	期望更改为text	实际备端为numeric None位
[0;31m NO! [0m 	 c_numeric38_38列源备映射错误，源端为numeric None位	期望更改为text	实际备端为numeric None位
[0;31m NO! [0m 	 c_numeric38_10列源备映射错误，源端为numeric None位	期望更改为text	实际备端为numeric None位
[0;31m NO! [0m 	 c_numeric18_2列源备映射错误，源端为numeric None位	期望更改为text	实际备端为numeric None位
[0;31m NO! [0m 	 c_float列源备映射错误，源端为float None位	期望更改为text	实际备端为float None位
[0;31m NO! [0m 	 c_real列源备映射错误，源端为real None位	期望更改为text	实际备端为real None位
[0;31m NO! [0m 	 c_money列源备映射错误，源端为money None位	期望更改为text	实际备端为money None位
[0;31m NO! [0m 	 c_smallmoney列源备映射错误，源端为smallmoney None位	期望更改为text	实际备端为smallmoney None位

[0;31m NO! [0m 	 c_bit列源备映射错误，源端为bit None位	期望更改为text	实际备端为bit None位
当前线程： ThreadPoolExecutor-9_3 正在获取： info_int_dml_batch1_pk_drp2 端内容
src:info_text_dml_single_nopk_drp列信息获取耗时: 47.00毫秒
select "id",CONVERT(ntext,"c_text"),"c_ntext" from [info_text_dml_single_nopk_drp]
~ 空表
[]
表 info_varbinary_dml_single_nopk_drp 比对完成，耗时157.00毫秒
表 info_varbinary_dml_single_nopk 开始比对
[0;34m info_varbinary_dml_single_nopk [0m源备字段数相同，源端字段：4 	备端字段4
[0;31m NO! [0m 	 id列源备映射错误，源端为int None位	期望更改为text	实际备端为int None位
[0;31m NO! [0m 	 c_varbinary列源备映射错误，源端为varbinary 1位	期望更改为text	实际备端为varbinary 1位
[0;31m NO! [0m 	 c_varbinary_100列源备映射错误，源端为varbinary 20位	期望更改为text	实际备端为varbinary 20位
[0;31m NO! [0m 	 c_varbinary_8000列源备映射错误，源端为varbinary 8000位	期望更改为text	实际备端为varbinary 8000位
当前线程： ThreadPoolExecutor-9_2 正在获取： info_varbinary_dml_single_nopk 端内容
src:info_int_dml_batch1_pk_drp2列信息获取耗时: 31.00毫秒
select "id","c_tinyint","c_smallint","c_int",convert(decimal(38,0),c_bigint),"c_decimal","c_decimal38","c_decimal38_38","c_decimal38_10","c_decimal19_4","c_numeric","c_numeric38","c_numeric38_38","c_numeric38_10","c_numeric18_2",CONVERT(nvarchar(max),"c_float"),CONVERT(nvarchar(max),"c_real"),"c_money","c_smallmoney","c_bit" from [info_int_dml_batch1_pk_drp2]  order by  "id"
src:info_varbinary_dml_single_nopk列信息获取耗时: 32.00毫秒

select * from [info_varbinary_dml_single_nopk]
Y 行数相同,源13行,备13行
无主键表
YES! hash比对通过
[]
表 info_datetimeoffset_dml_batch1_pk_urp1 比对完成，耗时188.00毫秒
表 info_binary_dml_batch1_pk_irp1 开始比对
[0;34m info_binary_dml_batch1_pk_irp1 [0m源备字段数相同，源端字段：4 	备端字段4
[0;31m NO! [0m 	 id列源备映射错误，源端为int None位	期望更改为text	实际备端为int None位
[0;31m NO! [0m 	 c_binary列源备映射错误，源端为binary 1位	期望更改为text	实际备端为binary 1位
[0;31m NO! [0m 	 c_binary_20列源备映射错误，源端为binary 20位	期望更改为text	实际备端为binary 20位
[0;31m NO! [0m 	 c_binary_8000列源备映射错误，源端为binary 8000位	期望更改为text	实际备端为binary 8000位
当前线程： ThreadPoolExecutor-9_0 正在获取： info_binary_dml_batch1_pk_irp1 端内容
Y 行数相同,源3行,备3行
无主键表
YES! hash比对通过
[]
表 info_text_dml_single_nopk_drp 比对完成，耗时156.00毫秒
表 info_nchar_dml_single_pk 开始比对
[0;34m info_nchar_dml_single_pk [0m源备字段数相同，源端字段：4 	备端字段4
[0;31m NO! [0m 	 id列源备映射错误，源端为int None位	期望更改为text	实际备端为int None位

[0;31m NO! [0m 	 c_nchar列源备映射错误，源端为nchar 2位	期望更改为text	实际备端为nchar 2位
[0;31m NO! [0m 	 c_nchar20列源备映射错误，源端为nchar 40位	期望更改为text	实际备端为nchar 40位
[0;31m NO! [0m 	 c_nchar3500列源备映射错误，源端为nchar 7000位	期望更改为text	实际备端为nchar 7000位
当前线程： ThreadPoolExecutor-9_1 正在获取： info_nchar_dml_single_pk 端内容
src:info_binary_dml_batch1_pk_irp1列信息获取耗时: 31.00毫秒
select * from [info_binary_dml_batch1_pk_irp1]  order by  "id"
Y 行数相同,源11行,备11行
无主键表
YES! hash比对通过
[]
表 info_int_dml_batch1_pk_drp2 比对完成，耗时188.00毫秒
表 info_time_dml_batch1_pk_drp1 开始比对
[0;34m info_time_dml_batch1_pk_drp1 [0m源备字段数相同，源端字段：9 	备端字段9
[0;31m NO! [0m 	 id列源备映射错误，源端为int None位	期望更改为text	实际备端为int None位
[0;31m NO! [0m 	 c_time0列源备映射错误，源端为time None位	期望更改为text	实际备端为time None位
[0;31m NO! [0m 	 c_time1列源备映射错误，源端为time None位	期望更改为text	实际备端为time None位
[0;31m NO! [0m 	 c_time2列源备映射错误，源端为time None位	期望更改为text	实际备端为time None位
[0;31m NO! [0m 	 c_time3列源备映射错误，源端为time None位	期望更改为text	实际备端为time None位
[0;31m NO! [0m 	 c_time4列源备映射错误，源端为time None位	期望更改为text	实际备端为time None位
[0;31m NO! [0m 	 c_time5列源备映射错误，源端为time None位	期望更改为text	实际备端为time None位
[0;31m NO! [0m 	 c_time6列源备映射错误，源端为time None位	期望更改为text	实际备端为time None位

[0;31m NO! [0m 	 c_time列源备映射错误，源端为time None位	期望更改为text	实际备端为time None位
当前线程： ThreadPoolExecutor-9_3 正在获取： info_time_dml_batch1_pk_drp1 端内容
src:info_nchar_dml_single_pk列信息获取耗时: 47.00毫秒
select * from [info_nchar_dml_single_pk]  order by  "id"
~ 空表
[]
表 info_varbinary_dml_single_nopk 比对完成，耗时172.00毫秒
表 info_datetime2_dml_single_pk_drp 开始比对
[0;34m info_datetime2_dml_single_pk_drp [0m源备字段数相同，源端字段：9 	备端字段9
[0;31m NO! [0m 	 id列源备映射错误，源端为int None位	期望更改为text	实际备端为int None位
[0;31m NO! [0m 	 c_dt2_0列源备映射错误，源端为datetime2 None位	期望更改为text	实际备端为datetime2 None位
[0;31m NO! [0m 	 c_dt2_1列源备映射错误，源端为datetime2 None位	期望更改为text	实际备端为datetime2 None位
[0;31m NO! [0m 	 c_dt2_2列源备映射错误，源端为datetime2 None位	期望更改为text	实际备端为datetime2 None位
[0;31m NO! [0m 	 c_dt2_3列源备映射错误，源端为datetime2 None位	期望更改为text	实际备端为datetime2 None位
[0;31m NO! [0m 	 c_dt2_4列源备映射错误，源端为datetime2 None位	期望更改为text	实际备端为datetime2 None位
[0;31m NO! [0m 	 c_dt2_5列源备映射错误，源端为datetime2 None位	期望更改为text	实际备端为datetime2 None位
[0;31m NO! [0m 	 c_dt2_6列源备映射错误，源端为datetime2 None位	期望更改为text	实际备端为datetime2 None位
[0;31m NO! [0m 	 c_dt2列源备映射错误，源端为datetime2 None位	期望更改为text	实际备端为datetime2 None位
当前线程： ThreadPoolExecutor-9_2 正在获取：
 info_datetime2_dml_single_pk_drp 端内容
src:info_time_dml_batch1_pk_drp1列信息获取耗时: 47.00毫秒
select * from [info_time_dml_batch1_pk_drp1]  order by  "id"
src:info_datetime2_dml_single_pk_drp列信息获取耗时: 46.00毫秒
select * from [info_datetime2_dml_single_pk_drp]  order by  "id"
Y 行数相同,源10行,备10行
无主键表
YES! hash比对通过
[]
表 info_binary_dml_batch1_pk_irp1 比对完成，耗时187.00毫秒
表 info_datetimeoffset_dml_single_nopk_irp 开始比对
[0;34m info_datetimeoffset_dml_single_nopk_irp [0m源备字段数相同，源端字段：9 	备端字段9
[0;31m NO! [0m 	 id列源备映射错误，源端为int None位	期望更改为text	实际备端为int None位
[0;31m NO! [0m 	 c_dtoffset_0列源备映射错误，源端为datetimeoffset None位	期望更改为text	实际备端为datetimeoffset None位
[0;31m NO! [0m 	 c_dtoffset_1列源备映射错误，源端为datetimeoffset None位	期望更改为text	实际备端为datetimeoffset None位
[0;31m NO! [0m 	 c_dtoffset_2列源备映射错误，源端为datetimeoffset None位	期望更改为text	实际备端为datetimeoffset None位
[0;31m NO! [0m 	 c_dtoffset_3列源备映射错误，源端为datetimeoffset None位	期望更改为text	实际备端为datetimeoffset None位
[0;31m NO! [0m 	 c_dtoffset_4列源备映射错误，源端为datetimeoffset None位	期望更改为text	实际备端为datetimeoffset None位
[0;31m NO! [0m 	 c_dtoffset_5列源备映射错误，源端为datetimeoffset None位	期望更改为text	实际备端为datetimeoffset None位
[0;31m NO! [0m 	 c_dtoffset_6列源备映射错误，源端为datetimeoffset None位	期望更改为text	实际备端为datetimeoffset None位
[0;31m NO! [0m 	 c_dtoffset列源备映射错误，源端为datetimeoffset None位	期望更改为text	实际备端为datetimeoffset None位
当前线程： ThreadPoolExecutor-9_0 正在获取：
 info_datetimeoffset_dml_single_nopk_irp 端内容
Y 行数相同,源2行,备2行
无主键表
YES! hash比对通过
[]
表 info_nchar_dml_single_pk 比对完成，耗时188.00毫秒
表 info_char_dml_batch2_pk_irp1 开始比对
[0;34m info_char_dml_batch2_pk_irp1 [0m源备字段数相同，源端字段：4 	备端字段4
[0;31m NO! [0m 	 id列源备映射错误，源端为int None位	期望更改为text	实际备端为int None位
[0;31m NO! [0m 	 c_char列源备映射错误，源端为char 1位	期望更改为text	实际备端为char 1位
[0;31m NO! [0m 	 c_char20列源备映射错误，源端为char 20位	期望更改为text	实际备端为char 20位
[0;31m NO! [0m 	 c_char8000列源备映射错误，源端为char 8000位	期望更改为text	实际备端为char 8000位
当前线程： ThreadPoolExecutor-9_1 正在获取： info_char_dml_batch2_pk_irp1 端内容
src:info_datetimeoffset_dml_single_nopk_irp列信息获取耗时: 31.00毫秒
select "id",CONVERT(varchar(800),"c_dtoffset_0"),CONVERT(varchar(800),"c_dtoffset_1"),CONVERT(varchar(800),"c_dtoffset_2"),CONVERT(varchar(800),"c_dtoffset_3"),CONVERT(varchar(800),"c_dtoffset_4"),CONVERT(varchar(800),"c_dtoffset_5"),CONVERT(varchar(800),"c_dtoffset_6"),CONVERT(varchar(800),"c_dtoffset") from [info_datetimeoffset_dml_single_nopk_irp]
~ 空表
[]
表 info_time_dml_batch1_pk_drp1 比对完成，耗时172.00毫秒
表 info_varcharmax_dml_batch1_pk_irp1 开始比对
[0;34m info_varcharmax_dml_batch1_pk_irp1 [0m源备字段数相同，源端字段：3 	备端字段3

[0;31m NO! [0m 	 id列源备映射错误，源端为int None位	期望更改为text	实际备端为int None位
[0;31m NO! [0m 	 c_varchar_max列源备映射错误，源端为varchar -1位	期望更改为text	实际备端为varchar -1位
[0;31m NO! [0m 	 c_nvarchar_max列源备映射错误，源端为nvarchar -1位	期望更改为text	实际备端为nvarchar -1位
当前线程： ThreadPoolExecutor-9_3 正在获取： info_varcharmax_dml_batch1_pk_irp1 端内容
src:info_char_dml_batch2_pk_irp1列信息获取耗时: 46.00毫秒
select "id",CONVERT(nvarchar(max),"c_char"),CONVERT(nvarchar(max),"c_char20"),CONVERT(nvarchar(max),"c_char8000") from [info_char_dml_batch2_pk_irp1]  order by  "id"
Y 行数相同,源2行,备2行
无主键表
YES! hash比对通过
[]
表 info_datetime2_dml_single_pk_drp 比对完成，耗时187.00毫秒
表 info_hierarchyid_dml_single_pk_irp 开始比对
[0;34m info_hierarchyid_dml_single_pk_irp [0m源备字段数相同，源端字段：2 	备端字段2
[0;31m NO! [0m 	 id列源备映射错误，源端为int None位	期望更改为text	实际备端为int None位
[0;31m NO! [0m 	 c_hierarchyid列源备映射错误，源端为hierarchyid 892位	期望更改为text	实际备端为hierarchyid 892位
当前线程： ThreadPoolExecutor-9_2 正在获取： info_hierarchyid_dml_single_pk_irp 端内容
src:info_varcharmax_dml_batch1_pk_irp1列信息获取耗时: 47.00毫秒

select "id",CONVERT(nvarchar(max),"c_varchar_max"),"c_nvarchar_max" from [info_varcharmax_dml_batch1_pk_irp1]  order by  "id"
src:info_hierarchyid_dml_single_pk_irp列信息获取耗时: 47.00毫秒
select "id",cast("c_hierarchyid" as nvarchar(max)) from [info_hierarchyid_dml_single_pk_irp]  order by  "id"
Y 行数相同,源13行,备13行
无主键表
YES! hash比对通过

[]
表 info_datetimeoffset_dml_single_nopk_irp 比对完成，耗时266.00毫秒
~ 空表
[]
表 info_varcharmax_dml_batch1_pk_irp1 比对完成，耗时234.00毫秒
表 info_nvarchar_dml_single_pk_irp 开始比对
[0;34m info_nvarchar_dml_single_pk_irp [0m源备字段数相同，源端字段：4 	备端字段4
[0;31m NO! [0m 	 id列源备映射错误，源端为int None位	期望更改为text	实际备端为int None位
[0;31m NO! [0m 	 c_nvarchar列源备映射错误，源端为nvarchar 2位	期望更改为text	实际备端为nvarchar 2位
[0;31m NO! [0m 	 c_nvarchar20列源备映射错误，源端为nvarchar 40位	期望更改为text	实际备端为nvarchar 40位
[0;31m NO! [0m 	 c_nvarchar4000列源备映射错误，源端为nvarchar 8000位	期望更改为text	实际备端为nvarchar 8000位
当前线程： ThreadPoolExecutor-9_3 正在获取： info_nvarchar_dml_single_pk_irp 端内容
表 info_date_dml_single_pk_urp 开始比对
[0;34m info_date_dml_single_pk_urp [0m源备字段数相同，源端字段：2 	备端字段2
[0;31m NO! [0m 	 id列源备映射错误，源端为int None位	期望更改为text	实际备端为int None位
[0;31m NO! [0m 	 c_date列源备映射错误，源端为date None位	期望更改为text	实际备端为date None位
当前线程： ThreadPoolExecutor-9_0 正在获取： info_date_dml_single_pk_urp 端内容

Y 行数相同,源9行,备9行
无主键表
YES! hash比对通过
[]
表 info_char_dml_batch2_pk_irp1 比对完成，耗时281.00毫秒
表 info_char_dml_batch2_pk_irp2 开始比对
[0;34m info_char_dml_batch2_pk_irp2 [0m源备字段数相同，源端字段：4 	备端字段4
[0;31m NO! [0m 	 id列源备映射错误，源端为int None位	期望更改为text	实际备端为int None位
[0;31m NO! [0m 	 c_char列源备映射错误，源端为char 1位	期望更改为text	实际备端为char 1位
[0;31m NO! [0m 	 c_char20列源备映射错误，源端为char 20位	期望更改为text	实际备端为char 20位
[0;31m NO! [0m 	 c_char8000列源备映射错误，源端为char 8000位	期望更改为text	实际备端为char 8000位
当前线程： ThreadPoolExecutor-9_1 正在获取： info_char_dml_batch2_pk_irp2 端内容
src:info_date_dml_single_pk_urp列信息获取耗时: 31.00毫秒
select * from [info_date_dml_single_pk_urp]  order by  "id"
src:info_nvarchar_dml_single_pk_irp列信息获取耗时: 47.00毫秒
select * from [info_nvarchar_dml_single_pk_irp]  order by  "id"
src:info_char_dml_batch2_pk_irp2列信息获取耗时: 47.00毫秒
select "id",CONVERT(nvarchar(max),"c_char"),CONVERT(nvarchar(max),"c_char20"),CONVERT(nvarchar(max),"c_char8000") from [info_char_dml_batch2_pk_irp2]  order by  "id"
Y 行数相同,源8行,备8行
无主键表
NO! hash比对存在4行差异

[(('tgt', ['2', '']), None, '090d8bcb2d9d15c11e38e2091bef3450'), (('tgt', ['5', '']), None, '82374ec1090b34777f1263e34f705522'), (('src', ['2', '/']), '1863203c3dc3eb634853d840e8a83eec', None), (('src', ['5', '/']), 'f1cad2934f3b4af849d5e55b081255f8', None)]
表 info_hierarchyid_dml_single_pk_irp 比对完成，耗时281.00毫秒
表 info_varbinary_max_dml_single_nopk_irp 开始比对
[0;34m info_varbinary_max_dml_single_nopk_irp [0m源备字段数相同，源端字段：4 	备端字段4
[0;31m NO! [0m 	 id列源备映射错误，源端为int None位	期望更改为text	实际备端为int None位
[0;31m NO! [0m 	 c_varbinary_max1列源备映射错误，源端为varbinary -1位	期望更改为text	实际备端为varbinary -1位
[0;31m NO! [0m 	 c_varbinary_max2列源备映射错误，源端为varbinary -1位	期望更改为text	实际备端为varbinary -1位
[0;31m NO! [0m 	 c_image3列源备映射错误，源端为image 2147483647位	期望更改为text	实际备端为image 2147483647位
当前线程： ThreadPoolExecutor-9_2 正在获取： info_varbinary_max_dml_single_nopk_irp 端内容
src:info_varbinary_max_dml_single_nopk_irp列信息获取耗时: 47.00毫秒
select * from [info_varbinary_max_dml_single_nopk_irp]
Y 行数相同,源9行,备9行
无主键表
YES! hash比对通过
[]
表 info_date_dml_single_pk_urp 比对完成，耗时156.00毫秒
表 info_nchar_dml_batch2_pk_irp1 开始比对
[0;34m info_nchar_dml_batch2_pk_irp1 [0m源备字段数相同，源端字段：4 	备端字段4
[0;31m NO! [0m 	 id列源备映射错误，源端为int None位	期望更改为text	实际备端为int None位
[0;31m NO! [0m 	 c_nchar列源备映射错误，源端为nchar 2位	期望更改为text	实际备端为nchar 2位
[0;31m NO! [0m 	 c_nchar20列源备映射错误，源端为nchar 40位	期望更改为text	实际备端为nchar 40位

[0;31m NO! [0m 	 c_nchar3500列源备映射错误，源端为nchar 7000位	期望更改为text	实际备端为nchar 7000位
当前线程： ThreadPoolExecutor-9_0 正在获取： info_nchar_dml_batch2_pk_irp1 端内容
Y 行数相同,源16行,备16行
无主键表
YES! hash比对通过
[]
表 info_nvarchar_dml_single_pk_irp 比对完成，耗时203.00毫秒
表 info_geography_dml_single_nopk_irp 开始比对
[0;34m info_geography_dml_single_nopk_irp [0m源备字段数相同，源端字段：2 	备端字段2
[0;31m NO! [0m 	 id列源备映射错误，源端为int None位	期望更改为text	实际备端为int None位
[0;31m NO! [0m 	 c_geography列源备映射错误，源端为geography -1位	期望更改为text	实际备端为geography -1位
当前线程： ThreadPoolExecutor-9_3 正在获取： info_geography_dml_single_nopk_irp 端内容
src:info_nchar_dml_batch2_pk_irp1列信息获取耗时: 47.00毫秒
select * from [info_nchar_dml_batch2_pk_irp1]  order by  "id"
Y 行数相同,源14行,备14行
无主键表
YES! hash比对通过

[]
表 info_char_dml_batch2_pk_irp2 比对完成，耗时219.00毫秒
表 info_int_dml_batch1_pk 开始比对
[0;34m info_int_dml_batch1_pk [0m源备字段数相同，源端字段：20 	备端字段20
[0;31m NO! [0m 	 id列源备映射错误，源端为int None位	期望更改为text	实际备端为int None位
[0;31m NO! [0m 	 c_tinyint列源备映射错误，源端为tinyint None位	期望更改为text	实际备端为tinyint None位
[0;31m NO! [0m 	 c_smallint列源备映射错误，源端为smallint None位	期望更改为text	实际备端为smallint None位
[0;31m NO! [0m 	 c_int列源备映射错误，源端为int None位	期望更改为text	实际备端为int None位
[0;31m NO! [0m 	 c_bigint列源备映射错误，源端为bigint None位	期望更改为text	实际备端为bigint None位
[0;31m NO! [0m 	 c_decimal列源备映射错误，源端为decimal None位	期望更改为text	实际备端为decimal None位
[0;31m NO! [0m 	 c_decimal38列源备映射错误，源端为decimal None位	期望更改为text	实际备端为decimal None位
[0;31m NO! [0m 	 c_decimal38_38列源备映射错误，源端为decimal None位	期望更改为text	实际备端为decimal None位
[0;31m NO! [0m 	 c_decimal38_10列源备映射错误，源端为decimal None位	期望更改为text	实际备端为decimal None位
[0;31m NO! [0m 	 c_decimal19_4列源备映射错误，源端为decimal None位	期望更改为text	实际备端为decimal None位
[0;31m NO! [0m 	 c_numeric列源备映射错误，源端为numeric None位	期望更改为text	实际备端为numeric None位
[0;31m NO! [0m 	 c_numeric38列源备映射错误，源端为numeric None位	期望更改为text	实际备端为numeric None位
[0;31m NO! [0m 	 c_numeric38_38列源备映射错误，源端为numeric None位	期望更改为text	实际备端为numeric None位
[0;31m NO! [0m 	 c_numeric38_10列源备映射错误，源端为numeric None位	期望更改为text	实际备端为numeric None位
[0;31m NO! [0m 	 c_numeric18_2列源备映射错误，源端为numeric None位	期望更改为text	实际备端为numeric None位
[0;31m NO! [0m 	 c_float列源备映射错误，源端为float None位	期望更改为text	实际备端为float None位
[0;31m NO! [0m 	 c_real列源备映射错误，源端为real None位	期望更改为text	实际备端为real None位
[0;31m NO! [0m 	 c_money列源备映射错误，源端为money None位	期望更改为text	实际备端为money None位
[0;31m NO! [0m 	 c_smallmoney列源备映射错误，源端为smallmoney None位	期望更改为text	实际备端为smallmoney None位
[0;31m NO! [0m 	 c_bit列源备映射错误，源端为bit None位	期望更改为text	实际备端为bit None位
当前线程：
 ThreadPoolExecutor-9_1 正在获取： info_int_dml_batch1_pk 端内容
src:info_geography_dml_single_nopk_irp列信息获取耗时: 47.00毫秒
select "id","c_geography".STAsText() from [info_geography_dml_single_nopk_irp]
~ 空表
[]
表 info_varbinary_max_dml_single_nopk_irp 比对完成，耗时172.00毫秒
表 info_datetimeoffset_dml_single_nopk_urp 开始比对
[0;34m info_datetimeoffset_dml_single_nopk_urp [0m源备字段数相同，源端字段：9 	备端字段9
[0;31m NO! [0m 	 id列源备映射错误，源端为int None位	期望更改为text	实际备端为int None位
[0;31m NO! [0m 	 c_dtoffset_0列源备映射错误，源端为datetimeoffset None位	期望更改为text	实际备端为datetimeoffset None位
[0;31m NO! [0m 	 c_dtoffset_1列源备映射错误，源端为datetimeoffset None位	期望更改为text	实际备端为datetimeoffset None位
[0;31m NO! [0m 	 c_dtoffset_2列源备映射错误，源端为datetimeoffset None位	期望更改为text	实际备端为datetimeoffset None位
[0;31m NO! [0m 	 c_dtoffset_3列源备映射错误，源端为datetimeoffset None位	期望更改为text	实际备端为datetimeoffset None位
[0;31m NO! [0m 	 c_dtoffset_4列源备映射错误，源端为datetimeoffset None位	期望更改为text	实际备端为datetimeoffset None位
[0;31m NO! [0m 	 c_dtoffset_5列源备映射错误，源端为datetimeoffset None位	期望更改为text	实际备端为datetimeoffset None位
[0;31m NO! [0m 	 c_dtoffset_6列源备映射错误，源端为datetimeoffset None位	期望更改为text	实际备端为datetimeoffset None位
[0;31m NO! [0m 	 c_dtoffset列源备映射错误，源端为datetimeoffset None位	期望更改为text	实际备端为datetimeoffset None位
当前线程： ThreadPoolExecutor-9_2 正在获取： info_datetimeoffset_dml_single_nopk_urp 端内容

src:info_int_dml_batch1_pk列信息获取耗时: 31.00毫秒
select "id","c_tinyint","c_smallint","c_int",convert(decimal(38,0),c_bigint),"c_decimal","c_decimal38","c_decimal38_38","c_decimal38_10","c_decimal19_4","c_numeric","c_numeric38","c_numeric38_38","c_numeric38_10","c_numeric18_2",CONVERT(nvarchar(max),"c_float"),CONVERT(nvarchar(max),"c_real"),"c_money","c_smallmoney","c_bit" from [info_int_dml_batch1_pk]  order by  "id"
src:info_datetimeoffset_dml_single_nopk_urp列信息获取耗时: 31.00毫秒
select "id",CONVERT(varchar(800),"c_dtoffset_0"),CONVERT(varchar(800),"c_dtoffset_1"),CONVERT(varchar(800),"c_dtoffset_2"),CONVERT(varchar(800),"c_dtoffset_3"),CONVERT(varchar(800),"c_dtoffset_4"),CONVERT(varchar(800),"c_dtoffset_5"),CONVERT(varchar(800),"c_dtoffset_6"),CONVERT(varchar(800),"c_dtoffset") from [info_datetimeoffset_dml_single_nopk_urp]
Y 行数相同,源8行,备8行
无主键表
YES! hash比对通过
[]
表 info_nchar_dml_batch2_pk_irp1 比对完成，耗时172.00毫秒
表 info_datetimeoffset_dml_batch1_pk_urp2 开始比对
[0;34m info_datetimeoffset_dml_batch1_pk_urp2 [0m源备字段数相同，源端字段：9 	备端字段9
[0;31m NO! [0m 	 id列源备映射错误，源端为int None位	期望更改为text	实际备端为int None位
[0;31m NO! [0m 	 c_dtoffset_0列源备映射错误，源端为datetimeoffset None位	期望更改为text	实际备端为datetimeoffset None位
[0;31m NO! [0m 	 c_dtoffset_1列源备映射错误，源端为datetimeoffset None位	期望更改为text	实际备端为datetimeoffset None位
[0;31m NO! [0m 	 c_dtoffset_2列源备映射错误，源端为datetimeoffset None位	期望更改为text	实际备端为datetimeoffset None位
[0;31m NO! [0m 	 c_dtoffset_3列源备映射错误，源端为datetimeoffset None位	期望更改为text	实际备端为datetimeoffset None位
[0;31m NO! [0m 	 c_dtoffset_4列源备映射错误，源端为datetimeoffset None位	期望更改为text	实际备端为datetimeoffset None位
[0;31m NO! [0m 	 c_dtoffset_5列源备映射错误，源端为datetimeoffset None位	期望更改为text	实际备端为datetimeoffset None位
[0;31m NO! [0m 	 c_dtoffset_6列源备映射错误，源端为datetimeoffset None位	期望更改为text	实际备端为datetimeoffset None位
[0;31m NO! [0m 	 c_dtoffset列源备映射错误，源端为datetimeoffset None位	期望更改为text	实际备端为datetimeoffset None位
当前线程： ThreadPoolExecutor-9_0 正在获取： info_datetimeoffset_dml_batch1_pk_urp2 端内容

Y 行数相同,源7行,备7行
无主键表
YES! hash比对通过
[]
表 info_geography_dml_single_nopk_irp 比对完成，耗时391.00毫秒
表 info_varbinary_dml_single_pk 开始比对
[0;34m info_varbinary_dml_single_pk [0m源备字段数相同，源端字段：4 	备端字段4
[0;31m NO! [0m 	 id列源备映射错误，源端为int None位	期望更改为text	实际备端为int None位
[0;31m NO! [0m 	 c_varbinary列源备映射错误，源端为varbinary 1位	期望更改为text	实际备端为varbinary 1位
[0;31m NO! [0m 	 c_varbinary_100列源备映射错误，源端为varbinary 20位	期望更改为text	实际备端为varbinary 20位
[0;31m NO! [0m 	 c_varbinary_8000列源备映射错误，源端为varbinary 8000位	期望更改为text	实际备端为varbinary 8000位
当前线程： ThreadPoolExecutor-9_3 正在获取： info_varbinary_dml_single_pk 端内容
src:info_datetimeoffset_dml_batch1_pk_urp2列信息获取耗时: 297.00毫秒
select "id",CONVERT(varchar(800),"c_dtoffset_0"),CONVERT(varchar(800),"c_dtoffset_1"),CONVERT(varchar(800),"c_dtoffset_2"),CONVERT(varchar(800),"c_dtoffset_3"),CONVERT(varchar(800),"c_dtoffset_4"),CONVERT(varchar(800),"c_dtoffset_5"),CONVERT(varchar(800),"c_dtoffset_6"),CONVERT(varchar(800),"c_dtoffset") from [info_datetimeoffset_dml_batch1_pk_urp2]  order by  "id"
Y 行数相同,源7行,备7行
无主键表
YES! hash比对通过
[]
表 info_datetimeoffset_dml_single_nopk_urp 比对完成，耗时391.00毫秒
表 info_binary_dml_batch1_pk_irp2 开始比对
[0;34m info_binary_dml_batch1_pk_irp2 [0m源备字段数相同，源端字段：4 	备端字段4
[0;31m NO! [0m 	 id列源备映射错误，源端为int None位	期望更改为text	实际备端为int None位
[0;31m NO! [0m 	 c_binary列源备映射错误，源端为binary 1位	期望更改为text	实际备端为binary 1位
[0;31m NO! [0m 	 c_binary_20列源备映射错误，源端为binary 20位	期望更改为text	实际备端为binary 20位
[0;31m NO! [0m 	 c_binary_8000列源备映射错误，源端为binary 8000位	期望更改为text	实际备端为binary 8000位
当前线程： ThreadPoolExecutor-9_2 正在获取： info_binary_dml_batch1_pk_irp2 端内容
Y 行数相同,源19行,备19行
无主键表
YES! hash比对通过
[]
表 info_int_dml_batch1_pk 比对完成，耗时437.00毫秒
表 info_time_dml_batch1_pk_drp2 开始比对
[0;34m info_time_dml_batch1_pk_drp2 [0m源备字段数相同，源端字段：9 	备端字段9
[0;31m NO! [0m 	 id列源备映射错误，源端为int None位	期望更改为text	实际备端为int None位
[0;31m NO! [0m 	 c_time0列源备映射错误，源端为time None位	期望更改为text	实际备端为time None位
[0;31m NO! [0m 	 c_time1列源备映射错误，源端为time None位	期望更改为text	实际备端为time None位
[0;31m NO! [0m 	 c_time2列源备映射错误，源端为time None位	期望更改为text	实际备端为time None位
[0;31m NO! [0m 	 c_time3列源备映射错误，源端为time None位	期望更改为text	实际备端为time None位
[0;31m NO! [0m 	 c_time4列源备映射错误，源端为time None位	期望更改为text	实际备端为time None位
[0;31m NO! [0m 	 c_time5列源备映射错误，源端为time None位	期望更改为text	实际备端为time None位
[0;31m NO! [0m 	 c_time6列源备映射错误，源端为time None位	期望更改为text	实际备端为time None位
[0;31m NO! [0m 	 c_time列源备映射错误，源端为time None位	期望更改为text	实际备端为time None位
当前线程： ThreadPoolExecutor-9_1 
正在获取： info_time_dml_batch1_pk_drp2 端内容
src:info_varbinary_dml_single_pk列信息获取耗时: 62.00毫秒
select * from [info_varbinary_dml_single_pk]  order by  "id"
src:info_binary_dml_batch1_pk_irp2列信息获取耗时: 47.00毫秒
select * from [info_binary_dml_batch1_pk_irp2]  order by  "id"
src:info_time_dml_batch1_pk_drp2列信息获取耗时: 31.00毫秒
select * from [info_time_dml_batch1_pk_drp2]  order by  "id"
Y 行数相同,源13行,备13行
无主键表
YES! hash比对通过
[]
表 info_datetimeoffset_dml_batch1_pk_urp2 比对完成，耗时453.00毫秒
表 info_text_dml_single_nopk 开始比对
[0;34m info_text_dml_single_nopk [0m源备字段数相同，源端字段：3 	备端字段3
[0;31m NO! [0m 	 id列源备映射错误，源端为int None位	期望更改为text	实际备端为int None位
[0;32m YES! [0m 	 c_text列源备映射正确，源端为text 2147483647位	期望更改为text	实际备端为text 2147483647位
[0;31m NO! [0m 	 c_ntext列源备映射错误，源端为ntext 2147483646位	期望更改为text	实际备端为ntext 2147483646位
当前线程： ThreadPoolExecutor-9_0 正在获取： info_text_dml_single_nopk 端内容
Y 行数相同,源1行,备1行
无主键表
YES! hash比对通过
[]
表 info_varbinary_dml_single_pk 比对完成，耗时187.00毫秒
表 info_hierarchyid_dml_single_pk_urp 开始比对
[0;34m info_hierarchyid_dml_single_pk_urp [0m源备字段数相同，源端字段：2 	备端字段2
[0;31m NO! [0m 	 id列源备映射错误，源端为int None位	期望更改为text	实际备端为int None位
[0;31m NO! [0m 	 c_hierarchyid列源备映射错误，源端为hierarchyid 892位	期望更改为text	实际备端为hierarchyid 892位
当前线程： ThreadPoolExecutor-9_3 正在获取： info_hierarchyid_dml_single_pk_urp 端内容
src:info_text_dml_single_nopk列信息获取耗时: 32.00毫秒
select "id",CONVERT(ntext,"c_text"),"c_ntext" from [info_text_dml_single_nopk]
src:info_hierarchyid_dml_single_pk_urp列信息获取耗时: 47.00毫秒
select "id",cast("c_hierarchyid" as nvarchar(max)) from [info_hierarchyid_dml_single_pk_urp]  order by  "id"
Y 行数相同,源9行,备9行
无主键表
YES! hash比对通过
[]
表 info_time_dml_batch1_pk_drp2 比对完成，耗时266.00毫秒
表 info_datetime_dml_batch1_pk_drp1 开始比对
[0;34m info_datetime_dml_batch1_pk_drp1 [0m源备字段数相同，源端字段：2 	备端字段2
[0;31m NO! [0m 	 id列源备映射错误，源端为int None位	期望更改为text	实际备端为int None位
[0;31m NO! [0m 	 c_datetime列源备映射错误，源端为datetime None位	期望更改为text	实际备端为datetime None位
当前线程： ThreadPoolExecutor-9_1 正在获取： info_datetime_dml_batch1_pk_drp1 端内容
~ 空表
[]
表 info_text_dml_single_nopk 比对完成，耗时172.00毫秒
表 info_varbinary_max_dml_single_nopk_urp 开始比对
[0;34m info_varbinary_max_dml_single_nopk_urp [0m源备字段数相同，源端字段：4 	备端字段4
[0;31m NO! [0m 	 id列源备映射错误，源端为int None位	期望更改为text	实际备端为int None位
[0;31m NO! [0m 	 c_varbinary_max1列源备映射错误，源端为varbinary -1位	期望更改为text	实际备端为varbinary -1位
[0;31m NO! [0m 	 c_varbinary_max2列源备映射错误，源端为varbinary -1位	期望更改为text	实际备端为varbinary -1位
[0;31m NO! [0m 	 c_image3列源备映射错误，源端为image 2147483647位	期望更改为text	实际备端为image 2147483647位
当前线程： ThreadPoolExecutor-9_0 正在获取： info_varbinary_max_dml_single_nopk_urp 端内容
src:info_datetime_dml_batch1_pk_drp1列信息获取耗时: 31.00毫秒
select * from [info_datetime_dml_batch1_pk_drp1]  order by  "id"
src:info_varbinary_max_dml_single_nopk_urp列信息获取耗时: 47.00毫秒
select * from [info_varbinary_max_dml_single_nopk_urp]
Y 行数相同,源6行,备6行
无主键表
YES! hash比对通过
[]
表 info_hierarchyid_dml_single_pk_urp 比对完成，耗时219.00毫秒
表 info_geography_dml_single_nopk_urp 开始比对
[0;34m info_geography_dml_single_nopk_urp [0m源备字段数相同，源端字段：2 	备端字段2
[0;31m NO! [0m 	 id列源备映射错误，源端为int None位	期望更改为text	实际备端为int None位
[0;31m NO! [0m 	 c_geography列源备映射错误，源端为geography -1位	期望更改为text	实际备端为geography -1位
当前线程： ThreadPoolExecutor-9_3 正在获取： info_geography_dml_single_nopk_urp 端内容
Y 行数相同,源34行,备34行
无主键表
YES! hash比对通过
[]
表 info_binary_dml_batch1_pk_irp2 比对完成，耗时390.00毫秒
表 info_datetime2_dml_single_pk 开始比对
[0;34m info_datetime2_dml_single_pk [0m源备字段数相同，源端字段：9 	备端字段9
[0;31m NO! [0m 	 id列源备映射错误，源端为int None位	期望更改为text	实际备端为int None位
[0;31m NO! [0m 	 c_dt2_0列源备映射错误，源端为datetime2 None位	期望更改为text	实际备端为datetime2 None位
[0;31m NO! [0m 	 c_dt2_1列源备映射错误，源端为datetime2 None位	期望更改为text	实际备端为datetime2 None位
[0;31m NO! [0m 	 c_dt2_2列源备映射错误，源端为datetime2 None位	期望更改为text	实际备端为datetime2 None位
[0;31m NO! [0m 	 c_dt2_3列源备映射错误，源端为datetime2 None位	期望更改为text	实际备端为datetime2 None位
[0;31m NO! [0m 	 c_dt2_4列源备映射错误，源端为datetime2 None位	期望更改为text	实际备端为datetime2 None位
[0;31m NO! [0m 	 c_dt2_5列源备映射错误，源端为datetime2 None位	期望更改为text	实际备端为datetime2 None位
[0;31m NO! [0m 	 c_dt2_6列源备映射错误，源端为datetime2 None位	期望更改为text	实际备端为datetime2 None位
[0;31m NO! [0m 	 c_dt2列源备映射错误，源端为datetime2 None位	期望更改为text	实际备端为datetime2 None位
当前线程： ThreadPoolExecutor-9_2 正在获取： info_datetime2_dml_single_pk 端内容
src:info_geography_dml_single_nopk_urp列信息获取耗时: 31.00毫秒
select "id","c_geography".STAsText() from [info_geography_dml_single_nopk_urp]
src:info_datetime2_dml_single_pk列信息获取耗时: 31.00毫秒
select * from [info_datetime2_dml_single_pk]  order by  "id"
~ 空表
[]
表 info_datetime_dml_batch1_pk_drp1 比对完成，耗时156.00毫秒
表 info_varbinary_max_dml_single_nopk_drp 开始比对
[0;34m info_varbinary_max_dml_single_nopk_drp [0m源备字段数相同，源端字段：4 	备端字段4
[0;31m NO! [0m 	 id列源备映射错误，源端为int None位	期望更改为text	实际备端为int None位
[0;31m NO! [0m 	 c_varbinary_max1列源备映射错误，源端为varbinary -1位	期望更改为text	实际备端为varbinary -1位
[0;31m NO! [0m 	 c_varbinary_max2列源备映射错误，源端为varbinary -1位	期望更改为text	实际备端为varbinary -1位
[0;31m NO! [0m 	 c_image3列源备映射错误，源端为image 2147483647位	期望更改为text	实际备端为image 2147483647位
当前线程： ThreadPoolExecutor-9_1 正在获取： 
info_varbinary_max_dml_single_nopk_drp 端内容
~ 空表
[]
表 info_varbinary_max_dml_single_nopk_urp 比对完成，耗时172.00毫秒
表 info_date_dml_single_pk_drp 开始比对
[0;34m info_date_dml_single_pk_drp [0m源备字段数相同，源端字段：2 	备端字段2
[0;31m NO! [0m 	 id列源备映射错误，源端为int None位	期望更改为text	实际备端为int None位
[0;31m NO! [0m 	 c_date列源备映射错误，源端为date None位	期望更改为text	实际备端为date None位
当前线程： ThreadPoolExecutor-9_0 正在获取： info_date_dml_single_pk_drp 端内容
src:info_varbinary_max_dml_single_nopk_drp列信息获取耗时: 31.00毫秒
select * from [info_varbinary_max_dml_single_nopk_drp]
Y 行数相同,源4行,备4行
无主键表
YES! hash比对通过
[]
表 info_geography_dml_single_nopk_urp 比对完成，耗时156.00毫秒
表 info_hierarchyid_dml_single_pk_drp 开始比对
[0;34m info_hierarchyid_dml_single_pk_drp [0m源备字段数相同，源端字段：2 	备端字段2
[0;31m NO! [0m 	 id列源备映射错误，源端为int None位	期望更改为text	实际备端为int None位
[0;31m NO! [0m 	 c_hierarchyid列源备映射错误，源端为hierarchyid 892位	期望更改为text	实际备端为hierarchyid 892位
当前线程： ThreadPoolExecutor-9_3 正在获取： info_hierarchyid_dml_single_pk_drp 端内容
src:info_date_dml_single_pk_drp列信息获取耗时: 63.00毫秒
select * from [info_date_dml_single_pk_drp]  order by  "id"
Y 行数相同,源1行,备1行
无主键表
YES! hash比对通过
[]
表 info_datetime2_dml_single_pk 比对完成，耗时157.00毫秒
表 info_datetime_dml_batch1_pk_drp2 开始比对
[0;34m info_datetime_dml_batch1_pk_drp2 [0m源备字段数相同，源端字段：2 	备端字段2
[0;31m NO! [0m 	 id列源备映射错误，源端为int None位	期望更改为text	实际备端为int None位
[0;31m NO! [0m 	 c_datetime列源备映射错误，源端为datetime None位	期望更改为text	实际备端为datetime None位
当前线程： ThreadPoolExecutor-9_2 正在获取： info_datetime_dml_batch1_pk_drp2 端内容
src:info_hierarchyid_dml_single_pk_drp列信息获取耗时: 47.00毫秒
select "id",cast("c_hierarchyid" as nvarchar(max)) from [info_hierarchyid_dml_single_pk_drp]  order by  "id"
src:info_datetime_dml_batch1_pk_drp2列信息获取耗时: 47.00毫秒
select * from [info_datetime_dml_batch1_pk_drp2]  order by  "id"
~ 空表
[]
表 info_varbinary_max_dml_single_nopk_drp 比对完成，耗时156.00毫秒
表 info_datetimeoffset_dml_single_nopk_drp 开始比对
[0;34m info_datetimeoffset_dml_single_nopk_drp [0m源备字段数相同，源端字段：9 	备端字段9
[0;31m NO! [0m 	 id列源备映射错误，源端为int None位	期望更改为text	实际备端为int None位
[0;31m NO! [0m 	 c_dtoffset_0列源备映射错误，源端为datetimeoffset None位	期望更改为text	实际备端为datetimeoffset None位
[0;31m NO! [0m 	 c_dtoffset_1列源备映射错误，源端为datetimeoffset None位	期望更改为text	实际备端为datetimeoffset None位
[0;31m NO! [0m 	 c_dtoffset_2列源备映射错误，源端为datetimeoffset None位	期望更改为text	实际备端为datetimeoffset None位
[0;31m NO! [0m 	 c_dtoffset_3列源备映射错误，源端为datetimeoffset None位	期望更改为text	实际备端为datetimeoffset None位
[0;31m NO! [0m 	 c_dtoffset_4列源备映射错误，源端为datetimeoffset None位	期望更改为text	实际备端为datetimeoffset None位
[0;31m NO! [0m 	 c_dtoffset_5列源备映射错误，源端为datetimeoffset None位	期望更改为text	实际备端为datetimeoffset None位
[0;31m NO! [0m 	 c_dtoffset_6列源备映射错误，源端为datetimeoffset None位	期望更改为text	实际备端为datetimeoffset None位
[0;31m NO! [0m 	 c_dtoffset列源备映射错误，源端为datetimeoffset None位	期望更改为text	实际备端为datetimeoffset None位
当前线程： ThreadPoolExecutor-9_1 正在获取： info_datetimeoffset_dml_single_nopk_drp 端内容
Y 行数相同,源4行,备4行
无主键表
YES! hash比对通过
[]
表 info_date_dml_single_pk_drp 比对完成，耗时156.00毫秒
表 info_varcharmax_dml_batch1_pk_irp2 开始比对
[0;34m info_varcharmax_dml_batch1_pk_irp2 [0m源备字段数相同，源端字段：3 	备端字段3
[0;31m NO! [0m 	 id列源备映射错误，源端为int None位	期望更改为text	实际备端为int None位
[0;31m NO! [0m 	 c_varchar_max列源备映射错误，源端为varchar -1位	期望更改为text	实际备端为varchar -1位
[0;31m NO! [0m 	 c_nvarchar_max列源备映射错误，源端为nvarchar -1位	期望更改为text	实际备端为nvarchar -1位
当前线程： ThreadPoolExecutor-9_0 正在获取： info_varcharmax_dml_batch1_pk_irp2 端内容
src:info_datetimeoffset_dml_single_nopk_drp列信息获取耗时: 47.00毫秒
select "id",CONVERT(varchar(800),"c_dtoffset_0"),CONVERT(varchar(800),"c_dtoffset_1"),CONVERT(varchar(800),"c_dtoffset_2"),CONVERT(varchar(800),"c_dtoffset_3"),CONVERT(varchar(800),"c_dtoffset_4"),CONVERT(varchar(800),"c_dtoffset_5"),CONVERT(varchar(800),"c_dtoffset_6"),CONVERT(varchar(800),"c_dtoffset") from [info_datetimeoffset_dml_single_nopk_drp]
Y 行数相同,源2行,备2行
无主键表
YES! hash比对通过
[]
表 info_hierarchyid_dml_single_pk_drp 比对完成，耗时141.00毫秒
表 info_varbinary_max_dml_single_pk_irp 开始比对
[0;34m info_varbinary_max_dml_single_pk_irp [0m源备字段数相同，源端字段：4 	备端字段4
[0;31m NO! [0m 	 id列源备映射错误，源端为int None位	期望更改为text	实际备端为int None位
[0;31m NO! [0m 	 c_varbinary_max1列源备映射错误，源端为varbinary -1位	期望更改为text	实际备端为varbinary -1位
[0;31m NO! [0m 	 c_varbinary_max2列源备映射错误，源端为varbinary -1位	期望更改为text	实际备端为varbinary -1位
[0;31m NO! [0m 	 c_image3列源备映射错误，源端为image 2147483647位	期望更改为text	实际备端为image 2147483647位
当前线程： ThreadPoolExecutor-9_3 正在获取： 
info_varbinary_max_dml_single_pk_irp 端内容
src:info_varcharmax_dml_batch1_pk_irp2列信息获取耗时: 47.00毫秒
select "id",CONVERT(nvarchar(max),"c_varchar_max"),"c_nvarchar_max" from [info_varcharmax_dml_batch1_pk_irp2]  order by  "id"
Y 行数相同,源6行,备6行
无主键表
YES! hash比对通过
[]
表 info_datetime_dml_batch1_pk_drp2 比对完成，耗时172.00毫秒
表 info_date_dml_batch1_pk_irp1 开始比对
[0;34m info_date_dml_batch1_pk_irp1 [0m源备字段数相同，源端字段：2 	备端字段2
[0;31m NO! [0m 	 id列源备映射错误，源端为int None位	期望更改为text	实际备端为int None位
[0;31m NO! [0m 	 c_date列源备映射错误，源端为date None位	期望更改为text	实际备端为date None位
当前线程： ThreadPoolExecutor-9_2 正在获取： info_date_dml_batch1_pk_irp1 端内容
src:info_varbinary_max_dml_single_pk_irp列信息获取耗时: 47.00毫秒
select * from [info_varbinary_max_dml_single_pk_irp]  order by  "id"
Y 行数相同,源4行,备4行
无主键表
YES! hash比对通过
[]
表 info_datetimeoffset_dml_single_nopk_drp 比对完成，耗时156.00毫秒
表 info_date_dml_single_nopk_irp 开始比对
[0;34m info_date_dml_single_nopk_irp [0m源备字段数相同，源端字段：2 	备端字段2
[0;31m NO! [0m 	 id列源备映射错误，源端为int None位	期望更改为text	实际备端为int None位
[0;31m NO! [0m 	 c_date列源备映射错误，源端为date None位	期望更改为text	实际备端为date None位
当前线程： ThreadPoolExecutor-9_1 正在获取： info_date_dml_single_nopk_irp 端内容
src:info_date_dml_batch1_pk_irp1列信息获取耗时: 46.00毫秒
select * from [info_date_dml_batch1_pk_irp1]  order by  "id"
~ 空表
[]
表 info_varcharmax_dml_batch1_pk_irp2 比对完成，耗时141.00毫秒
表 info_binary_dml_batch2_pk_irp1 开始比对
[0;34m info_binary_dml_batch2_pk_irp1 [0m源备字段数相同，源端字段：4 	备端字段4
[0;31m NO! [0m 	 id列源备映射错误，源端为int None位	期望更改为text	实际备端为int None位
[0;31m NO! [0m 	 c_binary列源备映射错误，源端为binary 1位	期望更改为text	实际备端为binary 1位
[0;31m NO! [0m 	 c_binary_20列源备映射错误，源端为binary 20位	期望更改为text	实际备端为binary 20位
[0;31m NO! [0m 	 c_binary_8000列源备映射错误，源端为binary 8000位	期望更改为text	实际备端为binary 8000位
当前线程： ThreadPoolExecutor-9_0 正在获取： info_binary_dml_batch2_pk_irp1 端内容
src:info_date_dml_single_nopk_irp列信息获取耗时: 32.00毫秒
select * from [info_date_dml_single_nopk_irp]
Y 行数相同,源6行,备6行
无主键表
YES! hash比对通过
[]
表 info_varbinary_max_dml_single_pk_irp 比对完成，耗时156.00毫秒
表 info_nvarchar_dml_single_pk_urp 开始比对
[0;34m info_nvarchar_dml_single_pk_urp [0m源备字段数相同，源端字段：4 	备端字段4
[0;31m NO! [0m 	 id列源备映射错误，源端为int None位	期望更改为text	实际备端为int None位
[0;31m NO! [0m 	 c_nvarchar列源备映射错误，源端为nvarchar 2位	期望更改为text	实际备端为nvarchar 2位
[0;31m NO! [0m 	 c_nvarchar20列源备映射错误，源端为nvarchar 40位	期望更改为text	实际备端为nvarchar 40位
[0;31m NO! [0m 	 c_nvarchar4000列源备映射错误，源端为nvarchar 8000位	期望更改为text	实际备端为nvarchar 8000位
当前线程： ThreadPoolExecutor-9_3 正在获取： info_nvarchar_dml_single_pk_urp 端内容
src:info_binary_dml_batch2_pk_irp1列信息获取耗时: 47.00毫秒
select * from [info_binary_dml_batch2_pk_irp1]  order by  "id"
~ 空表
[]
表 info_date_dml_batch1_pk_irp1 比对完成，耗时140.00毫秒
表 info_time_dml_batch1_pk 开始比对
[0;34m info_time_dml_batch1_pk [0m源备字段数相同，源端字段：9 	备端字段9
[0;31m NO! [0m 	 id列源备映射错误，源端为int None位	期望更改为text	实际备端为int None位
[0;31m NO! [0m 	 c_time0列源备映射错误，源端为time None位	期望更改为text	实际备端为time None位
[0;31m NO! [0m 	 c_time1列源备映射错误，源端为time None位	期望更改为text	实际备端为time None位
[0;31m NO! [0m 	 c_time2列源备映射错误，源端为time None位	期望更改为text	实际备端为time None位
[0;31m NO! [0m 	 c_time3列源备映射错误，源端为time None位	期望更改为text	实际备端为time None位
[0;31m NO! [0m 	 c_time4列源备映射错误，源端为time None位	期望更改为text	实际备端为time None位
[0;31m NO! [0m 	 c_time5列源备映射错误，源端为time None位	期望更改为text	实际备端为time None位
[0;31m NO! [0m 	 c_time6列源备映射错误，源端为time None位	期望更改为text	实际备端为time None位
[0;31m NO! [0m 	 c_time列源备映射错误，源端为time None位	期望更改为text	实际备端为time None位
当前线程： ThreadPoolExecutor-9_2 正在获取： info_time_dml_batch1_pk 端内容
src:info_nvarchar_dml_single_pk_urp列信息获取耗时: 47.00毫秒
select * from [info_nvarchar_dml_single_pk_urp]  order by  "id"
Y 行数相同,源11行,备11行
无主键表
YES! hash比对通过
[]
表 info_date_dml_single_nopk_irp 比对完成，耗时157.00毫秒
表 info_varbinary_max_dml_single_pk_urp 开始比对
[0;34m info_varbinary_max_dml_single_pk_urp [0m源备字段数相同，源端字段：4 	备端字段4
[0;31m NO! [0m 	 id列源备映射错误，源端为int None位	期望更改为text	实际备端为int None位
[0;31m NO! [0m 	 c_varbinary_max1列源备映射错误，源端为varbinary -1位	期望更改为text	实际备端为varbinary -1位
[0;31m NO! [0m 	 c_varbinary_max2列源备映射错误，源端为varbinary -1位	期望更改为text	实际备端为varbinary -1位
[0;31m NO! [0m 	 c_image3列源备映射错误，源端为image 2147483647位	期望更改为text	实际备端为image 2147483647位
当前线程： ThreadPoolExecutor-9_1 正在获取： info_varbinary_max_dml_single_pk_urp 端内容
src:info_time_dml_batch1_pk列信息获取耗时: 47.00毫秒
select * from [info_time_dml_batch1_pk]  order by  "id"
src:info_varbinary_max_dml_single_pk_urp列信息获取耗时: 47.00毫秒
select * from [info_varbinary_max_dml_single_pk_urp]  order by  "id"
Y 行数相同,源10行,备10行
无主键表
YES! hash比对通过
[]
表 info_binary_dml_batch2_pk_irp1 比对完成，耗时203.00毫秒
表 info_geography_dml_single_nopk_drp 开始比对
[0;34m info_geography_dml_single_nopk_drp [0m源备字段数相同，源端字段：2 	备端字段2
[0;31m NO! [0m 	 id列源备映射错误，源端为int None位	期望更改为text	实际备端为int None位
[0;31m NO! [0m 	 c_geography列源备映射错误，源端为geography -1位	期望更改为text	实际备端为geography -1位
当前线程： ThreadPoolExecutor-9_0 正在获取： info_geography_dml_single_nopk_drp 端内容
Y 行数相同,源10行,备10行
无主键表
YES! hash比对通过
[]
表 info_nvarchar_dml_single_pk_urp 比对完成，耗时203.00毫秒
表 info_char_dml_batch1_pk_urp1 开始比对
[0;34m info_char_dml_batch1_pk_urp1 [0m源备字段数相同，源端字段：4 	备端字段4
[0;31m NO! [0m 	 id列源备映射错误，源端为int None位	期望更改为text	实际备端为int None位
[0;31m NO! [0m 	 c_char列源备映射错误，源端为char 1位	期望更改为text	实际备端为char 1位
[0;31m NO! [0m 	 c_char20列源备映射错误，源端为char 20位	期望更改为text	实际备端为char 20位
[0;31m NO! [0m 	 c_char7000列源备映射错误，源端为char 7000位	期望更改为text	实际备端为char 7000位
当前线程： ThreadPoolExecutor-9_3 正在获取： info_char_dml_batch1_pk_urp1 端内容
src:info_geography_dml_single_nopk_drp列信息获取耗时: 31.00毫秒
select "id","c_geography".STAsText() from [info_geography_dml_single_nopk_drp]
Y 行数相同,源8行,备8行
无主键表
YES! hash比对通过
[]
表 info_time_dml_batch1_pk 比对完成，耗时203.00毫秒
表 info_varbinary_max_dml_single_nopk 开始比对
[0;34m info_varbinary_max_dml_single_nopk [0m源备字段数相同，源端字段：4 	备端字段4
[0;31m NO! [0m 	 id列源备映射错误，源端为int None位	期望更改为text	实际备端为int None位
[0;31m NO! [0m 	 c_varbinary_max1列源备映射错误，源端为varbinary -1位	期望更改为text	实际备端为varbinary -1位
[0;31m NO! [0m 	 c_varbinary_max2列源备映射错误，源端为varbinary -1位	期望更改为text	实际备端为varbinary -1位
[0;31m NO! [0m 	 c_image3列源备映射错误，源端为image 2147483647位	期望更改为text	实际备端为image 2147483647位
当前线程： ThreadPoolExecutor-9_2 正在获取： info_varbinary_max_dml_single_nopk 端内容
src:info_char_dml_batch1_pk_urp1列信息获取耗时: 47.00毫秒
select "id",CONVERT(nvarchar(max),"c_char"),CONVERT(nvarchar(max),"c_char20"),CONVERT(nvarchar(max),"c_char7000") from [info_char_dml_batch1_pk_urp1]  order by  "id"
Y 行数相同,源4行,备4行
无主键表
YES! hash比对通过
[]
表 info_varbinary_max_dml_single_pk_urp 比对完成，耗时172.00毫秒
表 info_nchar_dml_batch2_pk_irp2 开始比对
[0;34m info_nchar_dml_batch2_pk_irp2 [0m源备字段数相同，源端字段：4 	备端字段4
[0;31m NO! [0m 	 id列源备映射错误，源端为int None位	期望更改为text	实际备端为int None位
[0;31m NO! [0m 	 c_nchar列源备映射错误，源端为nchar 2位	期望更改为text	实际备端为nchar 2位
[0;31m NO! [0m 	 c_nchar20列源备映射错误，源端为nchar 40位	期望更改为text	实际备端为nchar 40位
[0;31m NO! [0m 	 c_nchar3500列源备映射错误，源端为nchar 7000位	期望更改为text	实际备端为nchar 7000位
当前线程： ThreadPoolExecutor-9_1 正在获取： 
info_nchar_dml_batch2_pk_irp2 端内容
src:info_varbinary_max_dml_single_nopk列信息获取耗时: 47.00毫秒
select * from [info_varbinary_max_dml_single_nopk]
Y 行数相同,源2行,备2行
无主键表
YES! hash比对通过
[]
表 info_geography_dml_single_nopk_drp 比对完成，耗时172.00毫秒
表 info_geography_dml_single_nopk 开始比对
[0;34m info_geography_dml_single_nopk [0m源备字段数相同，源端字段：2 	备端字段2
[0;31m NO! [0m 	 id列源备映射错误，源端为int None位	期望更改为text	实际备端为int None位
[0;31m NO! [0m 	 c_geography列源备映射错误，源端为geography -1位	期望更改为text	实际备端为geography -1位
当前线程： ThreadPoolExecutor-9_0 正在获取： info_geography_dml_single_nopk 端内容
src:info_nchar_dml_batch2_pk_irp2列信息获取耗时: 78.00毫秒
select * from [info_nchar_dml_batch2_pk_irp2]  order by  "id"
Y 行数相同,源6行,备6行
无主键表
YES! hash比对通过
[]
表 info_char_dml_batch1_pk_urp1 比对完成，耗时156.00毫秒
表 info_nvarchar_dml_single_pk_drp 开始比对
[0;34m info_nvarchar_dml_single_pk_drp [0m源备字段数相同，源端字段：4 	备端字段4
[0;31m NO! [0m 	 id列源备映射错误，源端为int None位	期望更改为text	实际备端为int None位
[0;31m NO! [0m 	 c_nvarchar列源备映射错误，源端为nvarchar 2位	期望更改为text	实际备端为nvarchar 2位
[0;31m NO! [0m 	 c_nvarchar20列源备映射错误，源端为nvarchar 40位	期望更改为text	实际备端为nvarchar 40位
[0;31m NO! [0m 	 c_nvarchar4000列源备映射错误，源端为nvarchar 8000位	期望更改为text	实际备端为nvarchar 8000位
当前线程： ThreadPoolExecutor-9_3 正在获取： info_nvarchar_dml_single_pk_drp 端内容
src:info_geography_dml_single_nopk列信息获取耗时: 47.00毫秒
select "id","c_geography".STAsText() from [info_geography_dml_single_nopk]
src:info_nvarchar_dml_single_pk_drp列信息获取耗时: 47.00毫秒
select * from [info_nvarchar_dml_single_pk_drp]  order by  "id"
~ 空表
[]
表 info_varbinary_max_dml_single_nopk 比对完成，耗时172.00毫秒
表 info_datetimeoffset_dml_single_nopk 开始比对
[0;34m info_datetimeoffset_dml_single_nopk [0m源备字段数相同，源端字段：9 	备端字段9
[0;31m NO! [0m 	 id列源备映射错误，源端为int None位	期望更改为text	实际备端为int None位
[0;31m NO! [0m 	 c_dtoffset_0列源备映射错误，源端为datetimeoffset None位	期望更改为text	实际备端为datetimeoffset None位
[0;31m NO! [0m 	 c_dtoffset_1列源备映射错误，源端为datetimeoffset None位	期望更改为text	实际备端为datetimeoffset None位
[0;31m NO! [0m 	 c_dtoffset_2列源备映射错误，源端为datetimeoffset None位	期望更改为text	实际备端为datetimeoffset None位
[0;31m NO! [0m 	 c_dtoffset_3列源备映射错误，源端为datetimeoffset None位	期望更改为text	实际备端为datetimeoffset None位
[0;31m NO! [0m 	 c_dtoffset_4列源备映射错误，源端为datetimeoffset None位	期望更改为text	实际备端为datetimeoffset None位
[0;31m NO! [0m 	 c_dtoffset_5列源备映射错误，源端为datetimeoffset None位	期望更改为text	实际备端为datetimeoffset None位
[0;31m NO! [0m 	 c_dtoffset_6列源备映射错误，源端为datetimeoffset None位	期望更改为text	实际备端为datetimeoffset None位
[0;31m NO! [0m 	 c_dtoffset列源备映射错误，源端为datetimeoffset None位	期望更改为text	实际备端为datetimeoffset None位
当前线程： ThreadPoolExecutor-9_2 正在获取： info_datetimeoffset_dml_single_nopk 端内容
Y 行数相同,源11行,备11行
无主键表
YES! hash比对通过
[]
表 info_nchar_dml_batch2_pk_irp2 比对完成，耗时187.00毫秒
表 info_char_dml_single_nopk_irp 开始比对
[0;34m info_char_dml_single_nopk_irp [0m源备字段数相同，源端字段：4 	备端字段4
[0;31m NO! [0m 	 id列源备映射错误，源端为int None位	期望更改为text	实际备端为int None位
[0;31m NO! [0m 	 c_char列源备映射错误，源端为char 1位	期望更改为text	实际备端为char 1位
[0;31m NO! [0m 	 c_char20列源备映射错误，源端为char 20位	期望更改为text	实际备端为char 20位
[0;31m NO! [0m 	 c_char8000列源备映射错误，源端为char 8000位	期望更改为text	实际备端为char 8000位
当前线程： ThreadPoolExecutor-9_1 正在获取： info_char_dml_single_nopk_irp 端内容
src:info_datetimeoffset_dml_single_nopk列信息获取耗时: 31.00毫秒
select "id",CONVERT(varchar(800),"c_dtoffset_0"),CONVERT(varchar(800),"c_dtoffset_1"),CONVERT(varchar(800),"c_dtoffset_2"),CONVERT(varchar(800),"c_dtoffset_3"),CONVERT(varchar(800),"c_dtoffset_4"),CONVERT(varchar(800),"c_dtoffset_5"),CONVERT(varchar(800),"c_dtoffset_6"),CONVERT(varchar(800),"c_dtoffset") from [info_datetimeoffset_dml_single_nopk]
Y 行数相同,源2行,备2行
无主键表
YES! hash比对通过
[]
表 info_geography_dml_single_nopk 比对完成，耗时140.00毫秒
表 info_date_dml_single_pk 开始比对
[0;34m info_date_dml_single_pk [0m源备字段数相同，源端字段：2 	备端字段2
[0;31m NO! [0m 	 id列源备映射错误，源端为int None位	期望更改为text	实际备端为int None位
[0;31m NO! [0m 	 c_date列源备映射错误，源端为date None位	期望更改为text	实际备端为date None位
当前线程： ThreadPoolExecutor-9_0 正在获取： info_date_dml_single_pk 端内容
src:info_char_dml_single_nopk_irp列信息获取耗时: 47.00毫秒
select "id",CONVERT(nvarchar(max),"c_char"),CONVERT(nvarchar(max),"c_char20"),CONVERT(nvarchar(max),"c_char8000") from [info_char_dml_single_nopk_irp]
Y 行数相同,源2行,备2行
无主键表
YES! hash比对通过
[]
表 info_nvarchar_dml_single_pk_drp 比对完成，耗时172.00毫秒
表 info_datetimeoffset_dml_batch1_pk_drp1 开始比对
[0;34m info_datetimeoffset_dml_batch1_pk_drp1 [0m源备字段数相同，源端字段：9 	备端字段9
[0;31m NO! [0m 	 id列源备映射错误，源端为int None位	期望更改为text	实际备端为int None位
[0;31m NO! [0m 	 c_dtoffset_0列源备映射错误，源端为datetimeoffset None位	期望更改为text	实际备端为datetimeoffset None位
[0;31m NO! [0m 	 c_dtoffset_1列源备映射错误，源端为datetimeoffset None位	期望更改为text	实际备端为datetimeoffset None位
[0;31m NO! [0m 	 c_dtoffset_2列源备映射错误，源端为datetimeoffset None位	期望更改为text	实际备端为datetimeoffset None位
[0;31m NO! [0m 	 c_dtoffset_3列源备映射错误，源端为datetimeoffset None位	期望更改为text	实际备端为datetimeoffset None位
[0;31m NO! [0m 	 c_dtoffset_4列源备映射错误，源端为datetimeoffset None位	期望更改为text	实际备端为datetimeoffset None位
[0;31m NO! [0m 	 c_dtoffset_5列源备映射错误，源端为datetimeoffset None位	期望更改为text	实际备端为datetimeoffset None位
[0;31m NO! [0m 	 c_dtoffset_6列源备映射错误，源端为datetimeoffset None位	期望更改为text	实际备端为datetimeoffset None位
[0;31m NO! [0m 	 c_dtoffset列源备映射错误，源端为datetimeoffset None位	期望更改为text	实际备端为datetimeoffset None位
当前线程： ThreadPoolExecutor-9_3 正在获取： info_datetimeoffset_dml_batch1_pk_drp1 端内容
src:info_date_dml_single_pk列信息获取耗时: 47.00毫秒
select * from [info_date_dml_single_pk]  order by  "id"
Y 行数相同,源2行,备2行
无主键表
YES! hash比对通过
[]
表 info_datetimeoffset_dml_single_nopk 比对完成，耗时172.00毫秒
表 info_varcharmax_dml_batch2_pk_irp1 开始比对
[0;34m info_varcharmax_dml_batch2_pk_irp1 [0m源备字段数相同，源端字段：3 	备端字段3
[0;31m NO! [0m 	 id列源备映射错误，源端为int None位	期望更改为text	实际备端为int None位
[0;31m NO! [0m 	 c_varchar_max列源备映射错误，源端为varchar -1位	期望更改为text	实际备端为varchar -1位
[0;31m NO! [0m 	 c_nvarchar_max列源备映射错误，源端为nvarchar -1位	期望更改为text	实际备端为nvarchar -1位
当前线程： ThreadPoolExecutor-9_2 正在获取： info_varcharmax_dml_batch2_pk_irp1 端内容
src:info_datetimeoffset_dml_batch1_pk_drp1列信息获取耗时: 47.00毫秒
select "id",CONVERT(varchar(800),"c_dtoffset_0"),CONVERT(varchar(800),"c_dtoffset_1"),CONVERT(varchar(800),"c_dtoffset_2"),CONVERT(varchar(800),"c_dtoffset_3"),CONVERT(varchar(800),"c_dtoffset_4"),CONVERT(varchar(800),"c_dtoffset_5"),CONVERT(varchar(800),"c_dtoffset_6"),CONVERT(varchar(800),"c_dtoffset") from [info_datetimeoffset_dml_batch1_pk_drp1]  order by  "id"
src:info_varcharmax_dml_batch2_pk_irp1列信息获取耗时: 31.00毫秒
select "id",CONVERT(nvarchar(max),"c_varchar_max"),"c_nvarchar_max" from [info_varcharmax_dml_batch2_pk_irp1]  order by  "id"
Y 行数相同,源15行,备15行
无主键表
YES! hash比对通过
[]
表 info_char_dml_single_nopk_irp 比对完成，耗时203.00毫秒
表 info_date_dml_single_nopk_urp 开始比对
[0;34m info_date_dml_single_nopk_urp [0m源备字段数相同，源端字段：2 	备端字段2
[0;31m NO! [0m 	 id列源备映射错误，源端为int None位	期望更改为text	实际备端为int None位
[0;31m NO! [0m 	 c_date列源备映射错误，源端为date None位	期望更改为text	实际备端为date None位
当前线程： ThreadPoolExecutor-9_1 正在获取： info_date_dml_single_nopk_urp 端内容
Y 行数相同,源3行,备3行
无主键表
YES! hash比对通过
[]
表 info_date_dml_single_pk 比对完成，耗时188.00毫秒
表 info_nchar_dml_batch1_pk_urp1 开始比对
[0;34m info_nchar_dml_batch1_pk_urp1 [0m源备字段数相同，源端字段：4 	备端字段4
[0;31m NO! [0m 	 id列源备映射错误，源端为int None位	期望更改为text	实际备端为int None位
[0;31m NO! [0m 	 c_nchar列源备映射错误，源端为nchar 2位	期望更改为text	实际备端为nchar 2位
[0;31m NO! [0m 	 c_nchar20列源备映射错误，源端为nchar 40位	期望更改为text	实际备端为nchar 40位
[0;31m NO! [0m 	 c_nchar3500列源备映射错误，源端为nchar 7000位	期望更改为text	实际备端为nchar 7000位
当前线程： ThreadPoolExecutor-9_0 正在获取： info_nchar_dml_batch1_pk_urp1 端内容
src:info_date_dml_single_nopk_urp列信息获取耗时: 31.00毫秒
select * from [info_date_dml_single_nopk_urp]
~ 空表
[]
表 info_datetimeoffset_dml_batch1_pk_drp1 比对完成，耗时172.00毫秒
表 info_datetimeoffset_dml_single_pk_irp 开始比对
[0;34m info_datetimeoffset_dml_single_pk_irp [0m源备字段数相同，源端字段：9 	备端字段9
[0;31m NO! [0m 	 id列源备映射错误，源端为int None位	期望更改为text	实际备端为int None位
[0;31m NO! [0m 	 c_dtoffset_0列源备映射错误，源端为datetimeoffset None位	期望更改为text	实际备端为datetimeoffset None位
[0;31m NO! [0m 	 c_dtoffset_1列源备映射错误，源端为datetimeoffset None位	期望更改为text	实际备端为datetimeoffset None位
[0;31m NO! [0m 	 c_dtoffset_2列源备映射错误，源端为datetimeoffset None位	期望更改为text	实际备端为datetimeoffset None位
[0;31m NO! [0m 	 c_dtoffset_3列源备映射错误，源端为datetimeoffset None位	期望更改为text	实际备端为datetimeoffset None位
[0;31m NO! [0m 	 c_dtoffset_4列源备映射错误，源端为datetimeoffset None位	期望更改为text	实际备端为datetimeoffset None位
[0;31m NO! [0m 	 c_dtoffset_5列源备映射错误，源端为datetimeoffset None位	期望更改为text	实际备端为datetimeoffset None位
[0;31m NO! [0m 	 c_dtoffset_6列源备映射错误，源端为datetimeoffset None位	期望更改为text	实际备端为datetimeoffset None位
[0;31m NO! [0m 	 c_dtoffset列源备映射错误，源端为datetimeoffset None位	期望更改为text	实际备端为datetimeoffset None位
当前线程： ThreadPoolExecutor-9_3 正在获取： info_datetimeoffset_dml_single_pk_irp 端内容
src:info_nchar_dml_batch1_pk_urp1列信息获取耗时: 47.00毫秒
select * from [info_nchar_dml_batch1_pk_urp1]  order by  "id"
~ 空表
[]
表 info_varcharmax_dml_batch2_pk_irp1 比对完成，耗时156.00毫秒
表 info_binary_dml_batch2_pk_irp2 开始比对
[0;34m info_binary_dml_batch2_pk_irp2 [0m源备字段数相同，源端字段：4 	备端字段4
[0;31m NO! [0m 	 id列源备映射错误，源端为int None位	期望更改为text	实际备端为int None位
[0;31m NO! [0m 	 c_binary列源备映射错误，源端为binary 1位	期望更改为text	实际备端为binary 1位
[0;31m NO! [0m 	 c_binary_20列源备映射错误，源端为binary 20位	期望更改为text	实际备端为binary 20位
[0;31m NO! [0m 	 c_binary_8000列源备映射错误，源端为binary 8000位	期望更改为text	实际备端为binary 8000位
当前线程： ThreadPoolExecutor-9_2 正在获取： 
info_binary_dml_batch2_pk_irp2 端内容
src:info_datetimeoffset_dml_single_pk_irp列信息获取耗时: 47.00毫秒
select "id",CONVERT(varchar(800),"c_dtoffset_0"),CONVERT(varchar(800),"c_dtoffset_1"),CONVERT(varchar(800),"c_dtoffset_2"),CONVERT(varchar(800),"c_dtoffset_3"),CONVERT(varchar(800),"c_dtoffset_4"),CONVERT(varchar(800),"c_dtoffset_5"),CONVERT(varchar(800),"c_dtoffset_6"),CONVERT(varchar(800),"c_dtoffset") from [info_datetimeoffset_dml_single_pk_irp]  order by  "id"
src:info_binary_dml_batch2_pk_irp2列信息获取耗时: 47.00毫秒
select * from [info_binary_dml_batch2_pk_irp2]  order by  "id"
Y 行数相同,源9行,备9行
无主键表
YES! hash比对通过
[]
表 info_date_dml_single_nopk_urp 比对完成，耗时141.00毫秒
表 info_date_dml_batch1_pk_irp2 开始比对
[0;34m info_date_dml_batch1_pk_irp2 [0m源备字段数相同，源端字段：2 	备端字段2
[0;31m NO! [0m 	 id列源备映射错误，源端为int None位	期望更改为text	实际备端为int None位
[0;31m NO! [0m 	 c_date列源备映射错误，源端为date None位	期望更改为text	实际备端为date None位
当前线程： ThreadPoolExecutor-9_1 正在获取： info_date_dml_batch1_pk_irp2 端内容
Y 行数相同,源8行,备8行
无主键表
YES! hash比对通过
[]
表 info_nchar_dml_batch1_pk_urp1 比对完成，耗时172.00毫秒
表 info_varcharmax_dml_batch2_pk_irp2 开始比对
[0;34m info_varcharmax_dml_batch2_pk_irp2 [0m源备字段数相同，源端字段：3 	备端字段3
[0;31m NO! [0m 	 id列源备映射错误，源端为int None位	期望更改为text	实际备端为int None位
[0;31m NO! [0m 	 c_varchar_max列源备映射错误，源端为varchar -1位	期望更改为text	实际备端为varchar -1位
[0;31m NO! [0m 	 c_nvarchar_max列源备映射错误，源端为nvarchar -1位	期望更改为text	实际备端为nvarchar -1位
当前线程： ThreadPoolExecutor-9_0 正在获取： info_varcharmax_dml_batch2_pk_irp2 端内容
src:info_date_dml_batch1_pk_irp2列信息获取耗时: 47.00毫秒
select * from [info_date_dml_batch1_pk_irp2]  order by  "id"
Y 行数相同,源13行,备13行
无主键表
YES! hash比对通过
[]
表 info_datetimeoffset_dml_single_pk_irp 比对完成，耗时203.00毫秒
表 info_sdt_dml_batch1_pk_irp1 开始比对
[0;34m info_sdt_dml_batch1_pk_irp1 [0m源备字段数相同，源端字段：2 	备端字段2
[0;31m NO! [0m 	 id列源备映射错误，源端为int None位	期望更改为text	实际备端为int None位
[0;31m NO! [0m 	 c_sdt列源备映射错误，源端为smalldatetime None位	期望更改为text	实际备端为smalldatetime None位
当前线程： ThreadPoolExecutor-9_3 正在获取： info_sdt_dml_batch1_pk_irp1 
端内容
src:info_varcharmax_dml_batch2_pk_irp2列信息获取耗时: 62.00毫秒
select "id",CONVERT(nvarchar(max),"c_varchar_max"),"c_nvarchar_max" from [info_varcharmax_dml_batch2_pk_irp2]  order by  "id"
src:info_sdt_dml_batch1_pk_irp1列信息获取耗时: 47.00毫秒
select * from [info_sdt_dml_batch1_pk_irp1]  order by  "id"
Y 行数相同,源26行,备26行
无主键表
~ 空表
[]
表 info_varcharmax_dml_batch2_pk_irp2 比对完成，耗时187.00毫秒
表 info_timestamp_dml_single_nopk_irp 开始比对
[0;34m info_timestamp_dml_single_nopk_irp [0m源备字段数相同，源端字段：2 	备端字段2
[0;31m NO! [0m 	 id列源备映射错误，源端为int None位	期望更改为text	实际备端为int None位
[0;31m NO! [0m 	 c_tiemstamp列源备映射错误，源端为timestamp None位	期望更改为text	实际备端为timestamp None位
当前线程： ThreadPoolExecutor-9_0 正在获取： info_timestamp_dml_single_nopk_irp 端内容
YES! hash比对通过
[]
表 info_binary_dml_batch2_pk_irp2 比对完成，耗时313.00毫秒
表 info_char_dml_batch1_pk_urp2 开始比对
[0;34m info_char_dml_batch1_pk_urp2 [0m源备字段数相同，源端字段：4 	备端字段4
[0;31m NO! [0m 	 id列源备映射错误，源端为int None位	期望更改为text	实际备端为int None位
[0;31m NO! [0m 	 c_char列源备映射错误，源端为char 1位	期望更改为text	实际备端为char 1位
[0;31m NO! [0m 	 c_char20列源备映射错误，源端为char 20位	期望更改为text	实际备端为char 20位
[0;31m NO! [0m 	 c_char7000列源备映射错误，源端为char 7000位	期望更改为text	实际备端为char 7000位
当前线程： ThreadPoolExecutor-9_2 正在获取： info_char_dml_batch1_pk_urp2 端内容
Y 行数相同,源42行,备42行
无主键表
YES! hash比对通过
[]
表 info_date_dml_batch1_pk_irp2 比对完成，耗时265.00毫秒
表 info_char_dml_single_nopk_urp 开始比对
[0;34m info_char_dml_single_nopk_urp [0m源备字段数相同，源端字段：4 	备端字段4
[0;31m NO! [0m 	 id列源备映射错误，源端为int None位	期望更改为text	实际备端为int None位
[0;31m NO! [0m 	 c_char列源备映射错误，源端为char 1位	期望更改为text	实际备端为char 1位
[0;31m NO! [0m 	 c_char20列源备映射错误，源端为char 20位	期望更改为text	实际备端为char 20位
[0;31m NO! [0m 	 c_char7000列源备映射错误，源端为char 7000位	期望更改为text	实际备端为char 7000位
当前线程： ThreadPoolExecutor-9_1 正在获取： info_char_dml_single_nopk_urp 端内容
Y 行数相同,源14行,备14行
无主键表
YES! hash比对通过
[]
表 info_sdt_dml_batch1_pk_irp1 比对完成，耗时172.00毫秒
表 info_date_dml_single_nopk_drp 开始比对
[0;34m info_date_dml_single_nopk_drp [0m源备字段数相同，源端字段：2 	备端字段2
[0;31m NO! [0m 	 id列源备映射错误，源端为int None位	期望更改为text	实际备端为int None位
[0;31m NO! [0m 	 c_date列源备映射错误，源端为date None位	期望更改为text	实际备端为date None位
当前线程： ThreadPoolExecutor-9_3 正在获取： info_date_dml_single_nopk_drp 端内容
src:info_timestamp_dml_single_nopk_irp列信息获取耗时: 47.00毫秒
select "id",'timestamp不参与比较' from [info_timestamp_dml_single_nopk_irp]
src:info_char_dml_batch1_pk_urp2列信息获取耗时: 47.00毫秒
select "id",CONVERT(nvarchar(max),"c_char"),CONVERT(nvarchar(max),"c_char20"),CONVERT(nvarchar(max),"c_char7000") from [info_char_dml_batch1_pk_urp2]  order by  "id"
src:info_char_dml_single_nopk_urp列信息获取耗时: 32.00毫秒
select "id",CONVERT(nvarchar(max),"c_char"),CONVERT(nvarchar(max),"c_char20"),CONVERT(nvarchar(max),"c_char7000") from [info_char_dml_single_nopk_urp]
src:info_date_dml_single_nopk_drp列信息获取耗时: 31.00毫秒
select * from [info_date_dml_single_nopk_drp]
Y 行数相同,源2行,备2行
无主键表
YES! hash比对通过
[]
表 info_timestamp_dml_single_nopk_irp 比对完成，耗时156.00毫秒
表 info_hierarchyid_dml_single_pk 开始比对
[0;34m info_hierarchyid_dml_single_pk [0m源备字段数相同，源端字段：2 	备端字段2
[0;31m NO! [0m 	 id列源备映射错误，源端为int None位	期望更改为text	实际备端为int None位
[0;31m NO! [0m 	 c_hierarchyid列源备映射错误，源端为hierarchyid 892位	期望更改为text	实际备端为hierarchyid 892位
当前线程： ThreadPoolExecutor-9_0 正在获取： info_hierarchyid_dml_single_pk 端内容
Y 行数相同,源6行,备6行
无主键表
YES! hash比对通过
[]
表 info_char_dml_batch1_pk_urp2 比对完成，耗时172.00毫秒
表 info_datetime_dml_batch1_pk 开始比对
[0;34m info_datetime_dml_batch1_pk [0m源备字段数相同，源端字段：2 	备端字段2
[0;31m NO! [0m 	 id列源备映射错误，源端为int None位	期望更改为text	实际备端为int None位
[0;31m NO! [0m 	 c_datetime列源备映射错误，源端为datetime None位	期望更改为text	实际备端为datetime None位
当前线程： ThreadPoolExecutor-9_2 正在获取： info_datetime_dml_batch1_pk 端内容
src:info_hierarchyid_dml_single_pk列信息获取耗时: 32.00毫秒
select "id",cast("c_hierarchyid" as nvarchar(max)) from [info_hierarchyid_dml_single_pk]  order by  "id"
Y 行数相同,源8行,备8行
无主键表
YES! hash比对通过
[]
表 info_char_dml_single_nopk_urp 比对完成，耗时188.00毫秒
表 info_char_dml_batch1_pk_drp1 开始比对
[0;34m info_char_dml_batch1_pk_drp1 [0m源备字段数相同，源端字段：4 	备端字段4
[0;31m NO! [0m 	 id列源备映射错误，源端为int None位	期望更改为text	实际备端为int None位
[0;31m NO! [0m 	 c_char列源备映射错误，源端为char 1位	期望更改为text	实际备端为char 1位
[0;31m NO! [0m 	 c_char20列源备映射错误，源端为char 20位	期望更改为text	实际备端为char 20位
[0;31m NO! [0m 	 c_char7000列源备映射错误，源端为char 7000位	期望更改为text	实际备端为char 7000位
当前线程： ThreadPoolExecutor-9_1 正在获取： info_char_dml_batch1_pk_drp1 端内容
src:info_datetime_dml_batch1_pk列信息获取耗时: 47.00毫秒
select * from [info_datetime_dml_batch1_pk]  order by  "id"
Y 行数相同,源4行,备4行
无主键表
YES! hash比对通过
[]
表 info_date_dml_single_nopk_drp 比对完成，耗时203.00毫秒
表 info_time_dml_single_pk_irp 开始比对
[0;34m info_time_dml_single_pk_irp [0m源备字段数相同，源端字段：9 	备端字段9
[0;31m NO! [0m 	 id列源备映射错误，源端为int None位	期望更改为text	实际备端为int None位
[0;31m NO! [0m 	 c_time0列源备映射错误，源端为time None位	期望更改为text	实际备端为time None位
[0;31m NO! [0m 	 c_time1列源备映射错误，源端为time None位	期望更改为text	实际备端为time None位
[0;31m NO! [0m 	 c_time2列源备映射错误，源端为time None位	期望更改为text	实际备端为time None位
[0;31m NO! [0m 	 c_time3列源备映射错误，源端为time None位	期望更改为text	实际备端为time None位
[0;31m NO! [0m 	 c_time4列源备映射错误，源端为time None位	期望更改为text	实际备端为time None位
[0;31m NO! [0m 	 c_time5列源备映射错误，源端为time None位	期望更改为text	实际备端为time None位
[0;31m NO! [0m 	 c_time6列源备映射错误，源端为time None位	期望更改为text	实际备端为time None位
[0;31m NO! [0m 	 c_time列源备映射错误，源端为time None位	期望更改为text	实际备端为time None位
当前线程： ThreadPoolExecutor-9_3 正在获取： info_time_dml_single_pk_irp 端内容
src:info_char_dml_batch1_pk_drp1列信息获取耗时: 47.00毫秒
select "id",CONVERT(nvarchar(max),"c_char"),CONVERT(nvarchar(max),"c_char20"),CONVERT(nvarchar(max),"c_char7000") from [info_char_dml_batch1_pk_drp1]  order by  "id"
Y 行数相同,源1行,备1行
无主键表
YES! hash比对通过
[]
表 info_hierarchyid_dml_single_pk 比对完成，耗时141.00毫秒
表 info_datetimeoffset_dml_batch1_pk_drp2 开始比对
[0;34m info_datetimeoffset_dml_batch1_pk_drp2 [0m源备字段数相同，源端字段：9 	备端字段9
[0;31m NO! [0m 	 id列源备映射错误，源端为int None位	期望更改为text	实际备端为int None位
[0;31m NO! [0m 	 c_dtoffset_0列源备映射错误，源端为datetimeoffset None位	期望更改为text	实际备端为datetimeoffset None位
[0;31m NO! [0m 	 c_dtoffset_1列源备映射错误，源端为datetimeoffset None位	期望更改为text	实际备端为datetimeoffset None位
[0;31m NO! [0m 	 c_dtoffset_2列源备映射错误，源端为datetimeoffset None位	期望更改为text	实际备端为datetimeoffset None位
[0;31m NO! [0m 	 c_dtoffset_3列源备映射错误，源端为datetimeoffset None位	期望更改为text	实际备端为datetimeoffset None位
[0;31m NO! [0m 	 c_dtoffset_4列源备映射错误，源端为datetimeoffset None位	期望更改为text	实际备端为datetimeoffset None位
[0;31m NO! [0m 	 c_dtoffset_5列源备映射错误，源端为datetimeoffset None位	期望更改为text	实际备端为datetimeoffset None位
[0;31m NO! [0m 	 c_dtoffset_6列源备映射错误，源端为datetimeoffset None位	期望更改为text	实际备端为datetimeoffset None位
[0;31m NO! [0m 	 c_dtoffset列源备映射错误，源端为datetimeoffset None位	期望更改为text	实际备端为datetimeoffset None位
当前线程： ThreadPoolExecutor-9_0 正在获取： info_datetimeoffset_dml_batch1_pk_drp2 端内容
src:info_time_dml_single_pk_irp列信息获取耗时: 47.00毫秒
select * from [info_time_dml_single_pk_irp]  order by  "id"
Y 行数相同,源4行,备4行
无主键表
YES! hash比对通过
[]
表 info_datetime_dml_batch1_pk 比对完成，耗时140.00毫秒
表 info_date_dml_single_nopk 开始比对
[0;34m info_date_dml_single_nopk [0m源备字段数相同，源端字段：2 	备端字段2
[0;31m NO! [0m 	 id列源备映射错误，源端为int None位	期望更改为text	实际备端为int None位
[0;31m NO! [0m 	 c_date列源备映射错误，源端为date None位	期望更改为text	实际备端为date None位
当前线程： 
ThreadPoolExecutor-9_2 正在获取： info_date_dml_single_nopk 端内容
src:info_datetimeoffset_dml_batch1_pk_drp2列信息获取耗时: 47.00毫秒
select "id",CONVERT(varchar(800),"c_dtoffset_0"),CONVERT(varchar(800),"c_dtoffset_1"),CONVERT(varchar(800),"c_dtoffset_2"),CONVERT(varchar(800),"c_dtoffset_3"),CONVERT(varchar(800),"c_dtoffset_4"),CONVERT(varchar(800),"c_dtoffset_5"),CONVERT(varchar(800),"c_dtoffset_6"),CONVERT(varchar(800),"c_dtoffset") from [info_datetimeoffset_dml_batch1_pk_drp2]  order by  "id"
~ 空表
[]
表 info_char_dml_batch1_pk_drp1 比对完成，耗时156.00毫秒
表 info_time_dml_single_nopk_irp 开始比对
[0;34m info_time_dml_single_nopk_irp [0m源备字段数相同，源端字段：9 	备端字段9
[0;31m NO! [0m 	 id列源备映射错误，源端为int None位	期望更改为text	实际备端为int None位
[0;31m NO! [0m 	 c_time0列源备映射错误，源端为time None位	期望更改为text	实际备端为time None位
[0;31m NO! [0m 	 c_time1列源备映射错误，源端为time None位	期望更改为text	实际备端为time None位
[0;31m NO! [0m 	 c_time2列源备映射错误，源端为time None位	期望更改为text	实际备端为time None位
[0;31m NO! [0m 	 c_time3列源备映射错误，源端为time None位	期望更改为text	实际备端为time None位
[0;31m NO! [0m 	 c_time4列源备映射错误，源端为time None位	期望更改为text	实际备端为time None位
[0;31m NO! [0m 	 c_time5列源备映射错误，源端为time None位	期望更改为text	实际备端为time None位
[0;31m NO! [0m 	 c_time6列源备映射错误，源端为time None位	期望更改为text	实际备端为time None位
[0;31m NO! [0m 	 c_time列源备映射错误，源端为time None位	期望更改为text	实际备端为time None位
当前线程： ThreadPoolExecutor-9_1 正在获取： info_time_dml_single_nopk_irp 端内容
src:info_date_dml_single_nopk列信息获取耗时: 47.00毫秒
select * from [info_date_dml_single_nopk]
Y 行数相同,源14行,备14行
无主键表
YES! hash比对通过
[]
表 info_time_dml_single_pk_irp 比对完成，耗时172.00毫秒
表 info_geometry_dml_single_nopk_irp 开始比对
[0;34m info_geometry_dml_single_nopk_irp [0m源备字段数相同，源端字段：2 	备端字段2
[0;31m NO! [0m 	 id列源备映射错误，源端为int None位	期望更改为text	实际备端为int None位
[0;31m NO! [0m 	 c_geometry列源备映射错误，源端为geometry -1位	期望更改为text	实际备端为geometry -1位
当前线程： ThreadPoolExecutor-9_3 正在获取： info_geometry_dml_single_nopk_irp 端内容
src:info_time_dml_single_nopk_irp列信息获取耗时: 47.00毫秒
select * from [info_time_dml_single_nopk_irp]
Y 行数相同,源3行,备3行
无主键表
YES! hash比对通过
[]
表 info_datetimeoffset_dml_batch1_pk_drp2 比对完成，耗时156.00毫秒
表 info_datetimeoffset_dml_single_pk_urp 开始比对
[0;34m info_datetimeoffset_dml_single_pk_urp [0m源备字段数相同，源端字段：9 	备端字段9
[0;31m NO! [0m 	 id列源备映射错误，源端为int None位	期望更改为text	实际备端为int None位
[0;31m NO! [0m 	 c_dtoffset_0列源备映射错误，源端为datetimeoffset None位	期望更改为text	实际备端为datetimeoffset None位
[0;31m NO! [0m 	 c_dtoffset_1列源备映射错误，源端为datetimeoffset None位	期望更改为text	实际备端为datetimeoffset None位
[0;31m NO! [0m 	 c_dtoffset_2列源备映射错误，源端为datetimeoffset None位	期望更改为text	实际备端为datetimeoffset None位
[0;31m NO! [0m 	 c_dtoffset_3列源备映射错误，源端为datetimeoffset None位	期望更改为text	实际备端为datetimeoffset None位
[0;31m NO! [0m 	 c_dtoffset_4列源备映射错误，源端为datetimeoffset None位	期望更改为text	实际备端为datetimeoffset None位
[0;31m NO! [0m 	 c_dtoffset_5列源备映射错误，源端为datetimeoffset None位	期望更改为text	实际备端为datetimeoffset None位
[0;31m NO! [0m 	 c_dtoffset_6列源备映射错误，源端为datetimeoffset None位	期望更改为text	实际备端为datetimeoffset None位
[0;31m NO! [0m 	 c_dtoffset列源备映射错误，源端为datetimeoffset None位	期望更改为text	实际备端为datetimeoffset None位
当前线程： ThreadPoolExecutor-9_0 正在获取： info_datetimeoffset_dml_single_pk_urp 端内容
src:info_geometry_dml_single_nopk_irp列信息获取耗时: 47.00毫秒
select "id","c_geometry".STAsText() from [info_geometry_dml_single_nopk_irp]
Y 行数相同,源3行,备3行
无主键表
YES! hash比对通过
[]
表 info_date_dml_single_nopk 比对完成，耗时157.00毫秒
表 info_varbinary_max_dml_single_pk_drp 开始比对
[0;34m info_varbinary_max_dml_single_pk_drp [0m源备字段数相同，源端字段：4 	备端字段4
[0;31m NO! [0m 	 id列源备映射错误，源端为int None位	期望更改为text	实际备端为int None位
[0;31m NO! [0m 	 c_varbinary_max1列源备映射错误，源端为varbinary -1位	期望更改为text	实际备端为varbinary -1位
[0;31m NO! [0m 	 c_varbinary_max2列源备映射错误，源端为varbinary -1位	期望更改为text	实际备端为varbinary -1位
[0;31m NO! [0m 	 c_image3列源备映射错误，源端为image 2147483647位	期望更改为text	实际备端为image 2147483647位
当前线程： ThreadPoolExecutor-9_2 正在获取： info_varbinary_max_dml_single_pk_drp 端内容
src:info_datetimeoffset_dml_single_pk_urp列信息获取耗时: 47.00毫秒
select "id",CONVERT(varchar(800),"c_dtoffset_0"),CONVERT(varchar(800),"c_dtoffset_1"),CONVERT(varchar(800),"c_dtoffset_2"),CONVERT(varchar(800),"c_dtoffset_3"),CONVERT(varchar(800),"c_dtoffset_4"),CONVERT(varchar(800),"c_dtoffset_5"),CONVERT(varchar(800),"c_dtoffset_6"),CONVERT(varchar(800),"c_dtoffset") from [info_datetimeoffset_dml_single_pk_urp]  order by  "id"
Y 行数相同,源14行,备14行
无主键表
YES! hash比对通过
[]
表 info_time_dml_single_nopk_irp 比对完成，耗时172.00毫秒
表 info_date_dml_batch2_pk_irp1 开始比对
[0;34m info_date_dml_batch2_pk_irp1 [0m源备字段数相同，源端字段：2 	备端字段2
[0;31m NO! [0m 	 id列源备映射错误，源端为int None位	期望更改为text	实际备端为int None位
[0;31m NO! [0m 	 c_date列源备映射错误，源端为date None位	期望更改为text	实际备端为date None位
当前线程： ThreadPoolExecutor-9_1 正在获取： info_date_dml_batch2_pk_irp1 端内容
src:info_varbinary_max_dml_single_pk_drp列信息获取耗时: 47.00毫秒
select * from [info_varbinary_max_dml_single_pk_drp]  order by  "id"
Y 行数相同,源9行,备9行
无主键表
YES! hash比对通过
[]
表 info_geometry_dml_single_nopk_irp 比对完成，耗时156.00毫秒
表 info_timestamp_dml_single_nopk_drp 开始比对
[0;34m info_timestamp_dml_single_nopk_drp [0m源备字段数相同，源端字段：2 	备端字段2
[0;31m NO! [0m 	 id列源备映射错误，源端为int None位	期望更改为text	实际备端为int None位
[0;31m NO! [0m 	 c_tiemstamp列源备映射错误，源端为timestamp None位	期望更改为text	实际备端为timestamp None位
当前线程： ThreadPoolExecutor-9_3 正在获取： info_timestamp_dml_single_nopk_drp 端内容
src:info_date_dml_batch2_pk_irp1列信息获取耗时: 47.00毫秒
select * from [info_date_dml_batch2_pk_irp1]  order by  "id"
src:info_timestamp_dml_single_nopk_drp列信息获取耗时: 32.00毫秒
select "id",'timestamp不参与比较' from [info_timestamp_dml_single_nopk_drp]
Y 行数相同,源7行,备7行
无主键表
YES! hash比对通过
[]
表 info_datetimeoffset_dml_single_pk_urp 比对完成，耗时172.00毫秒
表 info_varcharmax_dml_batch1_pk_urp1 开始比对
[0;34m info_varcharmax_dml_batch1_pk_urp1 [0m源备字段数相同，源端字段：3 	备端字段3
[0;31m NO! [0m 	 id列源备映射错误，源端为int None位	期望更改为text	实际备端为int None位
[0;31m NO! [0m 	 c_varchar_max列源备映射错误，源端为varchar -1位	期望更改为text	实际备端为varchar -1位
[0;31m NO! [0m 	 c_nvarchar_max列源备映射错误，源端为nvarchar -1位	期望更改为text	实际备端为nvarchar -1位
当前线程： ThreadPoolExecutor-9_0 正在获取： info_varcharmax_dml_batch1_pk_urp1 端内容
~ 空表
[]
表 info_varbinary_max_dml_single_pk_drp 比对完成，耗时171.00毫秒
表 info_char_dml_single_nopk_drp 开始比对
[0;34m info_char_dml_single_nopk_drp [0m源备字段数相同，源端字段：4 	备端字段4
[0;31m NO! [0m 	 id列源备映射错误，源端为int None位	期望更改为text	实际备端为int None位
[0;31m NO! [0m 	 c_char列源备映射错误，源端为char 1位	期望更改为text	实际备端为char 1位
[0;31m NO! [0m 	 c_char20列源备映射错误，源端为char 20位	期望更改为text	实际备端为char 20位
[0;31m NO! [0m 	 c_char7000列源备映射错误，源端为char 7000位	期望更改为text	实际备端为char 7000位
当前线程： ThreadPoolExecutor-9_2 正在获取： info_char_dml_single_nopk_drp 端内容
src:info_varcharmax_dml_batch1_pk_urp1列信息获取耗时: 31.00毫秒
select "id",CONVERT(nvarchar(max),"c_varchar_max"),"c_nvarchar_max" from [info_varcharmax_dml_batch1_pk_urp1]  order by  "id"
src:info_char_dml_single_nopk_drp列信息获取耗时: 47.00毫秒
select "id",CONVERT(nvarchar(max),"c_char"),CONVERT(nvarchar(max),"c_char20"),CONVERT(nvarchar(max),"c_char7000") from [info_char_dml_single_nopk_drp]
Y 行数相同,源11行,备11行
无主键表
YES! hash比对通过
[]
表 info_date_dml_batch2_pk_irp1 比对完成，耗时156.00毫秒
表 info_binary_dml_batch1_pk_urp1 开始比对
[0;34m info_binary_dml_batch1_pk_urp1 [0m源备字段数相同，源端字段：4 	备端字段4
[0;31m NO! [0m 	 id列源备映射错误，源端为int None位	期望更改为text	实际备端为int None位
[0;31m NO! [0m 	 c_binary列源备映射错误，源端为binary 1位	期望更改为text	实际备端为binary 1位
[0;31m NO! [0m 	 c_binary_20列源备映射错误，源端为binary 20位	期望更改为text	实际备端为binary 20位
[0;31m NO! [0m 	 c_binary_8000列源备映射错误，源端为binary 8000位	期望更改为text	实际备端为binary 8000位
当前线程： ThreadPoolExecutor-9_1 正在获取： info_binary_dml_batch1_pk_urp1 端内容
Y 行数相同,源1行,备1行
无主键表
YES! hash比对通过
[]
表 info_timestamp_dml_single_nopk_drp 比对完成，耗时157.00毫秒
表 info_nvarchar_dml_single_pk 开始比对
[0;34m info_nvarchar_dml_single_pk [0m源备字段数相同，源端字段：4 	备端字段4
[0;31m NO! [0m 	 id列源备映射错误，源端为int None位	期望更改为text	实际备端为int None位
[0;31m NO! [0m 	 c_nvarchar列源备映射错误，源端为nvarchar 2位	期望更改为text	实际备端为nvarchar 2位
[0;31m NO! [0m 	 c_nvarchar20列源备映射错误，源端为nvarchar 40位	期望更改为text	实际备端为nvarchar 40位
[0;31m NO! [0m 	 c_nvarchar4000列源备映射错误，源端为nvarchar 8000位	期望更改为text	实际备端为nvarchar 8000位
当前线程： ThreadPoolExecutor-9_3 正在获取： info_nvarchar_dml_single_pk 端内容
src:info_binary_dml_batch1_pk_urp1列信息获取耗时: 47.00毫秒
select * from [info_binary_dml_batch1_pk_urp1]  order by  "id"
~ 空表
[]
表 info_varcharmax_dml_batch1_pk_urp1 比对完成，耗时156.00毫秒
表 info_sdt_dml_batch1_pk_irp2 开始比对
[0;34m info_sdt_dml_batch1_pk_irp2 [0m源备字段数相同，源端字段：2 	备端字段2
[0;31m NO! [0m 	 id列源备映射错误，源端为int None位	期望更改为text	实际备端为int None位
[0;31m NO! [0m 	 c_sdt列源备映射错误，源端为smalldatetime None位	期望更改为text	实际备端为smalldatetime None位
当前线程： ThreadPoolExecutor-9_0 正在获取： info_sdt_dml_batch1_pk_irp2 端内容
src:info_nvarchar_dml_single_pk列信息获取耗时: 46.00毫秒
select * from [info_nvarchar_dml_single_pk]  order by  "id"
Y 行数相同,源2行,备2行
无主键表
YES! hash比对通过
[]
表 info_char_dml_single_nopk_drp 比对完成，耗时157.00毫秒
表 info_date_dml_batch2_pk_irp2 开始比对
[0;34m info_date_dml_batch2_pk_irp2 [0m源备字段数相同，源端字段：2 	备端字段2
[0;31m NO! [0m 	 id列源备映射错误，源端为int None位	期望更改为text	实际备端为int None位
[0;31m NO! [0m 	 c_date列源备映射错误，源端为date None位	期望更改为text	实际备端为date None位
当前线程： ThreadPoolExecutor-9_2 正在获取： info_date_dml_batch2_pk_irp2 端内容
src:info_sdt_dml_batch1_pk_irp2列信息获取耗时: 32.00毫秒
select * from [info_sdt_dml_batch1_pk_irp2]  order by  "id"
src:info_date_dml_batch2_pk_irp2列信息获取耗时: 47.00毫秒
select * from [info_date_dml_batch2_pk_irp2]  order by  "id"
Y 行数相同,源2行,备2行
无主键表
YES! hash比对通过
[]
表 info_nvarchar_dml_single_pk 比对完成，耗时171.00毫秒
表 info_datetimeoffset_dml_single_pk_drp 开始比对
[0;34m info_datetimeoffset_dml_single_pk_drp [0m源备字段数相同，源端字段：9 	备端字段9
[0;31m NO! [0m 	 id列源备映射错误，源端为int None位	期望更改为text	实际备端为int None位
[0;31m NO! [0m 	 c_dtoffset_0列源备映射错误，源端为datetimeoffset None位	期望更改为text	实际备端为datetimeoffset None位
[0;31m NO! [0m 	 c_dtoffset_1列源备映射错误，源端为datetimeoffset None位	期望更改为text	实际备端为datetimeoffset None位
[0;31m NO! [0m 	 c_dtoffset_2列源备映射错误，源端为datetimeoffset None位	期望更改为text	实际备端为datetimeoffset None位
[0;31m NO! [0m 	 c_dtoffset_3列源备映射错误，源端为datetimeoffset None位	期望更改为text	实际备端为datetimeoffset None位
[0;31m NO! [0m 	 c_dtoffset_4列源备映射错误，源端为datetimeoffset None位	期望更改为text	实际备端为datetimeoffset None位
[0;31m NO! [0m 	 c_dtoffset_5列源备映射错误，源端为datetimeoffset None位	期望更改为text	实际备端为datetimeoffset None位
[0;31m NO! [0m 	 c_dtoffset_6列源备映射错误，源端为datetimeoffset None位	期望更改为text	实际备端为datetimeoffset None位
[0;31m NO! [0m 	 c_dtoffset列源备映射错误，源端为datetimeoffset None位	期望更改为text	实际备端为datetimeoffset None位
当前线程： ThreadPoolExecutor-9_3 正在获取： info_datetimeoffset_dml_single_pk_drp 端内容
Y 行数相同,源10行,备10行
无主键表
YES! hash比对通过
[]
表 info_binary_dml_batch1_pk_urp1 比对完成，耗时219.00毫秒
表 info_int_dml_single_pk_irp 开始比对
[0;34m info_int_dml_single_pk_irp [0m源备字段数相同，源端字段：20 	备端字段20
[0;31m NO! [0m 	 id列源备映射错误，源端为int None位	期望更改为text	实际备端为int None位
[0;31m NO! [0m 	 c_tinyint列源备映射错误，源端为tinyint None位	期望更改为text	实际备端为tinyint None位
[0;31m NO! [0m 	 c_smallint列源备映射错误，源端为smallint None位	期望更改为text	实际备端为smallint None位
[0;31m NO! [0m 	 c_int列源备映射错误，源端为int None位	期望更改为text	实际备端为int None位
[0;31m NO! [0m 	 c_bigint列源备映射错误，源端为bigint None位	期望更改为text	实际备端为bigint None位
[0;31m NO! [0m 	 c_decimal列源备映射错误，源端为decimal None位	期望更改为text	实际备端为decimal None位
[0;31m NO! [0m 	 c_decimal38列源备映射错误，源端为decimal None位	期望更改为text	实际备端为decimal None位
[0;31m NO! [0m 	 c_decimal38_38列源备映射错误，源端为decimal None位	期望更改为text	实际备端为decimal None位
[0;31m NO! [0m 	 c_decimal38_10列源备映射错误，源端为decimal None位	期望更改为text	实际备端为decimal None位
[0;31m NO! [0m 	 c_decimal19_4列源备映射错误，源端为decimal None位	期望更改为text	实际备端为decimal None位
[0;31m NO! [0m 	 c_numeric列源备映射错误，源端为numeric None位	期望更改为text	实际备端为numeric None位
[0;31m NO! [0m 	 c_numeric38列源备映射错误，源端为numeric None位	期望更改为text	实际备端为numeric None位
[0;31m NO! [0m 	 c_numeric38_38列源备映射错误，源端为numeric None位	期望更改为text	实际备端为numeric None位
[0;31m NO! [0m 	 c_numeric38_10列源备映射错误，源端为numeric None位	期望更改为text	实际备端为numeric None位
[0;31m NO! [0m 	 c_numeric18_2列源备映射错误，源端为numeric None位	期望更改为text	实际备端为numeric None位
[0;31m NO! [0m 	 c_float列源备映射错误，源端为float None位	期望更改为text	实际备端为float None位
[0;31m NO! [0m 	 c_real列源备映射错误，源端为real None位	期望更改为text	实际备端为real None位
[0;31m NO! [0m 	 c_money列源备映射错误，源端为money None位	期望更改为text	实际备端为money None位
[0;31m NO! [0m 	 c_smallmoney列源备映射错误，源端为smallmoney None位	期望更改为text	实际备端为smallmoney None位
[0;31m NO! [0m 	 c_bit列源备映射错误，源端为bit None位	期望更改为text	实际备端为bit None位
当前线程： ThreadPoolExecutor-9_1 正在获取： info_int_dml_single_pk_irp 端内容
Y 行数相同,源49行,备49行
无主键表
YES! hash比对通过
[]
表 info_sdt_dml_batch1_pk_irp2 比对完成，耗时172.00毫秒
表 info_datetime2_dml_batch1_pk_irp1 开始比对
[0;34m info_datetime2_dml_batch1_pk_irp1 [0m源备字段数相同，源端字段：9 	备端字段9
[0;31m NO! [0m 	 id列源备映射错误，源端为int None位	期望更改为text	实际备端为int None位
[0;31m NO! [0m 	 c_dt2_0列源备映射错误，源端为datetime2 None位	期望更改为text	实际备端为datetime2 None位
[0;31m NO! [0m 	 c_dt2_1列源备映射错误，源端为datetime2 None位	期望更改为text	实际备端为datetime2 None位
[0;31m NO! [0m 	 c_dt2_2列源备映射错误，源端为datetime2 None位	期望更改为text	实际备端为datetime2 None位
[0;31m NO! [0m 	 c_dt2_3列源备映射错误，源端为datetime2 None位	期望更改为text	实际备端为datetime2 None位
[0;31m NO! [0m 	 c_dt2_4列源备映射错误，源端为datetime2 None位	期望更改为text	实际备端为datetime2 None位
[0;31m NO! [0m 	 c_dt2_5列源备映射错误，源端为datetime2 None位	期望更改为text	实际备端为datetime2 None位
[0;31m NO! [0m 	 c_dt2_6列源备映射错误，源端为datetime2 None位	期望更改为text	实际备端为datetime2 None位
[0;31m NO! [0m 	 c_dt2列源备映射错误，源端为datetime2 None位	期望更改为text	实际备端为datetime2 None位
当前线程： ThreadPoolExecutor-9_0 正在获取： info_datetime2_dml_batch1_pk_irp1 端内容
src:info_datetimeoffset_dml_single_pk_drp列信息获取耗时: 47.00毫秒
select "id",CONVERT(varchar(800),"c_dtoffset_0"),CONVERT(varchar(800),"c_dtoffset_1"),CONVERT(varchar(800),"c_dtoffset_2"),CONVERT(varchar(800),"c_dtoffset_3"),CONVERT(varchar(800),"c_dtoffset_4"),CONVERT(varchar(800),"c_dtoffset_5"),CONVERT(varchar(800),"c_dtoffset_6"),CONVERT(varchar(800),"c_dtoffset") from [info_datetimeoffset_dml_single_pk_drp]  order by  "id"
Y 行数相同,源26行,备26行
无主键表
YES! hash比对通过
[]
表 info_date_dml_batch2_pk_irp2 比对完成，耗时156.00毫秒
表 info_time_dml_single_nopk_urp 开始比对
[0;34m info_time_dml_single_nopk_urp [0m源备字段数相同，源端字段：9 	备端字段9
[0;31m NO! [0m 	 id列源备映射错误，源端为int None位	期望更改为text	实际备端为int None位
[0;31m NO! [0m 	 c_time0列源备映射错误，源端为time None位	期望更改为text	实际备端为time None位
[0;31m NO! [0m 	 c_time1列源备映射错误，源端为time None位	期望更改为text	实际备端为time None位
[0;31m NO! [0m 	 c_time2列源备映射错误，源端为time None位	期望更改为text	实际备端为time None位
[0;31m NO! [0m 	 c_time3列源备映射错误，源端为time None位	期望更改为text	实际备端为time None位
[0;31m NO! [0m 	 c_time4列源备映射错误，源端为time None位	期望更改为text	实际备端为time None位
[0;31m NO! [0m 	 c_time5列源备映射错误，源端为time None位	期望更改为text	实际备端为time None位
[0;31m NO! [0m 	 c_time6列源备映射错误，源端为time None位	期望更改为text	实际备端为time None位
[0;31m NO! [0m 	 c_time列源备映射错误，源端为time None位	期望更改为text	实际备端为time None位
当前线程： ThreadPoolExecutor-9_2 正在获取： info_time_dml_single_nopk_urp 端内容
src:info_int_dml_single_pk_irp列信息获取耗时: 63.00毫秒
select "id","c_tinyint","c_smallint","c_int",convert(decimal(38,0),c_bigint),"c_decimal","c_decimal38","c_decimal38_38","c_decimal38_10","c_decimal19_4","c_numeric","c_numeric38","c_numeric38_38","c_numeric38_10","c_numeric18_2",CONVERT(nvarchar(max),"c_float"),CONVERT(nvarchar(max),"c_real"),"c_money","c_smallmoney","c_bit" from [info_int_dml_single_pk_irp]  order by  "id"
src:info_datetime2_dml_batch1_pk_irp1列信息获取耗时: 47.00毫秒
select * from [info_datetime2_dml_batch1_pk_irp1]  order by  "id"
src:info_time_dml_single_nopk_urp列信息获取耗时: 47.00毫秒
select * from [info_time_dml_single_nopk_urp]
Y 行数相同,源4行,备4行
无主键表
YES! hash比对通过
[]
表 info_datetimeoffset_dml_single_pk_drp 比对完成，耗时157.00毫秒
表 info_nchar_dml_batch2_pk_urp2 开始比对
[0;34m info_nchar_dml_batch2_pk_urp2 [0m源备字段数相同，源端字段：4 	备端字段4
[0;31m NO! [0m 	 id列源备映射错误，源端为int None位	期望更改为text	实际备端为int None位
[0;31m NO! [0m 	 c_nchar列源备映射错误，源端为nchar 2位	期望更改为text	实际备端为nchar 2位
[0;31m NO! [0m 	 c_nchar20列源备映射错误，源端为nchar 40位	期望更改为text	实际备端为nchar 40位
[0;31m NO! [0m 	 c_nchar3500列源备映射错误，源端为nchar 7000位	期望更改为text	实际备端为nchar 7000位
当前线程： ThreadPoolExecutor-9_3 正在获取： info_nchar_dml_batch2_pk_urp2 端内容
Y 行数相同,源23行,备23行
无主键表
YES! hash比对通过
[]
表 info_int_dml_single_pk_irp 比对完成，耗时188.00毫秒
表 info_geometry_dml_single_nopk_urp 开始比对
[0;34m info_geometry_dml_single_nopk_urp [0m源备字段数相同，源端字段：2 	备端字段2
[0;31m NO! [0m 	 id列源备映射错误，源端为int None位	期望更改为text	实际备端为int None位
[0;31m NO! [0m 	 c_geometry列源备映射错误，源端为geometry -1位	期望更改为text	实际备端为geometry -1位
当前线程： ThreadPoolExecutor-9_1 正在获取： info_geometry_dml_single_nopk_urp 端内容
src:info_nchar_dml_batch2_pk_urp2列信息获取耗时: 62.00毫秒
select * from [info_nchar_dml_batch2_pk_urp2]  order by  "id"
Y 行数相同,源7行,备7行
无主键表
YES! hash比对通过
[]
表 info_datetime2_dml_batch1_pk_irp1 比对完成，耗时172.00毫秒
表 info_time_dml_single_pk_urp 开始比对
[0;34m info_time_dml_single_pk_urp [0m源备字段数相同，源端字段：9 	备端字段9
[0;31m NO! [0m 	 id列源备映射错误，源端为int None位	期望更改为text	实际备端为int None位
[0;31m NO! [0m 	 c_time0列源备映射错误，源端为time None位	期望更改为text	实际备端为time None位
[0;31m NO! [0m 	 c_time1列源备映射错误，源端为time None位	期望更改为text	实际备端为time None位
[0;31m NO! [0m 	 c_time2列源备映射错误，源端为time None位	期望更改为text	实际备端为time None位
[0;31m NO! [0m 	 c_time3列源备映射错误，源端为time None位	期望更改为text	实际备端为time None位
[0;31m NO! [0m 	 c_time4列源备映射错误，源端为time None位	期望更改为text	实际备端为time None位
[0;31m NO! [0m 	 c_time5列源备映射错误，源端为time None位	期望更改为text	实际备端为time None位
[0;31m NO! [0m 	 c_time6列源备映射错误，源端为time None位	期望更改为text	实际备端为time None位
[0;31m NO! [0m 	 c_time列源备映射错误，源端为time None位	期望更改为text	实际备端为time None位
当前线程： ThreadPoolExecutor-9_0 正在获取： info_time_dml_single_pk_urp 端内容
Y 行数相同,源5行,备5行
无主键表
YES! hash比对通过
[]
表 info_time_dml_single_nopk_urp 比对完成，耗时187.00毫秒
表 info_datetimeoffset_dml_batch1_pk 开始比对
[0;34m info_datetimeoffset_dml_batch1_pk [0m源备字段数相同，源端字段：9 	备端字段9
[0;31m NO! [0m 	 id列源备映射错误，源端为int None位	期望更改为text	实际备端为int None位
[0;31m NO! [0m 	 c_dtoffset_0列源备映射错误，源端为datetimeoffset None位	期望更改为text	实际备端为datetimeoffset None位
[0;31m NO! [0m 	 c_dtoffset_1列源备映射错误，源端为datetimeoffset None位	期望更改为text	实际备端为datetimeoffset None位
[0;31m NO! [0m 	 c_dtoffset_2列源备映射错误，源端为datetimeoffset None位	期望更改为text	实际备端为datetimeoffset None位
[0;31m NO! [0m 	 c_dtoffset_3列源备映射错误，源端为datetimeoffset None位	期望更改为text	实际备端为datetimeoffset None位
[0;31m NO! [0m 	 c_dtoffset_4列源备映射错误，源端为datetimeoffset None位	期望更改为text	实际备端为datetimeoffset None位
[0;31m NO! [0m 	 c_dtoffset_5列源备映射错误，源端为datetimeoffset None位	期望更改为text	实际备端为datetimeoffset None位
[0;31m NO! [0m 	 c_dtoffset_6列源备映射错误，源端为datetimeoffset None位	期望更改为text	实际备端为datetimeoffset None位
[0;31m NO! [0m 	 c_dtoffset列源备映射错误，源端为datetimeoffset None位	期望更改为text	实际备端为datetimeoffset None位
当前线程： ThreadPoolExecutor-9_2 正在获取： info_datetimeoffset_dml_batch1_pk 端内容
src:info_geometry_dml_single_nopk_urp列信息获取耗时: 47.00毫秒
select "id","c_geometry".STAsText() from [info_geometry_dml_single_nopk_urp]
src:info_time_dml_single_pk_urp列信息获取耗时: 31.00毫秒
select * from [info_time_dml_single_pk_urp]  order by  "id"
src:info_datetimeoffset_dml_batch1_pk列信息获取耗时: 47.00毫秒
select "id",CONVERT(varchar(800),"c_dtoffset_0"),CONVERT(varchar(800),"c_dtoffset_1"),CONVERT(varchar(800),"c_dtoffset_2"),CONVERT(varchar(800),"c_dtoffset_3"),CONVERT(varchar(800),"c_dtoffset_4"),CONVERT(varchar(800),"c_dtoffset_5"),CONVERT(varchar(800),"c_dtoffset_6"),CONVERT(varchar(800),"c_dtoffset") from [info_datetimeoffset_dml_batch1_pk]  order by  "id"
Y 行数相同,源8行,备8行
无主键表
YES! hash比对通过
[]
表 info_nchar_dml_batch2_pk_urp2 比对完成，耗时172.00毫秒
表 info_time_dml_single_nopk_drp 开始比对
[0;34m info_time_dml_single_nopk_drp [0m源备字段数相同，源端字段：9 	备端字段9
[0;31m NO! [0m 	 id列源备映射错误，源端为int None位	期望更改为text	实际备端为int None位
[0;31m NO! [0m 	 c_time0列源备映射错误，源端为time None位	期望更改为text	实际备端为time None位
[0;31m NO! [0m 	 c_time1列源备映射错误，源端为time None位	期望更改为text	实际备端为time None位
[0;31m NO! [0m 	 c_time2列源备映射错误，源端为time None位	期望更改为text	实际备端为time None位
[0;31m NO! [0m 	 c_time3列源备映射错误，源端为time None位	期望更改为text	实际备端为time None位
[0;31m NO! [0m 	 c_time4列源备映射错误，源端为time None位	期望更改为text	实际备端为time None位
[0;31m NO! [0m 	 c_time5列源备映射错误，源端为time None位	期望更改为text	实际备端为time None位
[0;31m NO! [0m 	 c_time6列源备映射错误，源端为time None位	期望更改为text	实际备端为time None位
[0;31m NO! [0m 	 c_time列源备映射错误，源端为time None位	期望更改为text	实际备端为time None位
当前线程： ThreadPoolExecutor-9_3 正在获取： info_time_dml_single_nopk_drp 端内容
Y 行数相同,源6行,备6行
无主键表
YES! hash比对通过
[]
表 info_geometry_dml_single_nopk_urp 比对完成，耗时188.00毫秒
表 info_datetime2_dml_batch1_pk_irp2 开始比对
[0;34m info_datetime2_dml_batch1_pk_irp2 [0m源备字段数相同，源端字段：9 	备端字段9
[0;31m NO! [0m 	 id列源备映射错误，源端为int None位	期望更改为text	实际备端为int None位
[0;31m NO! [0m 	 c_dt2_0列源备映射错误，源端为datetime2 None位	期望更改为text	实际备端为datetime2 None位
[0;31m NO! [0m 	 c_dt2_1列源备映射错误，源端为datetime2 None位	期望更改为text	实际备端为datetime2 None位
[0;31m NO! [0m 	 c_dt2_2列源备映射错误，源端为datetime2 None位	期望更改为text	实际备端为datetime2 None位
[0;31m NO! [0m 	 c_dt2_3列源备映射错误，源端为datetime2 None位	期望更改为text	实际备端为datetime2 None位
[0;31m NO! [0m 	 c_dt2_4列源备映射错误，源端为datetime2 None位	期望更改为text	实际备端为datetime2 None位
[0;31m NO! [0m 	 c_dt2_5列源备映射错误，源端为datetime2 None位	期望更改为text	实际备端为datetime2 None位
[0;31m NO! [0m 	 c_dt2_6列源备映射错误，源端为datetime2 None位	期望更改为text	实际备端为datetime2 None位
[0;31m NO! [0m 	 c_dt2列源备映射错误，源端为datetime2 None位	期望更改为text	实际备端为datetime2 None位
当前线程： ThreadPoolExecutor-9_1 正在获取： info_datetime2_dml_batch1_pk_irp2 端内容
src:info_time_dml_single_nopk_drp列信息获取耗时: 63.00毫秒
select * from [info_time_dml_single_nopk_drp]
Y 行数相同,源5行,备5行
无主键表
YES! hash比对通过
[]
表 info_time_dml_single_pk_urp 比对完成，耗时203.00毫秒
表 info_geometry_dml_single_nopk_drp 开始比对
[0;34m info_geometry_dml_single_nopk_drp [0m源备字段数相同，源端字段：2 	备端字段2
[0;31m NO! [0m 	 id列源备映射错误，源端为int None位	期望更改为text	实际备端为int None位
[0;31m NO! [0m 	 c_geometry列源备映射错误，源端为geometry -1位	期望更改为text	实际备端为geometry -1位
当前线程： ThreadPoolExecutor-9_0 正在获取： info_geometry_dml_single_nopk_drp 端内容
Y 行数相同,源3行,备3行
无主键表
YES! hash比对通过
[]
表 info_datetimeoffset_dml_batch1_pk 比对完成，耗时188.00毫秒
表 info_uniqueidentifier_dml_single_nopk_irp 开始比对
[0;34m info_uniqueidentifier_dml_single_nopk_irp [0m源备字段数相同，源端字段：2 	备端字段2
[0;31m NO! [0m 	 id列源备映射错误，源端为int None位	期望更改为text	实际备端为int None位
[0;31m NO! [0m 	 c_uniqueidentifier列源备映射错误，源端为uniqueidentifier None位	期望更改为text	实际备端为uniqueidentifier None位
当前线程： ThreadPoolExecutor-9_2 正在获取： info_uniqueidentifier_dml_single_nopk_irp 端内容
src:info_datetime2_dml_batch1_pk_irp2列信息获取耗时: 31.00毫秒
select * from [info_datetime2_dml_batch1_pk_irp2]  order by  "id"
src:info_geometry_dml_single_nopk_drp列信息获取耗时: 32.00毫秒
select "id","c_geometry".STAsText() from [info_geometry_dml_single_nopk_drp]
src:info_uniqueidentifier_dml_single_nopk_irp列信息获取耗时: 47.00毫秒
select * from [info_uniqueidentifier_dml_single_nopk_irp]
Y 行数相同,源8行,备8行
无主键表
YES! hash比对通过
[]
表 info_time_dml_single_nopk_drp 比对完成，耗时187.00毫秒
表 info_char_dml_single_nopk 开始比对
[0;34m info_char_dml_single_nopk [0m源备字段数相同，源端字段：4 	备端字段4
[0;31m NO! [0m 	 id列源备映射错误，源端为int None位	期望更改为text	实际备端为int None位
[0;31m NO! [0m 	 c_char列源备映射错误，源端为char 1位	期望更改为text	实际备端为char 1位
[0;31m NO! [0m 	 c_char20列源备映射错误，源端为char 20位	期望更改为text	实际备端为char 20位
[0;31m NO! [0m 	 c_char7000列源备映射错误，源端为char 7000位	期望更改为text	实际备端为char 7000位
当前线程： ThreadPoolExecutor-9_3 正在获取： info_char_dml_single_nopk 端内容
Y 行数相同,源35行,备35行
无主键表
YES! hash比对通过
[]
表 info_datetime2_dml_batch1_pk_irp2 比对完成，耗时203.00毫秒
表 info_varbinary_max_dml_single_pk 开始比对
[0;34m info_varbinary_max_dml_single_pk [0m源备字段数相同，源端字段：4 	备端字段4
[0;31m NO! [0m 	 id列源备映射错误，源端为int None位	期望更改为text	实际备端为int None位
[0;31m NO! [0m 	 c_varbinary_max1列源备映射错误，源端为varbinary -1位	期望更改为text	实际备端为varbinary -1位
[0;31m NO! [0m 	 c_varbinary_max2列源备映射错误，源端为varbinary -1位	期望更改为text	实际备端为varbinary -1位
[0;31m NO! [0m 	 c_image3列源备映射错误，源端为image 2147483647位	期望更改为text	实际备端为image 2147483647位
当前线程： ThreadPoolExecutor-9_1 正在获取： info_varbinary_max_dml_single_pk 端内容
Y 行数相同,源4行,备4行
无主键表
YES! hash比对通过
[]
表 info_geometry_dml_single_nopk_drp 比对完成，耗时203.00毫秒
表 info_varcharmax_dml_batch1_pk_urp2 开始比对
[0;34m info_varcharmax_dml_batch1_pk_urp2 [0m源备字段数相同，源端字段：3 	备端字段3
[0;31m NO! [0m 	 id列源备映射错误，源端为int None位	期望更改为text	实际备端为int None位
[0;31m NO! [0m 	 c_varchar_max列源备映射错误，源端为varchar -1位	期望更改为text	实际备端为varchar -1位
[0;31m NO! [0m 	 c_nvarchar_max列源备映射错误，源端为nvarchar -1位	期望更改为text	实际备端为nvarchar -1位
当前线程： 
ThreadPoolExecutor-9_0 正在获取： info_varcharmax_dml_batch1_pk_urp2 端内容
Y 行数相同,源4行,备4行
无主键表
YES! hash比对通过
[]
表 info_uniqueidentifier_dml_single_nopk_irp 比对完成，耗时187.00毫秒
表 info_time_dml_single_pk_drp 开始比对
[0;34m info_time_dml_single_pk_drp [0m源备字段数相同，源端字段：9 	备端字段9
[0;31m NO! [0m 	 id列源备映射错误，源端为int None位	期望更改为text	实际备端为int None位
[0;31m NO! [0m 	 c_time0列源备映射错误，源端为time None位	期望更改为text	实际备端为time None位
[0;31m NO! [0m 	 c_time1列源备映射错误，源端为time None位	期望更改为text	实际备端为time None位
[0;31m NO! [0m 	 c_time2列源备映射错误，源端为time None位	期望更改为text	实际备端为time None位
[0;31m NO! [0m 	 c_time3列源备映射错误，源端为time None位	期望更改为text	实际备端为time None位
[0;31m NO! [0m 	 c_time4列源备映射错误，源端为time None位	期望更改为text	实际备端为time None位
[0;31m NO! [0m 	 c_time5列源备映射错误，源端为time None位	期望更改为text	实际备端为time None位
[0;31m NO! [0m 	 c_time6列源备映射错误，源端为time None位	期望更改为text	实际备端为time None位
[0;31m NO! [0m 	 c_time列源备映射错误，源端为time None位	期望更改为text	实际备端为time None位
当前线程： ThreadPoolExecutor-9_2 正在获取： info_time_dml_single_pk_drp 端内容
src:info_char_dml_single_nopk列信息获取耗时: 125.00毫秒
select "id",CONVERT(nvarchar(max),"c_char"),CONVERT(nvarchar(max),"c_char20"),CONVERT(nvarchar(max),"c_char7000") from [info_char_dml_single_nopk]
src:info_varbinary_max_dml_single_pk列信息获取耗时: 47.00毫秒
select * from [info_varbinary_max_dml_single_pk]  order by  "id"
src:info_varcharmax_dml_batch1_pk_urp2列信息获取耗时: 47.00毫秒
select "id",CONVERT(nvarchar(max),"c_varchar_max"),"c_nvarchar_max" from [info_varcharmax_dml_batch1_pk_urp2]  order by  "id"
src:info_time_dml_single_pk_drp列信息获取耗时: 47.00毫秒
select * from [info_time_dml_single_pk_drp]  order by  "id"
Y 行数相同,源2行,备2行
无主键表
YES! hash比对通过
[]
表 info_char_dml_single_nopk 比对完成，耗时219.00毫秒
表 info_sdt_dml_batch2_pk_irp1 开始比对
[0;34m info_sdt_dml_batch2_pk_irp1 [0m源备字段数相同，源端字段：2 	备端字段2
[0;31m NO! [0m 	 id列源备映射错误，源端为int None位	期望更改为text	实际备端为int None位
[0;31m NO! [0m 	 c_sdt列源备映射错误，源端为smalldatetime None位	期望更改为text	实际备端为smalldatetime None位
当前线程： ThreadPoolExecutor-9_3 正在获取： info_sdt_dml_batch2_pk_irp1 端内容
Y 行数相同,源1行,备1行
无主键表
YES! hash比对通过
[]
表 info_varbinary_max_dml_single_pk 比对完成，耗时156.00毫秒
表 info_binary_dml_batch1_pk_urp2 开始比对
[0;34m info_binary_dml_batch1_pk_urp2 [0m源备字段数相同，源端字段：4 	备端字段4
[0;31m NO! [0m 	 id列源备映射错误，源端为int None位	期望更改为text	实际备端为int None位
[0;31m NO! [0m 	 c_binary列源备映射错误，源端为binary 1位	期望更改为text	实际备端为binary 1位
[0;31m NO! [0m 	 c_binary_20列源备映射错误，源端为binary 20位	期望更改为text	实际备端为binary 20位
[0;31m NO! [0m 	 c_binary_8000列源备映射错误，源端为binary 8000位	期望更改为text	实际备端为binary 8000位
当前线程： ThreadPoolExecutor-9_1 正在获取： info_binary_dml_batch1_pk_urp2 端内容
src:info_sdt_dml_batch2_pk_irp1列信息获取耗时: 47.00毫秒
select * from [info_sdt_dml_batch2_pk_irp1]  order by  "id"
~ 空表
[]
表 info_varcharmax_dml_batch1_pk_urp2 比对完成，耗时172.00毫秒
表 info_varcharmax_dml_single_pk_irp 开始比对
[0;34m info_varcharmax_dml_single_pk_irp [0m源备字段数相同，源端字段：3 	备端字段3
[0;31m NO! [0m 	 id列源备映射错误，源端为int None位	期望更改为text	实际备端为int None位
[0;31m NO! [0m 	 c_varchar_max列源备映射错误，源端为varchar -1位	期望更改为text	实际备端为varchar -1位
[0;31m NO! [0m 	 c_nvarchar_max列源备映射错误，源端为nvarchar -1位	期望更改为text	实际备端为nvarchar -1位
当前线程： ThreadPoolExecutor-9_0 
正在获取： info_varcharmax_dml_single_pk_irp 端内容
src:info_binary_dml_batch1_pk_urp2列信息获取耗时: 47.00毫秒
select * from [info_binary_dml_batch1_pk_urp2]  order by  "id"
Y 行数相同,源8行,备8行
无主键表
YES! hash比对通过
[]
表 info_time_dml_single_pk_drp 比对完成，耗时219.00毫秒
表 info_char_dml_batch1_pk_drp2 开始比对
[0;34m info_char_dml_batch1_pk_drp2 [0m源备字段数相同，源端字段：4 	备端字段4
[0;31m NO! [0m 	 id列源备映射错误，源端为int None位	期望更改为text	实际备端为int None位
[0;31m NO! [0m 	 c_char列源备映射错误，源端为char 1位	期望更改为text	实际备端为char 1位
[0;31m NO! [0m 	 c_char20列源备映射错误，源端为char 20位	期望更改为text	实际备端为char 20位
[0;31m NO! [0m 	 c_char7000列源备映射错误，源端为char 7000位	期望更改为text	实际备端为char 7000位
当前线程： ThreadPoolExecutor-9_2 正在获取： info_char_dml_batch1_pk_drp2 端内容
src:info_varcharmax_dml_single_pk_irp列信息获取耗时: 47.00毫秒
select "id",CONVERT(nvarchar(max),"c_varchar_max"),"c_nvarchar_max" from [info_varcharmax_dml_single_pk_irp]  order by  "id"
Y 行数相同,源14行,备14行
无主键表
YES! hash比对通过
[]
表 info_sdt_dml_batch2_pk_irp1 比对完成，耗时156.00毫秒
表 info_binary_dml_batch1_pk_drp1 开始比对
[0;34m info_binary_dml_batch1_pk_drp1 [0m源备字段数相同，源端字段：4 	备端字段4
[0;31m NO! [0m 	 id列源备映射错误，源端为int None位	期望更改为text	实际备端为int None位
[0;31m NO! [0m 	 c_binary列源备映射错误，源端为binary 1位	期望更改为text	实际备端为binary 1位
[0;31m NO! [0m 	 c_binary_20列源备映射错误，源端为binary 20位	期望更改为text	实际备端为binary 20位
[0;31m NO! [0m 	 c_binary_8000列源备映射错误，源端为binary 8000位	期望更改为text	实际备端为binary 8000位
当前线程： ThreadPoolExecutor-9_3 正在获取： info_binary_dml_batch1_pk_drp1 端内容
src:info_char_dml_batch1_pk_drp2列信息获取耗时: 47.00毫秒
select "id",CONVERT(nvarchar(max),"c_char"),CONVERT(nvarchar(max),"c_char20"),CONVERT(nvarchar(max),"c_char7000") from [info_char_dml_batch1_pk_drp2]  order by  "id"
src:info_binary_dml_batch1_pk_drp1列信息获取耗时: 47.00毫秒
select * from [info_binary_dml_batch1_pk_drp1]  order by  "id"
Y 行数相同,源10行,备10行
无主键表
YES! hash比对通过
[]
表 info_binary_dml_batch1_pk_urp2 比对完成，耗时203.00毫秒
表 info_time_dml_single_nopk 开始比对
[0;34m info_time_dml_single_nopk [0m源备字段数相同，源端字段：9 	备端字段9
[0;31m NO! [0m 	 id列源备映射错误，源端为int None位	期望更改为text	实际备端为int None位
[0;31m NO! [0m 	 c_time0列源备映射错误，源端为time None位	期望更改为text	实际备端为time None位
[0;31m NO! [0m 	 c_time1列源备映射错误，源端为time None位	期望更改为text	实际备端为time None位
[0;31m NO! [0m 	 c_time2列源备映射错误，源端为time None位	期望更改为text	实际备端为time None位
[0;31m NO! [0m 	 c_time3列源备映射错误，源端为time None位	期望更改为text	实际备端为time None位
[0;31m NO! [0m 	 c_time4列源备映射错误，源端为time None位	期望更改为text	实际备端为time None位
[0;31m NO! [0m 	 c_time5列源备映射错误，源端为time None位	期望更改为text	实际备端为time None位
[0;31m NO! [0m 	 c_time6列源备映射错误，源端为time None位	期望更改为text	实际备端为time None位
[0;31m NO! [0m 	 c_time列源备映射错误，源端为time None位	期望更改为text	实际备端为time None位
当前线程： ThreadPoolExecutor-9_1 正在获取： info_time_dml_single_nopk 端内容
Y 行数相同,源4行,备4行
无主键表
YES! hash比对通过
[]
表 info_varcharmax_dml_single_pk_irp 比对完成，耗时188.00毫秒
表 info_int_dml_single_pk_urp 开始比对
[0;34m info_int_dml_single_pk_urp [0m源备字段数相同，源端字段：20 	备端字段20
[0;31m NO! [0m 	 id列源备映射错误，源端为int None位	期望更改为text	实际备端为int None位
[0;31m NO! [0m 	 c_tinyint列源备映射错误，源端为tinyint None位	期望更改为text	实际备端为tinyint None位
[0;31m NO! [0m 	 c_smallint列源备映射错误，源端为smallint None位	期望更改为text	实际备端为smallint None位
[0;31m NO! [0m 	 c_int列源备映射错误，源端为int None位	期望更改为text	实际备端为int None位
[0;31m NO! [0m 	 c_bigint列源备映射错误，源端为bigint None位	期望更改为text	实际备端为bigint None位
[0;31m NO! [0m 	 c_decimal列源备映射错误，源端为decimal None位	期望更改为text	实际备端为decimal None位
[0;31m NO! [0m 	 c_decimal38列源备映射错误，源端为decimal None位	期望更改为text	实际备端为decimal None位
[0;31m NO! [0m 	 c_decimal38_38列源备映射错误，源端为decimal None位	期望更改为text	实际备端为decimal None位
[0;31m NO! [0m 	 c_decimal38_10列源备映射错误，源端为decimal None位	期望更改为text	实际备端为decimal None位
[0;31m NO! [0m 	 c_decimal19_4列源备映射错误，源端为decimal None位	期望更改为text	实际备端为decimal None位
[0;31m NO! [0m 	 c_numeric列源备映射错误，源端为numeric None位	期望更改为text	实际备端为numeric None位
[0;31m NO! [0m 	 c_numeric38列源备映射错误，源端为numeric None位	期望更改为text	实际备端为numeric None位
[0;31m NO! [0m 	 c_numeric38_38列源备映射错误，源端为numeric None位	期望更改为text	实际备端为numeric None位
[0;31m NO! [0m 	 c_numeric38_10列源备映射错误，源端为numeric None位	期望更改为text	实际备端为numeric None位
[0;31m NO! [0m 	 c_numeric18_2列源备映射错误，源端为numeric None位	期望更改为text	实际备端为numeric None位
[0;31m NO! [0m 	 c_float列源备映射错误，源端为float None位	期望更改为text	实际备端为float None位
[0;31m NO! [0m 	 c_real列源备映射错误，源端为real None位	期望更改为text	实际备端为real None位
[0;31m NO! [0m 	 c_money列源备映射错误，源端为money None位	期望更改为text	实际备端为money None位
[0;31m NO! [0m 	 c_smallmoney列源备映射错误，源端为smallmoney None位	期望更改为text	实际备端为smallmoney None位
[0;31m NO! [0m 	 c_bit列源备映射错误，源端为bit None位	期望更改为text	实际备端为bit None位
当前线程： ThreadPoolExecutor-9_0 正在获取： info_int_dml_single_pk_urp 端内容
Y 行数相同,源2行,备2行
无主键表
YES! hash比对通过
[]
表 info_char_dml_batch1_pk_drp2 比对完成，耗时172.00毫秒
表 info_varcharmax_dml_single_pk_urp 开始比对
[0;34m info_varcharmax_dml_single_pk_urp [0m源备字段数相同，源端字段：3 	备端字段3
[0;31m NO! [0m 	 id列源备映射错误，源端为int None位	期望更改为text	实际备端为int None位
[0;31m NO! [0m 	 c_varchar_max列源备映射错误，源端为varchar -1位	期望更改为text	实际备端为varchar -1位
[0;31m NO! [0m 	 c_nvarchar_max列源备映射错误，源端为nvarchar -1位	期望更改为text	实际备端为nvarchar -1位
当前线程： ThreadPoolExecutor-9_2 正在获取： info_varcharmax_dml_single_pk_urp 端内容
src:info_time_dml_single_nopk列信息获取耗时: 47.00毫秒
select * from [info_time_dml_single_nopk]
src:info_int_dml_single_pk_urp列信息获取耗时: 47.00毫秒
select "id","c_tinyint","c_smallint","c_int",convert(decimal(38,0),c_bigint),"c_decimal","c_decimal38","c_decimal38_38","c_decimal38_10","c_decimal19_4","c_numeric","c_numeric38","c_numeric38_38","c_numeric38_10","c_numeric18_2",CONVERT(nvarchar(max),"c_float"),CONVERT(nvarchar(max),"c_real"),"c_money","c_smallmoney","c_bit" from [info_int_dml_single_pk_urp]  order by  "id"
~ 空表
[]
表 info_binary_dml_batch1_pk_drp1 比对完成，耗时156.00毫秒
表 info_uniqueidentifier_dml_single_nopk_urp 开始比对
[0;34m info_uniqueidentifier_dml_single_nopk_urp [0m源备字段数相同，源端字段：2 	备端字段2
[0;31m NO! [0m 	 id列源备映射错误，源端为int None位	期望更改为text	实际备端为int None位
[0;31m NO! [0m 	 c_uniqueidentifier列源备映射错误，源端为uniqueidentifier None位	期望更改为text	实际备端为uniqueidentifier None位
当前线程： ThreadPoolExecutor-9_3 正在获取： 
info_uniqueidentifier_dml_single_nopk_urp 端内容
src:info_varcharmax_dml_single_pk_urp列信息获取耗时: 47.00毫秒
select "id",CONVERT(nvarchar(max),"c_varchar_max"),"c_nvarchar_max" from [info_varcharmax_dml_single_pk_urp]  order by  "id"
src:info_uniqueidentifier_dml_single_nopk_urp列信息获取耗时: 32.00毫秒
select * from [info_uniqueidentifier_dml_single_nopk_urp]
Y 行数相同,源2行,备2行
无主键表
YES! hash比对通过
[]
表 info_time_dml_single_nopk 比对完成，耗时156.00毫秒
表 info_sdt_dml_single_nopk_irp 开始比对
[0;34m info_sdt_dml_single_nopk_irp [0m源备字段数相同，源端字段：2 	备端字段2
[0;31m NO! [0m 	 id列源备映射错误，源端为int None位	期望更改为text	实际备端为int None位
[0;31m NO! [0m 	 c_sdt列源备映射错误，源端为smalldatetime None位	期望更改为text	实际备端为smalldatetime None位
当前线程： ThreadPoolExecutor-9_1 正在获取： info_sdt_dml_single_nopk_irp 端内容
Y 行数相同,源4行,备4行
无主键表
YES! hash比对通过
[]
表 info_int_dml_single_pk_urp 比对完成，耗时172.00毫秒
表 info_nchar_dml_batch1_pk_drp1 开始比对
[0;34m info_nchar_dml_batch1_pk_drp1 [0m源备字段数相同，源端字段：4 	备端字段4
[0;31m NO! [0m 	 id列源备映射错误，源端为int None位	期望更改为text	实际备端为int None位
[0;31m NO! [0m 	 c_nchar列源备映射错误，源端为nchar 2位	期望更改为text	实际备端为nchar 2位
[0;31m NO! [0m 	 c_nchar20列源备映射错误，源端为nchar 40位	期望更改为text	实际备端为nchar 40位
[0;31m NO! [0m 	 c_nchar3500列源备映射错误，源端为nchar 7000位	期望更改为text	实际备端为nchar 7000位
当前线程： ThreadPoolExecutor-9_0 正在获取： info_nchar_dml_batch1_pk_drp1 端内容
src:info_sdt_dml_single_nopk_irp列信息获取耗时: 32.00毫秒
select * from [info_sdt_dml_single_nopk_irp]
Y 行数相同,源4行,备4行
无主键表
YES! hash比对通过
[]
表 info_varcharmax_dml_single_pk_urp 比对完成，耗时172.00毫秒
表 info_char_dml_batch1_pk 开始比对
[0;34m info_char_dml_batch1_pk [0m源备字段数相同，源端字段：4 	备端字段4
[0;31m NO! [0m 	 id列源备映射错误，源端为int None位	期望更改为text	实际备端为int None位
[0;31m NO! [0m 	 c_char列源备映射错误，源端为char 1位	期望更改为text	实际备端为char 1位
[0;31m NO! [0m 	 c_char20列源备映射错误，源端为char 20位	期望更改为text	实际备端为char 20位
[0;31m NO! [0m 	 c_char7000列源备映射错误，源端为char 7000位	期望更改为text	实际备端为char 7000位
当前线程： 
ThreadPoolExecutor-9_2 正在获取： info_char_dml_batch1_pk 端内容
src:info_nchar_dml_batch1_pk_drp1列信息获取耗时: 47.00毫秒
select * from [info_nchar_dml_batch1_pk_drp1]  order by  "id"
Y 行数相同,源4行,备4行
无主键表
YES! hash比对通过
[]
表 info_uniqueidentifier_dml_single_nopk_urp 比对完成，耗时172.00毫秒
表 info_varchar_dml_single_nopk_irp 开始比对
[0;34m info_varchar_dml_single_nopk_irp [0m源备字段数相同，源端字段：4 	备端字段4
[0;31m NO! [0m 	 id列源备映射错误，源端为int None位	期望更改为text	实际备端为int None位
[0;31m NO! [0m 	 c_varchar列源备映射错误，源端为varchar 1位	期望更改为text	实际备端为varchar 1位
[0;31m NO! [0m 	 c_varchar50列源备映射错误，源端为varchar 50位	期望更改为text	实际备端为varchar 50位
[0;31m NO! [0m 	 c_varchar8000列源备映射错误，源端为varchar 8000位	期望更改为text	实际备端为varchar 8000位
当前线程： ThreadPoolExecutor-9_3 正在获取： info_varchar_dml_single_nopk_irp 端内容
src:info_char_dml_batch1_pk列信息获取耗时: 47.00毫秒
select "id",CONVERT(nvarchar(max),"c_char"),CONVERT(nvarchar(max),"c_char20"),CONVERT(nvarchar(max),"c_char7000") from [info_char_dml_batch1_pk]  order by  "id"
src:info_varchar_dml_single_nopk_irp列信息获取耗时: 47.00毫秒
select "id",CONVERT(nvarchar(max),"c_varchar"),CONVERT(nvarchar(max),"c_varchar50"),CONVERT(nvarchar(max),"c_varchar8000") from [info_varchar_dml_single_nopk_irp]
Y 行数相同,源14行,备14行
无主键表
YES! hash比对通过
[]
表 info_sdt_dml_single_nopk_irp 比对完成，耗时141.00毫秒
表 info_int_dml_single_pk_drp 开始比对
[0;34m info_int_dml_single_pk_drp [0m源备字段数相同，源端字段：20 	备端字段20
[0;31m NO! [0m 	 id列源备映射错误，源端为int None位	期望更改为text	实际备端为int None位
[0;31m NO! [0m 	 c_tinyint列源备映射错误，源端为tinyint None位	期望更改为text	实际备端为tinyint None位
[0;31m NO! [0m 	 c_smallint列源备映射错误，源端为smallint None位	期望更改为text	实际备端为smallint None位
[0;31m NO! [0m 	 c_int列源备映射错误，源端为int None位	期望更改为text	实际备端为int None位
[0;31m NO! [0m 	 c_bigint列源备映射错误，源端为bigint None位	期望更改为text	实际备端为bigint None位
[0;31m NO! [0m 	 c_decimal列源备映射错误，源端为decimal None位	期望更改为text	实际备端为decimal None位
[0;31m NO! [0m 	 c_decimal38列源备映射错误，源端为decimal None位	期望更改为text	实际备端为decimal None位
[0;31m NO! [0m 	 c_decimal38_38列源备映射错误，源端为decimal None位	期望更改为text	实际备端为decimal None位
[0;31m NO! [0m 	 c_decimal38_10列源备映射错误，源端为decimal None位	期望更改为text	实际备端为decimal None位
[0;31m NO! [0m 	 c_decimal19_4列源备映射错误，源端为decimal None位	期望更改为text	实际备端为decimal None位
[0;31m NO! [0m 	 c_numeric列源备映射错误，源端为numeric None位	期望更改为text	实际备端为numeric None位
[0;31m NO! [0m 	 c_numeric38列源备映射错误，源端为numeric None位	期望更改为text	实际备端为numeric None位
[0;31m NO! [0m 	 c_numeric38_38列源备映射错误，源端为numeric None位	期望更改为text	实际备端为numeric None位
[0;31m NO! [0m 	 c_numeric38_10列源备映射错误，源端为numeric None位	期望更改为text	实际备端为numeric None位
[0;31m NO! [0m 	 c_numeric18_2列源备映射错误，源端为numeric None位	期望更改为text	实际备端为numeric None位
[0;31m NO! [0m 	 c_float列源备映射错误，源端为float None位	期望更改为text	实际备端为float None位
[0;31m NO! [0m 	 c_real列源备映射错误，源端为real None位	期望更改为text	实际备端为real None位
[0;31m NO! [0m 	 c_money列源备映射错误，源端为money None位	期望更改为text	实际备端为money None位
[0;31m NO! [0m 	 c_smallmoney列源备映射错误，源端为smallmoney None位	期望更改为text	实际备端为smallmoney None位
[0;31m NO! [0m 	 c_bit列源备映射错误，源端为bit None位	期望更改为text	实际备端为bit None位
当前线程： ThreadPoolExecutor-9_1 正在获取： info_int_dml_single_pk_drp 端内容
~ 空表
[]
表 info_nchar_dml_batch1_pk_drp1 比对完成，耗时156.00毫秒
表 info_nchar_dml_batch1_pk_drp2 开始比对
[0;34m info_nchar_dml_batch1_pk_drp2 [0m源备字段数相同，源端字段：4 	备端字段4
[0;31m NO! [0m 	 id列源备映射错误，源端为int None位	期望更改为text	实际备端为int None位
[0;31m NO! [0m 	 c_nchar列源备映射错误，源端为nchar 2位	期望更改为text	实际备端为nchar 2位
[0;31m NO! [0m 	 c_nchar20列源备映射错误，源端为nchar 40位	期望更改为text	实际备端为nchar 40位
[0;31m NO! [0m 	 c_nchar3500列源备映射错误，源端为nchar 7000位	期望更改为text	实际备端为nchar 7000位
当前线程： ThreadPoolExecutor-9_0 正在获取： info_nchar_dml_batch1_pk_drp2 端内容
src:info_int_dml_single_pk_drp列信息获取耗时: 47.00毫秒
select "id","c_tinyint","c_smallint","c_int",convert(decimal(38,0),c_bigint),"c_decimal","c_decimal38","c_decimal38_38","c_decimal38_10","c_decimal19_4","c_numeric","c_numeric38","c_numeric38_38","c_numeric38_10","c_numeric18_2",CONVERT(nvarchar(max),"c_float"),CONVERT(nvarchar(max),"c_real"),"c_money","c_smallmoney","c_bit" from [info_int_dml_single_pk_drp]  order by  "id"
Y 行数相同,源2行,备2行
无主键表
YES! hash比对通过
[]
表 info_char_dml_batch1_pk 比对完成，耗时156.00毫秒
表 info_datetimeoffset_dml_single_pk 开始比对
[0;34m info_datetimeoffset_dml_single_pk [0m源备字段数相同，源端字段：9 	备端字段9
[0;31m NO! [0m 	 id列源备映射错误，源端为int None位	期望更改为text	实际备端为int None位
[0;31m NO! [0m 	 c_dtoffset_0列源备映射错误，源端为datetimeoffset None位	期望更改为text	实际备端为datetimeoffset None位
[0;31m NO! [0m 	 c_dtoffset_1列源备映射错误，源端为datetimeoffset None位	期望更改为text	实际备端为datetimeoffset None位
[0;31m NO! [0m 	 c_dtoffset_2列源备映射错误，源端为datetimeoffset None位	期望更改为text	实际备端为datetimeoffset None位
[0;31m NO! [0m 	 c_dtoffset_3列源备映射错误，源端为datetimeoffset None位	期望更改为text	实际备端为datetimeoffset None位
[0;31m NO! [0m 	 c_dtoffset_4列源备映射错误，源端为datetimeoffset None位	期望更改为text	实际备端为datetimeoffset None位
[0;31m NO! [0m 	 c_dtoffset_5列源备映射错误，源端为datetimeoffset None位	期望更改为text	实际备端为datetimeoffset None位
[0;31m NO! [0m 	 c_dtoffset_6列源备映射错误，源端为datetimeoffset None位	期望更改为text	实际备端为datetimeoffset None位
[0;31m NO! [0m 	 c_dtoffset列源备映射错误，源端为datetimeoffset None位	期望更改为text	实际备端为datetimeoffset None位
当前线程： ThreadPoolExecutor-9_2 正在获取： info_datetimeoffset_dml_single_pk 端内容
src:info_nchar_dml_batch1_pk_drp2列信息获取耗时: 47.00毫秒
select * from [info_nchar_dml_batch1_pk_drp2]  order by  "id"
Y 行数相同,源15行,备15行
无主键表
YES! hash比对通过
[]
表 info_varchar_dml_single_nopk_irp 比对完成，耗时172.00毫秒
表 info_char_dml_single_pk_irp 开始比对
[0;34m info_char_dml_single_pk_irp [0m源备字段数相同，源端字段：4 	备端字段4
[0;31m NO! [0m 	 id列源备映射错误，源端为int None位	期望更改为text	实际备端为int None位
[0;31m NO! [0m 	 c_CHAR列源备映射错误，源端为char 1位	期望更改为text	实际备端为char 1位
[0;31m NO! [0m 	 c_char20列源备映射错误，源端为char 20位	期望更改为text	实际备端为char 20位
[0;31m NO! [0m 	 c_char8000列源备映射错误，源端为char 8000位	期望更改为text	实际备端为char 8000位
当前线程： ThreadPoolExecutor-9_3 正在获取： info_char_dml_single_pk_irp 端内容
src:info_datetimeoffset_dml_single_pk列信息获取耗时: 63.00毫秒
select "id",CONVERT(varchar(800),"c_dtoffset_0"),CONVERT(varchar(800),"c_dtoffset_1"),CONVERT(varchar(800),"c_dtoffset_2"),CONVERT(varchar(800),"c_dtoffset_3"),CONVERT(varchar(800),"c_dtoffset_4"),CONVERT(varchar(800),"c_dtoffset_5"),CONVERT(varchar(800),"c_dtoffset_6"),CONVERT(varchar(800),"c_dtoffset") from [info_datetimeoffset_dml_single_pk]  order by  "id"
Y 行数相同,源19行,备19行
无主键表
YES! hash比对通过
[]
表 info_int_dml_single_pk_drp 比对完成，耗时188.00毫秒
表 info_date_dml_batch1_pk_urp1 开始比对
[0;34m info_date_dml_batch1_pk_urp1 [0m源备字段数相同，源端字段：2 	备端字段2
[0;31m NO! [0m 	 id列源备映射错误，源端为int None位	期望更改为text	实际备端为int None位
[0;31m NO! [0m 	 c_date列源备映射错误，源端为date None位	期望更改为text	实际备端为date None位
当前线程： 
ThreadPoolExecutor-9_1 正在获取： info_date_dml_batch1_pk_urp1 端内容
src:info_char_dml_single_pk_irp列信息获取耗时: 63.00毫秒
select "id",CONVERT(nvarchar(max),"c_CHAR"),CONVERT(nvarchar(max),"c_char20"),CONVERT(nvarchar(max),"c_char8000") from [info_char_dml_single_pk_irp]  order by  "id"
Y 行数相同,源2行,备2行
无主键表
YES! hash比对通过
[]
表 info_nchar_dml_batch1_pk_drp2 比对完成，耗时156.00毫秒
表 info_varcharmax_dml_batch1_pk_drp1 开始比对
[0;34m info_varcharmax_dml_batch1_pk_drp1 [0m源备字段数相同，源端字段：3 	备端字段3
[0;31m NO! [0m 	 id列源备映射错误，源端为int None位	期望更改为text	实际备端为int None位
[0;31m NO! [0m 	 c_varchar_max列源备映射错误，源端为varchar -1位	期望更改为text	实际备端为varchar -1位
[0;31m NO! [0m 	 c_nvarchar_max列源备映射错误，源端为nvarchar -1位	期望更改为text	实际备端为nvarchar -1位
当前线程： ThreadPoolExecutor-9_0 正在获取： info_varcharmax_dml_batch1_pk_drp1 端内容
src:info_date_dml_batch1_pk_urp1列信息获取耗时: 62.00毫秒
select * from [info_date_dml_batch1_pk_urp1]  order by  "id"
src:info_varcharmax_dml_batch1_pk_drp1列信息获取耗时: 47.00毫秒
select "id",CONVERT(nvarchar(max),"c_varchar_max"),"c_nvarchar_max" from [info_varcharmax_dml_batch1_pk_drp1]  order by  "id"
Y 行数相同,源2行,备2行
无主键表
YES! hash比对通过
[]
表 info_datetimeoffset_dml_single_pk 比对完成，耗时188.00毫秒
表 info_geometry_dml_single_nopk 开始比对
[0;34m info_geometry_dml_single_nopk [0m源备字段数相同，源端字段：2 	备端字段2
[0;31m NO! [0m 	 id列源备映射错误，源端为int None位	期望更改为text	实际备端为int None位
[0;31m NO! [0m 	 c_geometry列源备映射错误，源端为geometry -1位	期望更改为text	实际备端为geometry -1位
当前线程： ThreadPoolExecutor-9_2 正在获取： info_geometry_dml_single_nopk 端内容
src:info_geometry_dml_single_nopk列信息获取耗时: 47.00毫秒
select "id","c_geometry".STAsText() from [info_geometry_dml_single_nopk]
Y 行数相同,源15行,备15行
无主键表
YES! hash比对通过
[]
表 info_char_dml_single_pk_irp 比对完成，耗时219.00毫秒
表 info_sdt_dml_batch2_pk_irp2 开始比对
[0;34m info_sdt_dml_batch2_pk_irp2 [0m源备字段数相同，源端字段：2 	备端字段2
[0;31m NO! [0m 	 id列源备映射错误，源端为int None位	期望更改为text	实际备端为int None位
[0;31m NO! [0m 	 c_sdt列源备映射错误，源端为smalldatetime None位	期望更改为text	实际备端为smalldatetime None位
当前线程： ThreadPoolExecutor-9_3 正在获取： info_sdt_dml_batch2_pk_irp2 端内容
Y 行数相同,源11行,备11行
无主键表
YES! hash比对通过
[]
表 info_date_dml_batch1_pk_urp1 比对完成，耗时171.00毫秒
表 info_uniqueidentifier_dml_single_nopk_drp 开始比对
[0;34m info_uniqueidentifier_dml_single_nopk_drp [0m源备字段数相同，源端字段：2 	备端字段2
[0;31m NO! [0m 	 id列源备映射错误，源端为int None位	期望更改为text	实际备端为int None位
[0;31m NO! [0m 	 c_uniqueidentifier列源备映射错误，源端为uniqueidentifier None位	期望更改为text	实际备端为uniqueidentifier None位
当前线程： ThreadPoolExecutor-9_1 正在获取： info_uniqueidentifier_dml_single_nopk_drp 端内容
src:info_sdt_dml_batch2_pk_irp2列信息获取耗时: 31.00毫秒
select * from [info_sdt_dml_batch2_pk_irp2]  order by  "id"
~ 空表
[]
表 info_varcharmax_dml_batch1_pk_drp1 比对完成，耗时188.00毫秒
表 info_varchar_dml_single_nopk_urp 开始比对
[0;34m info_varchar_dml_single_nopk_urp [0m源备字段数相同，源端字段：4 	备端字段4
[0;31m NO! [0m 	 id列源备映射错误，源端为int None位	期望更改为text	实际备端为int None位
[0;31m NO! [0m 	 c_varchar列源备映射错误，源端为varchar 1位	期望更改为text	实际备端为varchar 1位
[0;31m NO! [0m 	 c_varchar50列源备映射错误，源端为varchar 50位	期望更改为text	实际备端为varchar 50位
[0;31m NO! [0m 	 c_varchar8000列源备映射错误，源端为varchar 8000位	期望更改为text	实际备端为varchar 8000位
当前线程： ThreadPoolExecutor-9_0 正在获取： info_varchar_dml_single_nopk_urp 端内容
src:info_uniqueidentifier_dml_single_nopk_drp列信息获取耗时: 31.00毫秒
select * from [info_uniqueidentifier_dml_single_nopk_drp]
Y 行数相同,源3行,备3行
无主键表
YES! hash比对通过
[]
表 info_geometry_dml_single_nopk 比对完成，耗时172.00毫秒
表 info_uniqueidentifier_dml_single_nopk 开始比对
[0;34m info_uniqueidentifier_dml_single_nopk [0m源备字段数相同，源端字段：2 	备端字段2
[0;31m NO! [0m 	 id列源备映射错误，源端为int None位	期望更改为text	实际备端为int None位
[0;31m NO! [0m 	 c_uniqueidentifier列源备映射错误，源端为uniqueidentifier None位	期望更改为text	实际备端为uniqueidentifier None位
当前线程： ThreadPoolExecutor-9_2 正在获取： info_uniqueidentifier_dml_single_nopk 
端内容
src:info_varchar_dml_single_nopk_urp列信息获取耗时: 47.00毫秒
select "id",CONVERT(nvarchar(max),"c_varchar"),CONVERT(nvarchar(max),"c_varchar50"),CONVERT(nvarchar(max),"c_varchar8000") from [info_varchar_dml_single_nopk_urp]
Y 行数相同,源27行,备27行
无主键表
YES! hash比对通过
[]
表 info_sdt_dml_batch2_pk_irp2 比对完成，耗时140.00毫秒
表 info_datetime2_dml_batch2_pk_irp1 开始比对
[0;34m info_datetime2_dml_batch2_pk_irp1 [0m源备字段数相同，源端字段：9 	备端字段9
[0;31m NO! [0m 	 id列源备映射错误，源端为int None位	期望更改为text	实际备端为int None位
[0;31m NO! [0m 	 c_dt2_0列源备映射错误，源端为datetime2 None位	期望更改为text	实际备端为datetime2 None位
[0;31m NO! [0m 	 c_dt2_1列源备映射错误，源端为datetime2 None位	期望更改为text	实际备端为datetime2 None位
[0;31m NO! [0m 	 c_dt2_2列源备映射错误，源端为datetime2 None位	期望更改为text	实际备端为datetime2 None位
[0;31m NO! [0m 	 c_dt2_3列源备映射错误，源端为datetime2 None位	期望更改为text	实际备端为datetime2 None位
[0;31m NO! [0m 	 c_dt2_4列源备映射错误，源端为datetime2 None位	期望更改为text	实际备端为datetime2 None位
[0;31m NO! [0m 	 c_dt2_5列源备映射错误，源端为datetime2 None位	期望更改为text	实际备端为datetime2 None位
[0;31m NO! [0m 	 c_dt2_6列源备映射错误，源端为datetime2 None位	期望更改为text	实际备端为datetime2 None位
[0;31m NO! [0m 	 c_dt2列源备映射错误，源端为datetime2 None位	期望更改为text	实际备端为datetime2 None位
当前线程： ThreadPoolExecutor-9_3 正在获取： info_datetime2_dml_batch2_pk_irp1 端内容
src:info_uniqueidentifier_dml_single_nopk列信息获取耗时: 46.00毫秒
select * from [info_uniqueidentifier_dml_single_nopk]
Y 行数相同,源1行,备1行
无主键表
YES! hash比对通过
[]
表 info_uniqueidentifier_dml_single_nopk_drp 比对完成，耗时157.00毫秒
表 info_time_dml_single_pk 开始比对
[0;34m info_time_dml_single_pk [0m源备字段数相同，源端字段：9 	备端字段9
[0;31m NO! [0m 	 id列源备映射错误，源端为int None位	期望更改为text	实际备端为int None位
[0;31m NO! [0m 	 c_time0列源备映射错误，源端为time None位	期望更改为text	实际备端为time None位
[0;31m NO! [0m 	 c_time1列源备映射错误，源端为time None位	期望更改为text	实际备端为time None位
[0;31m NO! [0m 	 c_time2列源备映射错误，源端为time None位	期望更改为text	实际备端为time None位
[0;31m NO! [0m 	 c_time3列源备映射错误，源端为time None位	期望更改为text	实际备端为time None位
[0;31m NO! [0m 	 c_time4列源备映射错误，源端为time None位	期望更改为text	实际备端为time None位
[0;31m NO! [0m 	 c_time5列源备映射错误，源端为time None位	期望更改为text	实际备端为time None位
[0;31m NO! [0m 	 c_time6列源备映射错误，源端为time None位	期望更改为text	实际备端为time None位
[0;31m NO! [0m 	 c_time列源备映射错误，源端为time None位	期望更改为text	实际备端为time None位
当前线程： ThreadPoolExecutor-9_1 正在获取： info_time_dml_single_pk 端内容
src:info_datetime2_dml_batch2_pk_irp1列信息获取耗时: 47.00毫秒
select * from [info_datetime2_dml_batch2_pk_irp1]  order by  "id"
Y 行数相同,源8行,备8行
无主键表
YES! hash比对通过
[]
表 info_varchar_dml_single_nopk_urp 比对完成，耗时172.00毫秒
表 info_hierarchyid_dml_single_nopk_irp 开始比对
[0;34m info_hierarchyid_dml_single_nopk_irp [0m源备字段数相同，源端字段：2 	备端字段2
[0;31m NO! [0m 	 id列源备映射错误，源端为int None位	期望更改为text	实际备端为int None位
[0;31m NO! [0m 	 c_hierarchyid列源备映射错误，源端为hierarchyid 892位	期望更改为text	实际备端为hierarchyid 892位
当前线程： ThreadPoolExecutor-9_0 正在获取： info_hierarchyid_dml_single_nopk_irp 端内容
src:info_time_dml_single_pk列信息获取耗时: 47.00毫秒
select * from [info_time_dml_single_pk]  order by  "id"
Y 行数相同,源1行,备1行
无主键表
YES! hash比对通过
[]
表 info_uniqueidentifier_dml_single_nopk 比对完成，耗时156.00毫秒
表 info_binary_dml_batch1_pk_drp2 开始比对
[0;34m info_binary_dml_batch1_pk_drp2 [0m源备字段数相同，源端字段：4 	备端字段4
[0;31m NO! [0m 	 id列源备映射错误，源端为int None位	期望更改为text	实际备端为int None位
[0;31m NO! [0m 	 c_binary列源备映射错误，源端为binary 1位	期望更改为text	实际备端为binary 1位
[0;31m NO! [0m 	 c_binary_20列源备映射错误，源端为binary 20位	期望更改为text	实际备端为binary 20位
[0;31m NO! [0m 	 c_binary_8000列源备映射错误，源端为binary 8000位	期望更改为text	实际备端为binary 8000位
当前线程： ThreadPoolExecutor-9_2 正在获取： info_binary_dml_batch1_pk_drp2 端内容
src:info_hierarchyid_dml_single_nopk_irp列信息获取耗时: 31.00毫秒
select "id",cast("c_hierarchyid" as nvarchar(max)) from [info_hierarchyid_dml_single_nopk_irp]
src:info_binary_dml_batch1_pk_drp2列信息获取耗时: 31.00毫秒
select * from [info_binary_dml_batch1_pk_drp2]  order by  "id"
Y 行数相同,源7行,备7行
无主键表
YES! hash比对通过
[]
表 info_datetime2_dml_batch2_pk_irp1 比对完成，耗时157.00毫秒
表 info_date_dml_batch1_pk_urp2 开始比对
[0;34m info_date_dml_batch1_pk_urp2 [0m源备字段数相同，源端字段：2 	备端字段2
[0;31m NO! [0m 	 id列源备映射错误，源端为int None位	期望更改为text	实际备端为int None位
[0;31m NO! [0m 	 c_date列源备映射错误，源端为date None位	期望更改为text	实际备端为date None位
当前线程： ThreadPoolExecutor-9_3 正在获取： info_date_dml_batch1_pk_urp2 端内容
Y 行数相同,源2行,备2行
无主键表
YES! hash比对通过
[]
表 info_time_dml_single_pk 比对完成，耗时156.00毫秒
表 info_timestamp_dml_single_pk_irp 开始比对
[0;34m info_timestamp_dml_single_pk_irp [0m源备字段数相同，源端字段：2 	备端字段2
[0;31m NO! [0m 	 id列源备映射错误，源端为int None位	期望更改为text	实际备端为int None位
[0;31m NO! [0m 	 c_tiemstamp列源备映射错误，源端为timestamp None位	期望更改为text	实际备端为timestamp None位
当前线程： ThreadPoolExecutor-9_1 正在获取： info_timestamp_dml_single_pk_irp 端内容
src:info_date_dml_batch1_pk_urp2列信息获取耗时: 47.00毫秒
select * from [info_date_dml_batch1_pk_urp2]  order by  "id"
Y 行数相同,源8行,备8行
无主键表
NO! hash比对存在4行差异
[(('tgt', ['2', '']), None, '090d8bcb2d9d15c11e38e2091bef3450'), (('tgt', ['5', '']), None, '82374ec1090b34777f1263e34f705522'), (('src', ['2', '/']), '1863203c3dc3eb634853d840e8a83eec', None), (('src', ['5', '/']), 'f1cad2934f3b4af849d5e55b081255f8', None)]
表 info_hierarchyid_dml_single_nopk_irp 比对完成，耗时140.00毫秒
表 info_varchar_dml_single_nopk_drp 开始比对
[0;34m info_varchar_dml_single_nopk_drp [0m源备字段数相同，源端字段：4 	备端字段4
[0;31m NO! [0m 	 id列源备映射错误，源端为int None位	期望更改为text	实际备端为int None位
[0;31m NO! [0m 	 c_varchar列源备映射错误，源端为varchar 1位	期望更改为text	实际备端为varchar 1位
[0;31m NO! [0m 	 c_varchar50列源备映射错误，源端为varchar 50位	期望更改为text	实际备端为varchar 50位
[0;31m NO! [0m 	 c_varchar8000列源备映射错误，源端为varchar 8000位	期望更改为text	实际备端为varchar 8000位
当前线程： ThreadPoolExecutor-9_0 正在获取： info_varchar_dml_single_nopk_drp 端内容
src:info_timestamp_dml_single_pk_irp列信息获取耗时: 47.00毫秒
select "id",'timestamp不参与比较' from [info_timestamp_dml_single_pk_irp]  order by  "id"
Y 行数相同,源2行,备2行
无主键表
YES! hash比对通过
[]
表 info_binary_dml_batch1_pk_drp2 比对完成，耗时140.00毫秒
表 info_char_dml_single_pk_urp 开始比对
[0;34m info_char_dml_single_pk_urp [0m源备字段数相同，源端字段：4 	备端字段4
[0;31m NO! [0m 	 id列源备映射错误，源端为int None位	期望更改为text	实际备端为int None位
[0;31m NO! [0m 	 c_char列源备映射错误，源端为char 1位	期望更改为text	实际备端为char 1位
[0;31m NO! [0m 	 c_char20列源备映射错误，源端为char 20位	期望更改为text	实际备端为char 20位
[0;31m NO! [0m 	 c_char7000列源备映射错误，源端为char 7000位	期望更改为text	实际备端为char 7000位
当前线程： ThreadPoolExecutor-9_2 正在获取： info_char_dml_single_pk_urp 端内容
src:info_varchar_dml_single_nopk_drp列信息获取耗时: 31.00毫秒
select "id",CONVERT(nvarchar(max),"c_varchar"),CONVERT(nvarchar(max),"c_varchar50"),CONVERT(nvarchar(max),"c_varchar8000") from [info_varchar_dml_single_nopk_drp]
src:info_char_dml_single_pk_urp列信息获取耗时: 47.00毫秒
select "id",CONVERT(nvarchar(max),"c_char"),CONVERT(nvarchar(max),"c_char20"),CONVERT(nvarchar(max),"c_char7000") from [info_char_dml_single_pk_urp]  order by  "id"
Y 行数相同,源11行,备11行
无主键表
YES! hash比对通过
[]
表 info_date_dml_batch1_pk_urp2 比对完成，耗时140.00毫秒
表 info_varcharmax_dml_batch1_pk_drp2 开始比对
[0;34m info_varcharmax_dml_batch1_pk_drp2 [0m源备字段数相同，源端字段：3 	备端字段3
[0;31m NO! [0m 	 id列源备映射错误，源端为int None位	期望更改为text	实际备端为int None位
[0;31m NO! [0m 	 c_varchar_max列源备映射错误，源端为varchar -1位	期望更改为text	实际备端为varchar -1位
[0;31m NO! [0m 	 c_nvarchar_max列源备映射错误，源端为nvarchar -1位	期望更改为text	实际备端为nvarchar -1位
当前线程： ThreadPoolExecutor-9_3 正在获取： info_varcharmax_dml_batch1_pk_drp2 端内容
Y 行数相同,源2行,备2行
无主键表
YES! hash比对通过
[]
表 info_timestamp_dml_single_pk_irp 比对完成，耗时156.00毫秒
表 info_varcharmax_dml_single_pk_drp 开始比对
[0;34m info_varcharmax_dml_single_pk_drp [0m源备字段数相同，源端字段：3 	备端字段3
[0;31m NO! [0m 	 id列源备映射错误，源端为int None位	期望更改为text	实际备端为int None位
[0;31m NO! [0m 	 c_varchar_max列源备映射错误，源端为varchar -1位	期望更改为text	实际备端为varchar -1位
[0;31m NO! [0m 	 c_nvarchar_max列源备映射错误，源端为nvarchar -1位	期望更改为text	实际备端为nvarchar -1位
当前线程： ThreadPoolExecutor-9_1 正在获取： info_varcharmax_dml_single_pk_drp 端内容
src:info_varcharmax_dml_batch1_pk_drp2列信息获取耗时: 47.00毫秒
select "id",CONVERT(nvarchar(max),"c_varchar_max"),"c_nvarchar_max" from [info_varcharmax_dml_batch1_pk_drp2]  order by  "id"
Y 行数相同,源1行,备1行
无主键表
YES! hash比对通过
[]
表 info_varchar_dml_single_nopk_drp 比对完成，耗时156.00毫秒
表 info_sdt_dml_batch1_pk_urp1 开始比对
[0;34m info_sdt_dml_batch1_pk_urp1 [0m源备字段数相同，源端字段：2 	备端字段2
[0;31m NO! [0m 	 id列源备映射错误，源端为int None位	期望更改为text	实际备端为int None位
[0;31m NO! [0m 	 c_sdt列源备映射错误，源端为smalldatetime None位	期望更改为text	实际备端为smalldatetime None位
当前线程： ThreadPoolExecutor-9_0 正在获取： info_sdt_dml_batch1_pk_urp1 端内容
src:info_varcharmax_dml_single_pk_drp列信息获取耗时: 47.00毫秒
select "id",CONVERT(nvarchar(max),"c_varchar_max"),"c_nvarchar_max" from [info_varcharmax_dml_single_pk_drp]  order by  "id"
Y 行数相同,源7行,备7行
无主键表
YES! hash比对通过
[]
表 info_char_dml_single_pk_urp 比对完成，耗时172.00毫秒
表 info_date_dml_batch1_pk_drp1 开始比对
[0;34m info_date_dml_batch1_pk_drp1 [0m源备字段数相同，源端字段：2 	备端字段2
[0;31m NO! [0m 	 id列源备映射错误，源端为int None位	期望更改为text	实际备端为int None位
[0;31m NO! [0m 	 c_date列源备映射错误，源端为date None位	期望更改为text	实际备端为date None位
当前线程： ThreadPoolExecutor-9_2 正在获取： info_date_dml_batch1_pk_drp1 端内容
src:info_sdt_dml_batch1_pk_urp1列信息获取耗时: 47.00毫秒
select * from [info_sdt_dml_batch1_pk_urp1]  order by  "id"
~ 空表
[]
表 info_varcharmax_dml_batch1_pk_drp2 比对完成，耗时157.00毫秒
表 info_varchar_dml_batch1_pk_irp1 开始比对
[0;34m info_varchar_dml_batch1_pk_irp1 [0m源备字段数相同，源端字段：4 	备端字段4
[0;31m NO! [0m 	 id列源备映射错误，源端为int None位	期望更改为text	实际备端为int None位
[0;31m NO! [0m 	 c_varchar列源备映射错误，源端为varchar 1位	期望更改为text	实际备端为varchar 1位
[0;31m NO! [0m 	 c_varchar20列源备映射错误，源端为varchar 20位	期望更改为text	实际备端为varchar 20位
[0;31m NO! [0m 	 c_varchar8000列源备映射错误，源端为varchar 8000位	期望更改为text	实际备端为varchar 8000位
当前线程： ThreadPoolExecutor-9_3 正在获取： info_varchar_dml_batch1_pk_irp1 端内容
src:info_date_dml_batch1_pk_drp1列信息获取耗时: 47.00毫秒
select * from [info_date_dml_batch1_pk_drp1]  order by  "id"
src:info_varchar_dml_batch1_pk_irp1列信息获取耗时: 46.00毫秒
select "id",CONVERT(nvarchar(max),"c_varchar"),CONVERT(nvarchar(max),"c_varchar20"),CONVERT(nvarchar(max),"c_varchar8000") from [info_varchar_dml_batch1_pk_irp1]  order by  "id"
Y 行数相同,源3行,备3行
无主键表
YES! hash比对通过
[]
表 info_varcharmax_dml_single_pk_drp 比对完成，耗时172.00毫秒
表 info_binary_dml_batch1_pk 开始比对
[0;34m info_binary_dml_batch1_pk [0m源备字段数相同，源端字段：4 	备端字段4
[0;31m NO! [0m 	 id列源备映射错误，源端为int None位	期望更改为text	实际备端为int None位
[0;31m NO! [0m 	 c_binary列源备映射错误，源端为binary 1位	期望更改为text	实际备端为binary 1位
[0;31m NO! [0m 	 c_binary_20列源备映射错误，源端为binary 20位	期望更改为text	实际备端为binary 20位
[0;31m NO! [0m 	 c_binary_8000列源备映射错误，源端为binary 8000位	期望更改为text	实际备端为binary 8000位
当前线程： ThreadPoolExecutor-9_1 正在获取： info_binary_dml_batch1_pk 
端内容
Y 行数相同,源14行,备14行
无主键表
YES! hash比对通过
[]
表 info_sdt_dml_batch1_pk_urp1 比对完成，耗时188.00毫秒
表 info_int_dml_single_pk 开始比对
[0;34m info_int_dml_single_pk [0m源备字段数相同，源端字段：20 	备端字段20
[0;31m NO! [0m 	 id列源备映射错误，源端为int None位	期望更改为text	实际备端为int None位
[0;31m NO! [0m 	 c_tinyint列源备映射错误，源端为tinyint None位	期望更改为text	实际备端为tinyint None位
[0;31m NO! [0m 	 c_smallint列源备映射错误，源端为smallint None位	期望更改为text	实际备端为smallint None位
[0;31m NO! [0m 	 c_int列源备映射错误，源端为int None位	期望更改为text	实际备端为int None位
[0;31m NO! [0m 	 c_bigint列源备映射错误，源端为bigint None位	期望更改为text	实际备端为bigint None位
[0;31m NO! [0m 	 c_decimal列源备映射错误，源端为decimal None位	期望更改为text	实际备端为decimal None位
[0;31m NO! [0m 	 c_decimal38列源备映射错误，源端为decimal None位	期望更改为text	实际备端为decimal None位
[0;31m NO! [0m 	 c_decimal38_38列源备映射错误，源端为decimal None位	期望更改为text	实际备端为decimal None位
[0;31m NO! [0m 	 c_decimal38_10列源备映射错误，源端为decimal None位	期望更改为text	实际备端为decimal None位
[0;31m NO! [0m 	 c_decimal19_4列源备映射错误，源端为decimal None位	期望更改为text	实际备端为decimal None位
[0;31m NO! [0m 	 c_numeric列源备映射错误，源端为numeric None位	期望更改为text	实际备端为numeric None位
[0;31m NO! [0m 	 c_numeric38列源备映射错误，源端为numeric None位	期望更改为text	实际备端为numeric None位
[0;31m NO! [0m 	 c_numeric38_38列源备映射错误，源端为numeric None位	期望更改为text	实际备端为numeric None位
[0;31m NO! [0m 	 c_numeric38_10列源备映射错误，源端为numeric None位	期望更改为text	实际备端为numeric None位
[0;31m NO! [0m 	 c_numeric18_2列源备映射错误，源端为numeric None位	期望更改为text	实际备端为numeric None位
[0;31m NO! [0m 	 c_float列源备映射错误，源端为float None位	期望更改为text	实际备端为float None位
[0;31m NO! [0m 	 c_real列源备映射错误，源端为real None位	期望更改为text	实际备端为real None位
[0;31m NO! [0m 	 c_money列源备映射错误，源端为money None位	期望更改为text	实际备端为money None位
[0;31m NO! [0m 	 c_smallmoney列源备映射错误，源端为smallmoney None位	期望更改为text	实际备端为smallmoney None位
[0;31m NO! [0m 	 c_bit列源备映射错误，源端为bit None位	期望更改为text	实际备端为bit None位
当前线程： ThreadPoolExecutor-9_0 正在获取： info_int_dml_single_pk 端内容
src:info_binary_dml_batch1_pk列信息获取耗时: 47.00毫秒
select * from [info_binary_dml_batch1_pk]  order by  "id"
~ 空表
[]
表 info_date_dml_batch1_pk_drp1 比对完成，耗时188.00毫秒
表 info_datetime2_dml_batch2_pk_irp2 开始比对
[0;34m info_datetime2_dml_batch2_pk_irp2 [0m源备字段数相同，源端字段：9 	备端字段9
[0;31m NO! [0m 	 id列源备映射错误，源端为int None位	期望更改为text	实际备端为int None位
[0;31m NO! [0m 	 c_dt2_0列源备映射错误，源端为datetime2 None位	期望更改为text	实际备端为datetime2 None位
[0;31m NO! [0m 	 c_dt2_1列源备映射错误，源端为datetime2 None位	期望更改为text	实际备端为datetime2 None位
[0;31m NO! [0m 	 c_dt2_2列源备映射错误，源端为datetime2 None位	期望更改为text	实际备端为datetime2 None位
[0;31m NO! [0m 	 c_dt2_3列源备映射错误，源端为datetime2 None位	期望更改为text	实际备端为datetime2 None位
[0;31m NO! [0m 	 c_dt2_4列源备映射错误，源端为datetime2 None位	期望更改为text	实际备端为datetime2 None位
[0;31m NO! [0m 	 c_dt2_5列源备映射错误，源端为datetime2 None位	期望更改为text	实际备端为datetime2 None位
[0;31m NO! [0m 	 c_dt2_6列源备映射错误，源端为datetime2 None位	期望更改为text	实际备端为datetime2 None位
[0;31m NO! [0m 	 c_dt2列源备映射错误，源端为datetime2 None位	期望更改为text	实际备端为datetime2 None位
当前线程： 
ThreadPoolExecutor-9_2 正在获取： info_datetime2_dml_batch2_pk_irp2 端内容
src:info_int_dml_single_pk列信息获取耗时: 47.00毫秒
select "id","c_tinyint","c_smallint","c_int",convert(decimal(38,0),c_bigint),"c_decimal","c_decimal38","c_decimal38_38","c_decimal38_10","c_decimal19_4","c_numeric","c_numeric38","c_numeric38_38","c_numeric38_10","c_numeric18_2",CONVERT(nvarchar(max),"c_float"),CONVERT(nvarchar(max),"c_real"),"c_money","c_smallmoney","c_bit" from [info_int_dml_single_pk]  order by  "id"
Y 行数相同,源15行,备15行
无主键表
YES! hash比对通过
[]
表 info_varchar_dml_batch1_pk_irp1 比对完成，耗时203.00毫秒
表 info_varcharmax_dml_single_pk 开始比对
[0;34m info_varcharmax_dml_single_pk [0m源备字段数相同，源端字段：3 	备端字段3
[0;31m NO! [0m 	 id列源备映射错误，源端为int None位	期望更改为text	实际备端为int None位
[0;31m NO! [0m 	 c_varchar_max列源备映射错误，源端为varchar -1位	期望更改为text	实际备端为varchar -1位
[0;31m NO! [0m 	 c_nvarchar_max列源备映射错误，源端为nvarchar -1位	期望更改为text	实际备端为nvarchar -1位
当前线程： ThreadPoolExecutor-9_3 正在获取： info_varcharmax_dml_single_pk 端内容
src:info_datetime2_dml_batch2_pk_irp2列信息获取耗时: 47.00毫秒
select * from [info_datetime2_dml_batch2_pk_irp2]  order by  "id"
Y 行数相同,源3行,备3行
无主键表
YES! hash比对通过
[]
表 info_binary_dml_batch1_pk 比对完成，耗时203.00毫秒
表 info_sdt_dml_batch1_pk_urp2 开始比对
[0;34m info_sdt_dml_batch1_pk_urp2 [0m源备字段数相同，源端字段：2 	备端字段2
[0;31m NO! [0m 	 id列源备映射错误，源端为int None位	期望更改为text	实际备端为int None位
[0;31m NO! [0m 	 c_sdt列源备映射错误，源端为smalldatetime None位	期望更改为text	实际备端为smalldatetime None位
当前线程： ThreadPoolExecutor-9_1 正在获取： info_sdt_dml_batch1_pk_urp2 端内容
src:info_varcharmax_dml_single_pk列信息获取耗时: 62.00毫秒
select "id",CONVERT(nvarchar(max),"c_varchar_max"),"c_nvarchar_max" from [info_varcharmax_dml_single_pk]  order by  "id"
Y 行数相同,源2行,备2行
无主键表
YES! hash比对通过
[]
表 info_int_dml_single_pk 比对完成，耗时250.00毫秒
表 info_sdt_dml_single_nopk_urp 开始比对
[0;34m info_sdt_dml_single_nopk_urp [0m源备字段数相同，源端字段：2 	备端字段2
[0;31m NO! [0m 	 id列源备映射错误，源端为int None位	期望更改为text	实际备端为int None位
[0;31m NO! [0m 	 c_sdt列源备映射错误，源端为smalldatetime None位	期望更改为text	实际备端为smalldatetime None位
当前线程： ThreadPoolExecutor-9_0 
正在获取： info_sdt_dml_single_nopk_urp 端内容
src:info_sdt_dml_batch1_pk_urp2列信息获取耗时: 94.00毫秒
select * from [info_sdt_dml_batch1_pk_urp2]  order by  "id"
Y 行数相同,源19行,备19行
无主键表
YES! hash比对通过
[]
表 info_datetime2_dml_batch2_pk_irp2 比对完成，耗时234.00毫秒
表 info_nchar_dml_batch1_pk 开始比对
[0;34m info_nchar_dml_batch1_pk [0m源备字段数相同，源端字段：4 	备端字段4
[0;31m NO! [0m 	 id列源备映射错误，源端为int None位	期望更改为text	实际备端为int None位
[0;31m NO! [0m 	 c_nchar列源备映射错误，源端为nchar 2位	期望更改为text	实际备端为nchar 2位
[0;31m NO! [0m 	 c_nchar20列源备映射错误，源端为nchar 40位	期望更改为text	实际备端为nchar 40位
[0;31m NO! [0m 	 c_nchar3500列源备映射错误，源端为nchar 7000位	期望更改为text	实际备端为nchar 7000位
当前线程： ThreadPoolExecutor-9_2 正在获取： info_nchar_dml_batch1_pk 端内容
src:info_sdt_dml_single_nopk_urp列信息获取耗时: 31.00毫秒
select * from [info_sdt_dml_single_nopk_urp]
Y 行数相同,源3行,备3行
无主键表
YES! hash比对通过
[]
表 info_varcharmax_dml_single_pk 比对完成，耗时218.00毫秒
表 info_hierarchyid_dml_single_nopk_urp 开始比对
[0;34m info_hierarchyid_dml_single_nopk_urp [0m源备字段数相同，源端字段：2 	备端字段2
[0;31m NO! [0m 	 id列源备映射错误，源端为int None位	期望更改为text	实际备端为int None位
[0;31m NO! [0m 	 c_hierarchyid列源备映射错误，源端为hierarchyid 892位	期望更改为text	实际备端为hierarchyid 892位
当前线程： ThreadPoolExecutor-9_3 正在获取： info_hierarchyid_dml_single_nopk_urp 端内容
src:info_nchar_dml_batch1_pk列信息获取耗时: 47.00毫秒
select * from [info_nchar_dml_batch1_pk]  order by  "id"
Y 行数相同,源14行,备14行
无主键表
YES! hash比对通过
[]
表 info_sdt_dml_batch1_pk_urp2 比对完成，耗时203.00毫秒
表 info_sdt_dml_single_pk_irp 开始比对
[0;34m info_sdt_dml_single_pk_irp [0m源备字段数相同，源端字段：2 	备端字段2
[0;31m NO! [0m 	 id列源备映射错误，源端为int None位	期望更改为text	实际备端为int None位
[0;31m NO! [0m 	 c_sdt列源备映射错误，源端为smalldatetime None位	期望更改为text	实际备端为smalldatetime None位
当前线程： ThreadPoolExecutor-9_1 
正在获取： info_sdt_dml_single_pk_irp 端内容
src:info_hierarchyid_dml_single_nopk_urp列信息获取耗时: 47.00毫秒
select "id",cast("c_hierarchyid" as nvarchar(max)) from [info_hierarchyid_dml_single_nopk_urp]
Y 行数相同,源6行,备6行
无主键表
YES! hash比对通过
[]
表 info_sdt_dml_single_nopk_urp 比对完成，耗时141.00毫秒
表 info_hierarchyid_dml_single_nopk_drp 开始比对
[0;34m info_hierarchyid_dml_single_nopk_drp [0m源备字段数相同，源端字段：2 	备端字段2
[0;31m NO! [0m 	 id列源备映射错误，源端为int None位	期望更改为text	实际备端为int None位
[0;31m NO! [0m 	 c_hierarchyid列源备映射错误，源端为hierarchyid 892位	期望更改为text	实际备端为hierarchyid 892位
当前线程： ThreadPoolExecutor-9_0 正在获取： info_hierarchyid_dml_single_nopk_drp 端内容
src:info_sdt_dml_single_pk_irp列信息获取耗时: 47.00毫秒
select * from [info_sdt_dml_single_pk_irp]  order by  "id"
Y 行数相同,源2行,备2行
无主键表
YES! hash比对通过
[]
表 info_nchar_dml_batch1_pk 比对完成，耗时141.00毫秒
表 info_xml_dml_single_nopk_irp 开始比对
[0;34m info_xml_dml_single_nopk_irp [0m源备字段数相同，源端字段：2 	备端字段2
[0;31m NO! [0m 	 id列源备映射错误，源端为int None位	期望更改为text	实际备端为int None位
[0;31m NO! [0m 	 c_xml列源备映射错误，源端为xml -1位	期望更改为text	实际备端为xml -1位
当前线程： ThreadPoolExecutor-9_2 正在获取： info_xml_dml_single_nopk_irp 端内容
src:info_hierarchyid_dml_single_nopk_drp列信息获取耗时: 31.00毫秒
select "id",cast("c_hierarchyid" as nvarchar(max)) from [info_hierarchyid_dml_single_nopk_drp]
Y 行数相同,源6行,备6行
无主键表
YES! hash比对通过
[]
表 info_hierarchyid_dml_single_nopk_urp 比对完成，耗时141.00毫秒
表 info_nvarchar_dml_batch1_pk_irp1 开始比对
[0;34m info_nvarchar_dml_batch1_pk_irp1 [0m源备字段数相同，源端字段：4 	备端字段4
[0;31m NO! [0m 	 id列源备映射错误，源端为int None位	期望更改为text	实际备端为int None位
[0;31m NO! [0m 	 c_nvarchar列源备映射错误，源端为nvarchar 2位	期望更改为text	实际备端为nvarchar 2位
[0;31m NO! [0m 	 c_nvarchar20列源备映射错误，源端为nvarchar 40位	期望更改为text	实际备端为nvarchar 40位
[0;31m NO! [0m 	 c_nvarchar4000列源备映射错误，源端为nvarchar 8000位	期望更改为text	实际备端为nvarchar 8000位
当前线程： ThreadPoolExecutor-9_3 
正在获取： info_nvarchar_dml_batch1_pk_irp1 端内容
src:info_xml_dml_single_nopk_irp列信息获取耗时: 47.00毫秒
select * from [info_xml_dml_single_nopk_irp]
Y 行数相同,源14行,备14行
无主键表
YES! hash比对通过
[]
表 info_sdt_dml_single_pk_irp 比对完成，耗时141.00毫秒
表 info_datetime2_dml_batch1_pk_urp1 开始比对
[0;34m info_datetime2_dml_batch1_pk_urp1 [0m源备字段数相同，源端字段：9 	备端字段9
[0;31m NO! [0m 	 id列源备映射错误，源端为int None位	期望更改为text	实际备端为int None位
[0;31m NO! [0m 	 c_dt2_0列源备映射错误，源端为datetime2 None位	期望更改为text	实际备端为datetime2 None位
[0;31m NO! [0m 	 c_dt2_1列源备映射错误，源端为datetime2 None位	期望更改为text	实际备端为datetime2 None位
[0;31m NO! [0m 	 c_dt2_2列源备映射错误，源端为datetime2 None位	期望更改为text	实际备端为datetime2 None位
[0;31m NO! [0m 	 c_dt2_3列源备映射错误，源端为datetime2 None位	期望更改为text	实际备端为datetime2 None位
[0;31m NO! [0m 	 c_dt2_4列源备映射错误，源端为datetime2 None位	期望更改为text	实际备端为datetime2 None位
[0;31m NO! [0m 	 c_dt2_5列源备映射错误，源端为datetime2 None位	期望更改为text	实际备端为datetime2 None位
[0;31m NO! [0m 	 c_dt2_6列源备映射错误，源端为datetime2 None位	期望更改为text	实际备端为datetime2 None位
[0;31m NO! [0m 	 c_dt2列源备映射错误，源端为datetime2 None位	期望更改为text	实际备端为datetime2 None位
当前线程： ThreadPoolExecutor-9_1 正在获取： info_datetime2_dml_batch1_pk_urp1 
端内容
src:info_nvarchar_dml_batch1_pk_irp1列信息获取耗时: 63.00毫秒
select * from [info_nvarchar_dml_batch1_pk_irp1]  order by  "id"
Y 行数相同,源2行,备2行
无主键表
YES! hash比对通过
[]
表 info_hierarchyid_dml_single_nopk_drp 比对完成，耗时140.00毫秒
表 info_varchar_dml_single_nopk 开始比对
[0;34m info_varchar_dml_single_nopk [0m源备字段数相同，源端字段：4 	备端字段4
[0;31m NO! [0m 	 id列源备映射错误，源端为int None位	期望更改为text	实际备端为int None位
[0;31m NO! [0m 	 c_varchar列源备映射错误，源端为varchar 1位	期望更改为text	实际备端为varchar 1位
[0;31m NO! [0m 	 c_varchar50列源备映射错误，源端为varchar 50位	期望更改为text	实际备端为varchar 50位
[0;31m NO! [0m 	 c_varchar8000列源备映射错误，源端为varchar 8000位	期望更改为text	实际备端为varchar 8000位
当前线程： ThreadPoolExecutor-9_0 正在获取： info_varchar_dml_single_nopk 端内容
src:info_datetime2_dml_batch1_pk_urp1列信息获取耗时: 46.00毫秒
select * from [info_datetime2_dml_batch1_pk_urp1]  order by  "id"
Y 行数相同,源5行,备5行
无主键表
YES! hash比对通过
[]
表 info_xml_dml_single_nopk_irp 比对完成，耗时140.00毫秒
表 info_char_dml_single_pk_drp 开始比对
[0;34m info_char_dml_single_pk_drp [0m源备字段数相同，源端字段：4 	备端字段4
[0;31m NO! [0m 	 id列源备映射错误，源端为int None位	期望更改为text	实际备端为int None位
[0;31m NO! [0m 	 c_char列源备映射错误，源端为char 1位	期望更改为text	实际备端为char 1位
[0;31m NO! [0m 	 c_char20列源备映射错误，源端为char 20位	期望更改为text	实际备端为char 20位
[0;31m NO! [0m 	 c_char7000列源备映射错误，源端为char 7000位	期望更改为text	实际备端为char 7000位
当前线程： ThreadPoolExecutor-9_2 正在获取： info_char_dml_single_pk_drp 端内容
src:info_varchar_dml_single_nopk列信息获取耗时: 47.00毫秒
select "id",CONVERT(nvarchar(max),"c_varchar"),CONVERT(nvarchar(max),"c_varchar50"),CONVERT(nvarchar(max),"c_varchar8000") from [info_varchar_dml_single_nopk]
src:info_char_dml_single_pk_drp列信息获取耗时: 47.00毫秒
select "id",CONVERT(nvarchar(max),"c_char"),CONVERT(nvarchar(max),"c_char20"),CONVERT(nvarchar(max),"c_char7000") from [info_char_dml_single_pk_drp]  order by  "id"
Y 行数相同,源16行,备16行
无主键表
YES! hash比对通过
[]
表 info_nvarchar_dml_batch1_pk_irp1 比对完成，耗时188.00毫秒
表 info_timestamp_dml_single_pk_drp 开始比对
[0;34m info_timestamp_dml_single_pk_drp [0m源备字段数相同，源端字段：2 	备端字段2
[0;31m NO! [0m 	 id列源备映射错误，源端为int None位	期望更改为text	实际备端为int None位
[0;31m NO! [0m 	 c_tiemstamp列源备映射错误，源端为timestamp None位	期望更改为text	实际备端为timestamp None位
当前线程： ThreadPoolExecutor-9_3 正在获取： info_timestamp_dml_single_pk_drp 端内容
Y 行数相同,源7行,备7行
无主键表
YES! hash比对通过
[]
表 info_datetime2_dml_batch1_pk_urp1 比对完成，耗时172.00毫秒
表 info_varchar_dml_batch1_pk_irp2 开始比对
[0;34m info_varchar_dml_batch1_pk_irp2 [0m源备字段数相同，源端字段：4 	备端字段4
[0;31m NO! [0m 	 id列源备映射错误，源端为int None位	期望更改为text	实际备端为int None位
[0;31m NO! [0m 	 c_varchar列源备映射错误，源端为varchar 1位	期望更改为text	实际备端为varchar 1位
[0;31m NO! [0m 	 c_varchar20列源备映射错误，源端为varchar 20位	期望更改为text	实际备端为varchar 20位
[0;31m NO! [0m 	 c_varchar8000列源备映射错误，源端为varchar 8000位	期望更改为text	实际备端为varchar 8000位
当前线程： ThreadPoolExecutor-9_1 正在获取： info_varchar_dml_batch1_pk_irp2 端内容
src:info_timestamp_dml_single_pk_drp列信息获取耗时: 46.00毫秒
select "id",'timestamp不参与比较' from [info_timestamp_dml_single_pk_drp]  order by  "id"
Y 行数相同,源2行,备2行
无主键表
YES! hash比对通过
[]
表 info_varchar_dml_single_nopk 比对完成，耗时156.00毫秒
表 info_char_dml_single_pk 开始比对
[0;34m info_char_dml_single_pk [0m源备字段数相同，源端字段：4 	备端字段4
[0;31m NO! [0m 	 id列源备映射错误，源端为int None位	期望更改为text	实际备端为int None位
[0;31m NO! [0m 	 c_char列源备映射错误，源端为char 1位	期望更改为text	实际备端为char 1位
[0;31m NO! [0m 	 c_char20列源备映射错误，源端为char 20位	期望更改为text	实际备端为char 20位
[0;31m NO! [0m 	 c_char7000列源备映射错误，源端为char 7000位	期望更改为text	实际备端为char 7000位
当前线程： ThreadPoolExecutor-9_0 正在获取： info_char_dml_single_pk 端内容
src:info_varchar_dml_batch1_pk_irp2列信息获取耗时: 47.00毫秒
select "id",CONVERT(nvarchar(max),"c_varchar"),CONVERT(nvarchar(max),"c_varchar20"),CONVERT(nvarchar(max),"c_varchar8000") from [info_varchar_dml_batch1_pk_irp2]  order by  "id"
Y 行数相同,源2行,备2行
无主键表
YES! hash比对通过
[]
表 info_char_dml_single_pk_drp 比对完成，耗时172.00毫秒
src:info_char_dml_single_pk列信息获取耗时: 31.00毫秒
select "id",CONVERT(nvarchar(max),"c_char"),CONVERT(nvarchar(max),"c_char20"),CONVERT(nvarchar(max),"c_char7000") from [info_char_dml_single_pk]  order by  "id"
Y 行数相同,源1行,备1行
无主键表
YES! hash比对通过
[]
表 info_timestamp_dml_single_pk_drp 比对完成，耗时140.00毫秒
Y 行数相同,源33行,备33行
无主键表
YES! hash比对通过
[]
表 info_varchar_dml_batch1_pk_irp2 比对完成，耗时203.00毫秒
Y 行数相同,源2行,备2行
无主键表
YES! hash比对通过
[]
表 info_char_dml_single_pk 比对完成，耗时188.00毫秒
总耗时21672.00毫秒
结果存至 2026042223hbase0 工作表
恢复输出流
subprocess done
记录report和规则关系到表
